date,location_id,temperature_c,humidity_pct,pressure_hpa,wind_speed_kmh,wind_direction_deg,dew_point_c,cloud_cover_pct,rainfall_amount_mm,heavy_rain_flag,imd_rain_category
2024-01-01,LOC001,36.66,64.17,1008.64,10.68,242.8,30.75,22.7,1.07,0,Light
2024-01-02,LOC001,34.68,62.21,1004.88,11.38,268.0,26.31,18.1,0.0,0,No Rain
2024-01-03,LOC001,34.14,52.16,1011.58,13.59,173.0,24.67,9.8,0.0,0,No Rain
2024-01-04,LOC001,34.28,63.25,1008.86,12.73,223.5,27.59,2.8,0.0,0,No Rain
2024-01-05,LOC001,40.98,72.16,1013.26,10.37,236.9,32.0,0.0,0.0,0,No Rain
2024-01-06,LOC001,34.44,71.34,1008.59,16.48,235.4,28.16,21.1,5.88,0,Light
2024-01-07,LOC001,33.61,63.14,1007.64,10.26,274.0,25.36,3.0,0.0,0,No Rain
2024-01-08,LOC001,36.9,66.78,1012.32,15.72,204.2,31.45,18.4,0.0,0,No Rain
2024-01-09,LOC001,29.92,69.93,1007.87,12.84,271.7,23.73,18.6,0.0,0,No Rain
2024-01-10,LOC001,33.51,69.46,1009.39,20.62,209.9,27.81,26.6,0.0,0,No Rain
2024-01-11,LOC001,33.97,68.08,1014.84,19.06,237.0,27.02,11.7,0.0,0,No Rain
2024-01-12,LOC001,37.5,63.25,1011.43,12.16,220.6,29.84,12.1,0.0,0,No Rain
2024-01-13,LOC001,34.56,67.42,1009.06,24.27,286.2,26.51,14.7,0.0,0,No Rain
2024-01-14,LOC001,35.02,62.4,1010.93,10.63,242.1,27.77,14.9,0.0,0,No Rain
2024-01-15,LOC001,37.03,69.51,1009.41,14.0,285.4,31.4,36.9,0.0,0,No Rain
2024-01-16,LOC001,33.68,70.54,1011.66,14.53,209.9,27.8,11.3,0.0,0,No Rain
2024-01-17,LOC001,32.47,67.84,1012.97,10.59,223.6,25.42,11.8,0.0,0,No Rain
2024-01-18,LOC001,33.81,68.34,1011.98,13.02,282.3,27.22,12.9,0.0,0,No Rain
2024-01-19,LOC001,34.97,69.69,1014.66,19.1,195.3,29.11,18.5,0.0,0,No Rain
2024-01-20,LOC001,34.83,70.08,1012.15,10.02,201.4,28.98,2.8,0.0,0,No Rain
2024-01-21,LOC001,31.92,68.94,1009.54,15.49,184.8,26.47,19.1,0.0,0,No Rain
2024-01-22,LOC001,32.49,65.88,1009.19,24.45,197.4,26.36,12.6,0.0,0,No Rain
2024-01-23,LOC001,34.17,73.72,1007.9,15.13,228.6,28.06,19.8,0.0,0,No Rain
2024-01-24,LOC001,33.82,69.44,1009.3,17.62,169.4,26.97,9.9,0.0,0,No Rain
2024-01-25,LOC001,34.33,67.31,1011.99,28.44,197.6,27.84,3.6,0.0,0,No Rain
2024-01-26,LOC001,35.65,71.4,1007.97,16.63,192.5,30.18,17.6,0.0,0,No Rain
2024-01-27,LOC001,34.86,88.12,1014.74,16.35,269.5,32.0,22.6,0.0,0,No Rain
2024-01-28,LOC001,34.08,59.86,1017.2,11.35,155.3,25.72,15.8,0.61,0,Light
2024-01-29,LOC001,36.79,65.77,1009.59,10.21,238.7,31.85,33.4,0.0,0,No Rain
2024-01-30,LOC001,29.54,66.12,1010.3,10.33,163.2,23.16,23.7,0.0,0,No Rain
2024-01-31,LOC001,32.84,63.09,1015.83,14.32,246.2,25.76,31.5,0.0,0,No Rain
2024-02-01,LOC001,30.38,62.09,1010.82,10.41,304.9,20.21,4.8,0.0,0,No Rain
2024-02-02,LOC001,29.35,57.2,1010.31,11.88,235.2,20.84,38.5,0.0,0,No Rain
2024-02-03,LOC001,31.29,67.77,1010.91,13.53,232.4,24.94,21.6,0.0,0,No Rain
2024-02-04,LOC001,31.94,77.67,1011.04,23.0,253.5,27.09,17.1,0.0,0,No Rain
2024-02-05,LOC001,31.91,70.1,1013.8,18.4,288.1,26.58,21.3,0.0,0,No Rain
2024-02-06,LOC001,34.11,60.74,1011.36,11.86,234.7,25.72,26.6,0.0,0,No Rain
2024-02-07,LOC001,32.48,71.59,1010.4,19.31,240.5,27.85,15.2,0.0,0,No Rain
2024-02-08,LOC001,32.36,70.12,1012.23,22.03,224.8,27.91,25.7,0.0,0,No Rain
2024-02-09,LOC001,30.74,57.71,1013.34,16.24,256.7,22.27,6.0,9.84,0,Light
2024-02-10,LOC001,31.01,63.07,1012.95,10.43,284.3,23.82,9.9,0.5,0,Light
2024-02-11,LOC001,29.68,56.56,1009.75,10.35,284.4,21.24,29.8,0.0,0,No Rain
2024-02-12,LOC001,31.89,64.97,1012.22,15.48,196.9,25.28,15.9,0.0,0,No Rain
2024-02-13,LOC001,33.79,62.59,1011.59,29.83,269.3,26.39,7.3,0.0,0,No Rain
2024-02-14,LOC001,36.87,67.44,1016.8,13.51,199.3,30.27,24.8,0.0,0,No Rain
2024-02-15,LOC001,30.56,61.4,1014.0,10.32,157.6,23.11,33.8,0.0,0,No Rain
2024-02-16,LOC001,33.29,70.82,1008.11,20.8,303.3,27.4,12.2,0.0,0,No Rain
2024-02-17,LOC001,28.64,73.12,1012.1,12.53,241.1,21.99,9.0,15.5,0,Light
2024-02-18,LOC001,31.99,65.28,1010.63,10.55,166.0,25.14,20.1,0.0,0,No Rain
2024-02-19,LOC001,34.01,74.25,1012.25,12.94,200.1,28.95,30.5,0.0,0,No Rain
2024-02-20,LOC001,35.93,75.53,1008.86,10.12,219.2,31.55,28.7,0.0,0,No Rain
2024-02-21,LOC001,30.85,62.95,1014.06,11.99,159.7,24.15,13.6,0.0,0,No Rain
2024-02-22,LOC001,34.64,65.44,1013.87,21.94,243.2,26.37,14.4,0.0,0,No Rain
2024-02-23,LOC001,31.54,67.42,1008.15,10.32,256.8,24.14,19.9,0.0,0,No Rain
2024-02-24,LOC001,31.34,70.73,1010.3,10.17,211.0,25.06,7.1,0.0,0,No Rain
2024-02-25,LOC001,28.51,63.85,1016.33,10.16,231.4,21.69,27.0,0.0,0,No Rain
2024-02-26,LOC001,31.07,63.67,1009.57,10.94,253.2,23.58,0.0,0.0,0,No Rain
2024-02-27,LOC001,29.95,51.85,1012.86,12.87,242.5,19.55,15.8,0.0,0,No Rain
2024-02-28,LOC001,27.91,66.22,1010.95,11.55,228.1,20.64,4.2,0.0,0,No Rain
2024-02-29,LOC001,31.47,70.46,1011.4,10.36,289.2,27.47,25.1,0.0,0,No Rain
2024-03-01,LOC001,28.88,63.86,1014.9,13.38,177.6,20.53,20.6,0.0,0,No Rain
2024-03-02,LOC001,29.95,61.25,1009.93,10.76,195.4,20.2,21.8,0.0,0,No Rain
2024-03-03,LOC001,30.31,59.56,1012.01,11.19,240.9,22.62,5.2,0.0,0,No Rain
2024-03-04,LOC001,34.79,74.72,1009.76,11.56,252.8,29.96,0.0,0.0,0,No Rain
2024-03-05,LOC001,31.14,59.58,1008.57,12.63,240.7,22.53,15.5,0.0,0,No Rain
2024-03-06,LOC001,29.33,69.56,1012.74,12.55,287.7,21.83,4.7,0.0,0,No Rain
2024-03-07,LOC001,31.2,61.38,1012.63,17.38,293.2,23.74,10.9,0.0,0,No Rain
2024-03-08,LOC001,29.74,63.09,1012.14,11.78,313.0,22.14,24.5,0.0,0,No Rain
2024-03-09,LOC001,26.22,58.95,1014.04,12.8,196.3,18.27,12.8,0.0,0,No Rain
2024-03-10,LOC001,32.0,65.58,1007.72,10.6,275.8,25.52,27.5,0.0,0,No Rain
2024-03-11,LOC001,30.49,66.49,1008.69,15.45,197.3,23.85,10.2,0.0,0,No Rain
2024-03-12,LOC001,29.36,69.98,1010.74,16.38,190.8,23.01,9.5,0.0,0,No Rain
2024-03-13,LOC001,31.71,73.14,1007.33,11.7,241.2,24.92,30.0,0.0,0,No Rain
2024-03-14,LOC001,30.26,80.86,1011.69,14.77,259.0,26.6,19.4,0.0,0,No Rain
2024-03-15,LOC001,33.58,73.07,1011.87,20.39,234.0,27.4,13.7,0.0,0,No Rain
2024-03-16,LOC001,34.82,68.15,1011.02,16.5,212.9,29.13,0.0,0.0,0,No Rain
2024-03-17,LOC001,27.08,57.23,1007.66,12.41,219.6,18.33,12.3,0.0,0,No Rain
2024-03-18,LOC001,31.2,64.06,1016.04,10.05,275.1,23.19,20.2,0.0,0,No Rain
2024-03-19,LOC001,28.97,58.36,1011.42,13.62,236.3,20.66,14.8,0.0,0,No Rain
2024-03-20,LOC001,29.21,65.93,1011.33,13.33,208.3,23.51,0.0,0.0,0,No Rain
2024-03-21,LOC001,31.86,52.56,1012.14,21.68,219.8,21.24,7.2,0.0,0,No Rain
2024-03-22,LOC001,28.57,64.58,1013.75,10.11,280.9,20.92,7.7,0.0,0,No Rain
2024-03-23,LOC001,28.17,67.94,1010.54,11.12,220.8,22.33,19.4,0.0,0,No Rain
2024-03-24,LOC001,32.44,58.96,1012.9,10.05,217.6,22.9,32.6,0.0,0,No Rain
2024-03-25,LOC001,28.03,71.3,1014.7,11.25,159.9,21.27,32.6,0.0,0,No Rain
2024-03-26,LOC001,25.5,61.73,1010.05,18.11,246.0,18.63,14.7,0.0,0,No Rain
2024-03-27,LOC001,28.21,64.66,1016.8,11.19,256.9,21.28,13.2,0.0,0,No Rain
2024-03-28,LOC001,26.3,65.61,1011.9,11.28,190.9,21.02,22.2,0.0,0,No Rain
2024-03-29,LOC001,29.32,70.9,1008.91,19.83,250.4,22.02,2.2,0.0,0,No Rain
2024-03-30,LOC001,28.04,66.19,1009.89,11.36,173.7,22.36,6.2,0.0,0,No Rain
2024-03-31,LOC001,26.78,80.8,1011.65,10.97,237.2,22.48,16.2,0.0,0,No Rain
2024-04-01,LOC001,25.23,71.0,1011.3,14.7,300.8,18.18,11.2,0.0,0,No Rain
2024-04-02,LOC001,29.81,70.91,1006.98,10.42,275.8,23.93,21.4,0.0,0,No Rain
2024-04-03,LOC001,30.61,65.79,1012.79,14.75,273.2,23.4,21.5,0.0,0,No Rain
2024-04-04,LOC001,29.28,66.32,1013.43,10.17,235.4,21.68,25.7,0.0,0,No Rain
2024-04-05,LOC001,30.62,64.59,1013.73,10.18,209.4,22.41,20.2,0.0,0,No Rain
2024-04-06,LOC001,28.74,62.2,1010.74,11.55,235.4,22.34,17.1,0.0,0,No Rain
2024-04-07,LOC001,29.98,66.77,1011.59,21.22,272.6,24.31,8.3,0.0,0,No Rain
2024-04-08,LOC001,32.78,62.9,1007.18,15.38,159.7,25.03,12.3,0.0,0,No Rain
2024-04-09,LOC001,26.12,58.77,1011.3,11.97,239.4,17.02,22.0,0.0,0,No Rain
2024-04-10,LOC001,30.05,63.79,1017.16,10.76,203.4,22.94,20.1,0.0,0,No Rain
2024-04-11,LOC001,24.88,65.52,1009.83,16.08,207.8,17.59,13.5,0.0,0,No Rain
2024-04-12,LOC001,30.81,61.65,1012.25,11.05,214.9,23.31,0.0,0.0,0,No Rain
2024-04-13,LOC001,26.24,66.06,1009.86,18.82,214.5,19.89,26.0,0.0,0,No Rain
2024-04-14,LOC001,27.52,60.29,1013.6,12.77,192.0,19.16,17.4,0.0,0,No Rain
2024-04-15,LOC001,20.86,59.86,1010.17,14.57,271.8,11.52,19.8,0.0,0,No Rain
2024-04-16,LOC001,28.96,71.73,1012.4,17.29,258.6,24.16,26.9,0.0,0,No Rain
2024-04-17,LOC001,26.43,67.96,1010.97,11.67,235.9,19.47,20.1,0.0,0,No Rain
2024-04-18,LOC001,27.75,72.75,1013.43,25.93,170.4,21.21,22.6,0.0,0,No Rain
2024-04-19,LOC001,30.63,66.36,1012.01,23.22,293.1,24.87,0.7,0.0,0,No Rain
2024-04-20,LOC001,26.71,66.24,1010.48,13.52,237.0,20.91,0.0,15.5,0,Light
2024-04-21,LOC001,26.44,67.34,1011.06,15.92,148.6,19.47,34.0,0.0,0,No Rain
2024-04-22,LOC001,25.06,64.01,1008.84,10.38,258.3,18.76,28.3,0.0,0,No Rain
2024-04-23,LOC001,28.79,64.48,1008.32,11.31,296.4,21.65,17.6,0.0,0,No Rain
2024-04-24,LOC001,26.03,61.06,1008.26,18.02,287.8,18.64,14.9,0.0,0,No Rain
2024-04-25,LOC001,28.1,67.82,1012.54,13.97,254.3,21.82,22.3,0.0,0,No Rain
2024-04-26,LOC001,25.32,64.78,1009.7,10.93,302.0,17.68,15.0,0.0,0,No Rain
2024-04-27,LOC001,29.03,61.16,1010.7,10.33,229.0,20.9,0.0,0.0,0,No Rain
2024-04-28,LOC001,29.36,58.51,1008.97,11.14,228.1,22.99,14.9,0.0,0,No Rain
2024-04-29,LOC001,26.84,65.24,1009.2,11.76,231.5,19.09,12.4,0.0,0,No Rain
2024-04-30,LOC001,29.24,68.82,1014.89,10.16,267.0,24.45,18.7,0.0,0,No Rain
2024-05-01,LOC001,28.87,70.35,1011.17,17.46,268.0,24.6,11.4,0.0,0,No Rain
2024-05-02,LOC001,26.32,67.77,1009.26,18.88,210.6,19.05,13.0,0.0,0,No Rain
2024-05-03,LOC001,26.99,79.39,1008.55,33.09,260.1,22.89,19.5,0.0,0,No Rain
2024-05-04,LOC001,26.01,67.81,1010.24,18.77,163.3,20.32,27.0,0.0,0,No Rain
2024-05-05,LOC001,24.54,57.75,1006.98,15.83,310.1,16.95,17.9,0.0,0,No Rain
2024-05-06,LOC001,23.7,63.1,1014.58,15.94,285.2,16.65,11.4,0.0,0,No Rain
2024-05-07,LOC001,25.85,62.51,1011.7,13.37,218.3,18.79,14.6,0.0,0,No Rain
2024-05-08,LOC001,22.47,67.95,1009.98,24.61,185.2,16.7,5.8,0.0,0,No Rain
2024-05-09,LOC001,25.98,68.62,1007.0,10.96,219.1,19.77,5.5,0.0,0,No Rain
2024-05-10,LOC001,26.39,73.94,1014.64,11.39,264.0,21.85,30.5,0.0,0,No Rain
2024-05-11,LOC001,27.66,69.12,1010.13,11.13,245.2,21.42,17.9,0.0,0,No Rain
2024-05-12,LOC001,26.62,60.33,1011.08,10.83,150.1,18.8,22.8,0.0,0,No Rain
2024-05-13,LOC001,28.87,49.16,1008.71,10.78,246.1,19.59,7.9,0.0,0,No Rain
2024-05-14,LOC001,27.42,62.63,1010.41,15.38,238.7,19.92,38.3,0.0,0,No Rain
2024-05-15,LOC001,27.26,72.84,1011.38,15.17,248.0,22.34,6.9,0.0,0,No Rain
2024-05-16,LOC001,25.31,68.32,1010.73,18.84,243.2,19.25,32.6,0.0,0,No Rain
2024-05-17,LOC001,26.36,72.32,1013.51,16.41,252.8,20.59,32.1,0.0,0,No Rain
2024-05-18,LOC001,27.09,60.37,1008.15,12.68,172.4,18.45,33.8,0.0,0,No Rain
2024-05-19,LOC001,25.57,58.6,1011.31,15.07,202.0,16.74,40.8,0.0,0,No Rain
2024-05-20,LOC001,26.97,73.29,1007.41,14.13,164.2,23.49,25.5,0.0,0,No Rain
2024-05-21,LOC001,28.04,71.66,1010.26,21.13,245.7,21.77,15.5,0.0,0,No Rain
2024-05-22,LOC001,25.11,60.63,1011.34,12.15,285.7,18.45,26.0,0.0,0,No Rain
2024-05-23,LOC001,24.89,65.19,1008.46,13.64,252.0,17.45,21.5,0.0,0,No Rain
2024-05-24,LOC001,29.66,66.09,1011.2,22.76,212.8,23.84,22.1,0.0,0,No Rain
2024-05-25,LOC001,25.47,62.56,1013.76,19.87,218.0,16.99,11.4,0.0,0,No Rain
2024-05-26,LOC001,28.49,63.18,1009.2,14.57,241.2,22.9,5.9,0.0,0,No Rain
2024-05-27,LOC001,28.16,69.02,1013.95,13.82,294.9,21.52,4.6,0.0,0,No Rain
2024-05-28,LOC001,27.53,66.53,1008.88,12.89,295.6,21.62,29.3,0.0,0,No Rain
2024-05-29,LOC001,28.06,76.31,1008.14,12.41,201.5,23.35,10.6,48.8,0,Moderate
2024-05-30,LOC001,27.15,54.58,1011.82,15.09,296.9,18.4,11.2,0.0,0,No Rain
2024-05-31,LOC001,26.84,60.59,1012.46,11.07,293.3,18.71,31.4,0.0,0,No Rain
2024-06-01,LOC001,23.56,69.81,1001.73,25.34,278.5,17.63,62.5,33.58,0,Moderate
2024-06-02,LOC001,27.42,82.1,1004.84,16.66,194.4,22.38,44.4,0.0,0,No Rain
2024-06-03,LOC001,30.34,69.57,1007.5,34.26,263.5,23.95,44.0,0.0,0,No Rain
2024-06-04,LOC001,26.22,75.77,1008.94,16.32,254.0,21.23,31.8,26.9,0,Moderate
2024-06-05,LOC001,26.42,76.21,1009.56,20.66,230.4,20.61,28.7,0.0,0,No Rain
2024-06-06,LOC001,25.49,79.41,1007.65,16.36,114.5,21.61,42.2,0.74,0,Light
2024-06-07,LOC001,24.54,72.23,1002.36,15.11,207.5,18.66,35.7,16.0,0,Moderate
2024-06-08,LOC001,23.09,81.84,1001.13,15.43,267.4,19.35,49.2,7.91,0,Light
2024-06-09,LOC001,27.94,80.94,1006.08,14.95,126.4,24.82,31.4,25.73,0,Moderate
2024-06-10,LOC001,27.38,64.6,1012.67,15.28,182.3,20.26,51.0,0.0,0,No Rain
2024-06-11,LOC001,24.52,68.13,1003.49,21.02,203.2,18.98,33.3,64.0,0,Moderate
2024-06-12,LOC001,30.6,72.73,1008.21,18.68,262.0,25.17,31.8,5.13,0,Light
2024-06-13,LOC001,25.59,77.47,1005.51,16.28,282.0,22.04,32.8,0.0,0,No Rain
2024-06-14,LOC001,25.45,73.75,1010.48,16.1,258.8,20.69,52.5,0.0,0,No Rain
2024-06-15,LOC001,25.75,74.86,1009.12,17.89,279.0,20.21,48.6,0.0,0,No Rain
2024-06-16,LOC001,29.34,87.16,1008.86,15.42,272.9,27.22,37.2,2.6,0,Light
2024-06-17,LOC001,27.63,77.25,1006.97,23.59,218.9,22.01,48.5,0.0,0,No Rain
2024-06-18,LOC001,26.18,78.06,1010.55,20.08,224.4,22.32,51.1,12.47,0,Light
2024-06-19,LOC001,27.36,72.45,1007.6,22.22,170.3,22.1,56.4,0.0,0,No Rain
2024-06-20,LOC001,22.8,76.83,1009.4,18.92,245.2,17.67,44.1,0.0,0,No Rain
2024-06-21,LOC001,26.23,71.26,1008.17,20.15,174.0,19.53,43.8,0.0,0,No Rain
2024-06-22,LOC001,27.25,85.09,1005.56,27.56,255.9,23.11,28.3,15.5,0,Light
2024-06-23,LOC001,25.11,63.8,1008.08,16.86,267.3,19.21,31.8,7.11,0,Light
2024-06-24,LOC001,27.16,71.35,1006.11,18.34,237.4,22.91,58.2,0.0,0,No Rain
2024-06-25,LOC001,28.89,79.92,1007.5,15.19,282.5,24.74,34.8,0.0,0,No Rain
2024-06-26,LOC001,28.79,80.46,1004.66,16.46,222.3,24.21,38.0,15.5,0,Light
2024-06-27,LOC001,27.33,79.82,1010.57,15.37,253.3,24.21,36.3,0.0,0,No Rain
2024-06-28,LOC001,30.77,85.62,1003.99,14.98,183.0,28.01,21.7,48.85,0,Moderate
2024-06-29,LOC001,26.67,79.44,1006.19,17.51,228.9,23.97,56.0,0.0,0,No Rain
2024-06-30,LOC001,26.2,78.49,1004.77,20.44,244.1,22.0,29.6,16.0,0,Moderate
2024-07-01,LOC001,24.61,99.0,1000.77,23.37,200.1,24.49,69.9,0.5,0,Light
2024-07-02,LOC001,25.77,96.41,996.92,28.49,208.8,24.17,86.9,4.22,0,Light
2024-07-03,LOC001,23.72,94.0,998.99,30.84,197.6,23.33,100.0,0.5,0,Light
2024-07-04,LOC001,26.16,99.0,998.14,23.96,113.1,25.6,100.0,0.5,0,Light
2024-07-05,LOC001,28.25,96.23,999.21,23.96,198.0,28.43,73.5,9.53,0,Light
2024-07-06,LOC001,24.8,98.96,1003.03,26.33,226.9,23.81,81.1,6.72,0,Light
2024-07-07,LOC001,21.93,97.09,1005.51,29.63,273.2,21.96,79.3,7.09,0,Light
2024-07-08,LOC001,27.32,93.32,994.99,24.05,213.9,26.22,88.8,0.5,0,Light
2024-07-09,LOC001,26.1,97.33,1000.63,39.81,248.1,26.49,95.5,0.8,0,Light
2024-07-10,LOC001,25.85,94.29,1002.27,23.57,243.0,24.06,87.2,0.0,0,No Rain
2024-07-11,LOC001,26.19,99.0,1000.07,30.13,151.8,24.29,75.1,36.88,0,Moderate
2024-07-12,LOC001,24.24,94.45,999.91,24.95,294.6,22.87,93.4,15.5,0,Light
2024-07-13,LOC001,29.03,90.47,1001.64,24.81,211.4,27.29,84.0,21.69,0,Moderate
2024-07-14,LOC001,26.31,99.0,1003.4,34.38,177.3,26.39,86.1,31.12,0,Moderate
2024-07-15,LOC001,27.43,95.09,998.39,31.23,143.1,27.13,75.8,24.43,0,Moderate
2024-07-16,LOC001,27.23,94.33,1003.05,24.56,208.9,26.39,99.6,16.0,0,Moderate
2024-07-17,LOC001,25.68,89.57,998.16,23.43,268.0,24.96,80.1,86.27,1,Heavy
2024-07-18,LOC001,24.88,96.1,998.51,23.63,239.5,24.31,87.6,3.28,0,Light
2024-07-19,LOC001,22.8,91.76,1002.1,32.16,284.9,22.84,70.1,1.22,0,Light
2024-07-20,LOC001,24.57,96.07,1006.25,35.26,223.0,24.96,87.3,16.0,0,Moderate
2024-07-21,LOC001,23.93,94.57,995.66,27.01,194.2,22.31,79.1,26.12,0,Moderate
2024-07-22,LOC001,28.82,92.42,996.14,33.98,234.6,26.68,79.2,100.64,1,Heavy
2024-07-23,LOC001,22.4,99.0,995.67,23.8,201.7,20.99,63.2,0.0,0,No Rain
2024-07-24,LOC001,23.64,99.0,1004.65,30.18,235.8,22.95,74.1,0.58,0,Light
2024-07-25,LOC001,27.57,99.0,999.6,23.57,250.5,27.24,93.5,52.26,0,Moderate
2024-07-26,LOC001,27.38,99.0,994.29,32.55,244.5,27.22,73.7,65.0,1,Heavy
2024-07-27,LOC001,25.75,92.6,1001.06,26.51,280.6,23.58,90.9,1.45,0,Light
2024-07-28,LOC001,27.98,99.0,999.15,29.64,241.5,27.99,79.8,4.14,0,Light
2024-07-29,LOC001,28.83,99.0,1003.64,23.97,185.8,28.45,78.1,143.0,1,Very/Extremely Heavy
2024-07-30,LOC001,24.46,99.0,996.62,27.76,197.8,22.96,93.9,5.25,0,Light
2024-07-31,LOC001,27.27,89.01,1002.19,25.18,230.3,24.2,77.6,1.54,0,Light
2024-08-01,LOC001,27.26,97.26,998.76,39.78,244.8,25.48,66.3,64.0,0,Moderate
2024-08-02,LOC001,31.99,94.57,1003.89,24.44,179.5,30.22,81.8,35.74,0,Moderate
2024-08-03,LOC001,27.2,99.0,1003.58,27.11,308.3,26.64,68.4,1.16,0,Light
2024-08-04,LOC001,28.23,99.0,996.6,23.77,214.3,27.5,89.9,0.0,0,No Rain
2024-08-05,LOC001,28.53,95.71,1001.46,25.12,271.8,26.95,74.6,3.05,0,Light
2024-08-06,LOC001,29.98,97.23,998.81,29.02,216.5,29.87,82.1,84.97,1,Heavy
2024-08-07,LOC001,30.22,95.08,1003.33,27.18,308.3,29.04,90.7,7.34,0,Light
2024-08-08,LOC001,30.24,90.52,994.12,23.27,208.6,29.03,86.3,4.84,0,Light
2024-08-09,LOC001,29.55,99.0,1001.95,23.61,197.2,29.33,64.8,16.0,0,Moderate
2024-08-10,LOC001,28.26,99.0,1000.83,29.57,197.3,27.92,82.0,16.0,0,Moderate
2024-08-11,LOC001,26.41,94.96,997.58,24.79,168.4,25.29,82.0,0.59,0,Light
2024-08-12,LOC001,28.42,95.94,1003.33,26.76,204.0,27.76,70.1,3.62,0,Light
2024-08-13,LOC001,30.02,88.95,1000.99,24.5,156.7,27.79,84.5,16.0,0,Moderate
2024-08-14,LOC001,27.29,95.98,1000.01,30.55,236.2,25.8,92.4,18.46,0,Moderate
2024-08-15,LOC001,30.38,94.93,998.19,25.13,227.4,30.95,96.9,65.0,1,Heavy
2024-08-16,LOC001,30.65,99.0,993.19,23.68,272.3,30.94,93.2,3.12,0,Light
2024-08-17,LOC001,25.92,82.11,997.31,23.45,173.3,21.98,95.7,0.0,0,No Rain
2024-08-18,LOC001,28.1,98.78,1003.42,24.21,227.0,28.63,97.2,6.04,0,Light
2024-08-19,LOC001,31.13,87.68,998.57,32.07,255.5,27.96,67.1,65.0,1,Heavy
2024-08-20,LOC001,29.3,94.52,998.34,25.31,326.5,28.83,81.0,0.0,0,No Rain
2024-08-21,LOC001,28.62,99.0,1001.37,29.19,234.8,29.66,78.8,105.64,1,Heavy
2024-08-22,LOC001,29.44,99.0,1003.3,37.87,175.9,29.38,83.6,1.62,0,Light
2024-08-23,LOC001,29.11,86.03,999.09,35.9,228.4,26.34,83.5,0.0,0,No Rain
2024-08-24,LOC001,28.99,91.99,999.89,27.13,217.3,27.71,95.3,2.21,0,Light
2024-08-25,LOC001,27.15,99.0,1000.24,25.78,248.7,27.21,87.4,16.0,0,Moderate
2024-08-26,LOC001,33.76,96.11,1002.29,26.01,208.8,32.0,89.6,0.5,0,Light
2024-08-27,LOC001,28.43,94.68,997.74,23.44,247.9,27.66,81.7,0.5,0,Light
2024-08-28,LOC001,30.41,96.86,1000.93,29.53,231.1,30.24,80.3,4.94,0,Light
2024-08-29,LOC001,27.34,97.28,997.82,26.0,254.7,26.63,87.5,5.87,0,Light
2024-08-30,LOC001,27.38,94.96,998.64,25.86,198.2,26.64,73.6,0.0,0,No Rain
2024-08-31,LOC001,26.87,91.99,1004.13,28.85,155.3,26.07,74.3,1.24,0,Light
2024-09-01,LOC001,33.62,76.45,1005.13,15.03,213.7,29.46,40.4,0.0,0,No Rain
2024-09-02,LOC001,33.29,79.66,1014.1,16.2,261.2,28.99,53.5,0.0,0,No Rain
2024-09-03,LOC001,31.39,67.66,1007.49,15.69,265.5,24.59,13.3,0.0,0,No Rain
2024-09-04,LOC001,32.68,73.49,1009.91,20.77,191.9,27.72,40.4,49.37,0,Moderate
2024-09-05,LOC001,33.75,61.01,1004.8,15.92,186.6,26.92,47.6,0.0,0,No Rain
2024-09-06,LOC001,29.0,72.3,1009.68,15.67,253.2,24.08,36.8,0.0,0,No Rain
2024-09-07,LOC001,35.45,66.04,1007.73,19.81,197.7,29.04,33.7,0.0,0,No Rain
2024-09-08,LOC001,33.91,67.34,1009.95,15.3,262.1,28.98,70.4,0.0,0,No Rain
2024-09-09,LOC001,34.86,82.34,1008.09,20.09,249.9,30.99,46.1,0.0,0,No Rain
2024-09-10,LOC001,31.66,69.76,1010.16,18.17,267.5,25.6,46.0,0.0,0,No Rain
2024-09-11,LOC001,33.76,73.15,1006.78,22.18,227.1,28.34,43.9,3.56,0,Light
2024-09-12,LOC001,36.57,76.6,1003.75,18.09,209.0,31.09,36.6,0.0,0,No Rain
2024-09-13,LOC001,32.05,71.19,1008.46,21.24,262.4,26.83,25.7,0.0,0,No Rain
2024-09-14,LOC001,33.23,72.52,1004.95,18.75,175.9,28.7,30.7,0.0,0,No Rain
2024-09-15,LOC001,32.09,66.12,1006.44,16.74,223.5,25.44,44.4,0.0,0,No Rain
2024-09-16,LOC001,30.87,79.49,1006.49,16.17,240.4,26.36,22.7,0.0,0,No Rain
2024-09-17,LOC001,33.38,71.81,1011.3,19.75,205.5,26.26,30.1,0.0,0,No Rain
2024-09-18,LOC001,31.73,72.39,1005.21,19.15,189.8,26.28,43.3,90.62,1,Heavy
2024-09-19,LOC001,33.83,86.4,1010.87,16.11,262.5,30.2,47.5,0.0,0,No Rain
2024-09-20,LOC001,36.61,80.3,998.68,26.6,221.4,32.0,56.0,0.0,0,No Rain
2024-09-21,LOC001,35.06,74.99,1007.41,16.04,252.9,30.0,50.6,0.5,0,Light
2024-09-22,LOC001,33.01,76.22,1007.08,20.39,224.7,28.92,35.0,0.0,0,No Rain
2024-09-23,LOC001,30.54,76.46,1007.3,18.93,262.3,25.05,42.9,37.38,0,Moderate
2024-09-24,LOC001,37.23,74.56,1006.07,26.97,239.6,32.0,43.9,0.0,0,No Rain
2024-09-25,LOC001,34.04,80.82,1011.06,20.23,257.3,29.59,39.7,0.0,0,No Rain
2024-09-26,LOC001,34.26,80.96,1005.55,23.9,174.8,31.34,45.8,0.0,0,No Rain
2024-09-27,LOC001,31.35,80.52,1003.48,19.06,148.6,27.01,47.9,0.0,0,No Rain
2024-09-28,LOC001,32.71,76.39,1006.29,19.13,287.7,27.43,34.4,127.02,1,Very/Extremely Heavy
2024-09-29,LOC001,32.08,79.79,1009.94,16.24,186.6,27.37,68.8,0.0,0,No Rain
2024-09-30,LOC001,36.71,82.66,1006.35,16.34,184.2,32.0,46.4,0.0,0,No Rain
2024-10-01,LOC001,35.28,65.16,1008.76,13.46,244.7,28.06,27.5,0.0,0,No Rain
2024-10-02,LOC001,36.29,64.2,1014.87,11.36,190.5,29.56,7.9,0.0,0,No Rain
2024-10-03,LOC001,36.88,72.39,1013.18,11.36,201.6,30.35,16.1,0.0,0,No Rain
2024-10-04,LOC001,34.83,58.03,1012.39,12.64,200.5,25.88,19.4,0.0,0,No Rain
2024-10-05,LOC001,36.4,57.02,1006.19,15.43,195.3,28.23,0.0,0.0,0,No Rain
2024-10-06,LOC001,35.57,69.83,1016.44,14.38,216.6,28.91,22.6,0.0,0,No Rain
2024-10-07,LOC001,34.01,71.69,1010.3,13.49,218.0,28.31,44.5,0.0,0,No Rain
2024-10-08,LOC001,33.46,59.96,1012.98,15.8,279.8,25.55,21.9,0.0,0,No Rain
2024-10-09,LOC001,36.41,73.12,1009.32,11.47,198.0,30.98,30.7,0.0,0,No Rain
2024-10-10,LOC001,34.87,64.88,1013.24,24.44,237.7,27.4,16.4,0.0,0,No Rain
2024-10-11,LOC001,34.51,55.28,1012.44,12.39,205.0,25.42,12.2,0.0,0,No Rain
2024-10-12,LOC001,31.48,74.27,1013.31,11.64,221.6,28.02,21.0,6.85,0,Light
2024-10-13,LOC001,38.97,71.04,1012.45,11.26,273.0,32.0,11.1,0.0,0,No Rain
2024-10-14,LOC001,37.05,68.32,1012.05,16.35,298.0,31.57,20.2,0.0,0,No Rain
2024-10-15,LOC001,37.92,65.98,1007.84,11.92,204.8,30.31,10.7,0.0,0,No Rain
2024-10-16,LOC001,34.71,66.63,1013.14,10.98,193.7,29.25,23.4,0.0,0,No Rain
2024-10-17,LOC001,38.19,72.1,1008.14,21.85,173.1,32.0,10.1,0.0,0,No Rain
2024-10-18,LOC001,34.95,69.32,1007.47,15.0,252.1,29.32,11.3,2.55,0,Light
2024-10-19,LOC001,37.38,68.64,1006.98,15.06,257.2,30.86,15.0,0.0,0,No Rain
2024-10-20,LOC001,37.72,63.72,1012.5,10.94,276.5,29.82,22.0,0.0,0,No Rain
2024-10-21,LOC001,36.93,60.44,1010.28,12.45,243.4,30.16,29.1,0.0,0,No Rain
2024-10-22,LOC001,33.71,74.55,1012.46,17.92,272.9,30.24,28.0,0.0,0,No Rain
2024-10-23,LOC001,37.03,67.41,1010.95,12.99,197.3,31.74,23.3,0.0,0,No Rain
2024-10-24,LOC001,33.61,65.3,1012.29,11.61,274.7,27.11,25.2,5.09,0,Light
2024-10-25,LOC001,39.64,69.89,1010.49,13.43,274.5,32.0,5.2,0.0,0,No Rain
2024-10-26,LOC001,38.21,73.92,1015.1,15.54,309.5,32.0,14.9,5.41,0,Light
2024-10-27,LOC001,37.19,69.03,1012.05,13.73,128.8,30.76,20.7,0.0,0,No Rain
2024-10-28,LOC001,34.24,67.44,1012.8,12.41,197.7,27.61,27.6,0.0,0,No Rain
2024-10-29,LOC001,37.09,59.75,1012.44,19.35,255.2,28.4,27.2,0.0,0,No Rain
2024-10-30,LOC001,35.33,68.27,1011.07,18.18,222.7,28.6,21.7,0.0,0,No Rain
2024-10-31,LOC001,37.24,65.3,1009.02,11.61,222.9,29.06,13.4,0.0,0,No Rain
2024-11-01,LOC001,36.22,54.86,1010.23,11.61,189.4,26.59,11.3,0.0,0,No Rain
2024-11-02,LOC001,35.66,62.34,1011.84,16.66,213.5,27.38,14.8,0.0,0,No Rain
2024-11-03,LOC001,35.14,73.19,1012.09,13.51,183.4,29.79,0.9,0.0,0,No Rain
2024-11-04,LOC001,38.42,64.59,1009.31,16.95,225.3,30.83,32.6,0.0,0,No Rain
2024-11-05,LOC001,36.23,71.85,1013.09,11.54,279.0,30.71,3.3,0.0,0,No Rain
2024-11-06,LOC001,35.9,64.76,1015.65,17.32,268.1,28.56,0.0,0.0,0,No Rain
2024-11-07,LOC001,35.06,62.13,1012.25,22.13,240.5,26.48,11.7,0.0,0,No Rain
2024-11-08,LOC001,42.29,66.85,1007.6,14.37,238.7,32.0,9.3,0.0,0,No Rain
2024-11-09,LOC001,35.26,67.73,1010.31,20.51,232.7,29.17,11.7,0.0,0,No Rain
2024-11-10,LOC001,34.96,60.77,1010.81,17.49,208.8,27.5,4.1,0.0,0,No Rain
2024-11-11,LOC001,38.32,62.91,1012.74,10.04,241.8,31.21,28.7,0.0,0,No Rain
2024-11-12,LOC001,38.35,52.55,1009.93,12.7,192.5,28.32,18.1,0.0,0,No Rain
2024-11-13,LOC001,36.6,74.62,1010.87,12.7,307.6,30.41,26.9,0.0,0,No Rain
2024-11-14,LOC001,36.25,65.92,1006.06,19.69,250.3,32.0,0.0,0.0,0,No Rain
2024-11-15,LOC001,40.44,55.76,1010.64,15.19,240.0,30.87,7.0,0.0,0,No Rain
2024-11-16,LOC001,35.9,62.38,1014.53,10.57,200.8,28.98,22.0,0.0,0,No Rain
2024-11-17,LOC001,40.69,61.24,1010.97,17.05,291.4,32.0,8.1,12.18,0,Light
2024-11-18,LOC001,34.58,69.25,1007.73,11.56,243.3,28.86,5.5,0.0,0,No Rain
2024-11-19,LOC001,35.03,70.33,1015.07,11.53,205.8,28.91,0.0,0.0,0,No Rain
2024-11-20,LOC001,36.2,62.27,1008.5,10.29,186.2,28.89,14.6,0.0,0,No Rain
2024-11-21,LOC001,37.95,63.96,1007.31,15.6,248.7,31.96,5.7,0.0,0,No Rain
2024-11-22,LOC001,40.47,63.46,1012.87,11.3,209.9,32.0,6.8,0.0,0,No Rain
2024-11-23,LOC001,33.2,67.19,1009.96,11.39,153.5,26.58,1.5,0.0,0,No Rain
2024-11-24,LOC001,40.94,65.81,1008.87,11.72,264.1,32.0,34.3,0.0,0,No Rain
2024-11-25,LOC001,38.57,55.15,1008.99,17.04,225.1,29.67,3.9,0.0,0,No Rain
2024-11-26,LOC001,41.76,65.97,1009.69,10.16,246.9,32.0,0.0,0.0,0,No Rain
2024-11-27,LOC001,38.09,53.63,1009.24,10.25,213.5,30.33,20.7,0.0,0,No Rain
2024-11-28,LOC001,34.24,53.88,1013.96,16.91,143.4,24.75,26.7,0.0,0,No Rain
2024-11-29,LOC001,35.86,55.96,1004.31,11.03,278.0,26.68,11.0,0.0,0,No Rain
2024-11-30,LOC001,39.18,67.54,1010.92,20.89,243.4,32.0,14.9,0.0,0,No Rain
2024-12-01,LOC001,35.84,67.72,1008.96,13.3,216.3,29.52,5.4,0.0,0,No Rain
2024-12-02,LOC001,36.43,66.08,1012.63,11.75,142.6,30.56,19.0,0.0,0,No Rain
2024-12-03,LOC001,37.68,56.77,1009.64,11.75,299.4,28.35,9.4,0.0,0,No Rain
2024-12-04,LOC001,37.21,62.74,1010.54,10.17,182.0,29.52,16.5,0.0,0,No Rain
2024-12-05,LOC001,38.81,75.53,1011.46,11.0,239.0,32.0,2.3,0.0,0,No Rain
2024-12-06,LOC001,40.15,76.94,1012.29,15.26,218.1,32.0,16.5,0.0,0,No Rain
2024-12-07,LOC001,39.23,53.2,1008.62,11.16,227.7,30.85,0.0,0.0,0,No Rain
2024-12-08,LOC001,36.98,63.65,1011.2,10.03,290.3,29.15,28.1,0.0,0,No Rain
2024-12-09,LOC001,34.3,64.22,1012.86,11.24,296.0,28.01,7.7,0.0,0,No Rain
2024-12-10,LOC001,37.35,67.66,1008.53,11.47,140.1,31.89,11.7,0.0,0,No Rain
2024-12-11,LOC001,35.92,67.34,1012.04,12.0,271.9,30.71,10.2,0.66,0,Light
2024-12-12,LOC001,35.34,67.95,1010.52,12.18,153.6,29.98,15.7,19.39,0,Moderate
2024-12-13,LOC001,33.06,73.97,1007.08,14.94,243.6,28.24,12.3,0.0,0,No Rain
2024-12-14,LOC001,35.23,65.42,1012.5,11.02,248.8,28.82,9.5,0.0,0,No Rain
2024-12-15,LOC001,36.23,59.62,1013.11,10.21,199.0,25.83,11.3,0.0,0,No Rain
2024-12-16,LOC001,37.76,50.78,1014.74,15.71,242.5,27.77,13.3,0.0,0,No Rain
2024-12-17,LOC001,34.06,54.49,1015.33,10.86,195.6,23.9,22.8,0.0,0,No Rain
2024-12-18,LOC001,35.7,68.66,1007.75,14.46,209.9,29.85,24.7,0.0,0,No Rain
2024-12-19,LOC001,34.08,63.02,1014.92,11.26,184.3,27.39,33.3,0.0,0,No Rain
2024-12-20,LOC001,35.68,54.05,1007.58,11.6,154.8,27.4,17.1,0.0,0,No Rain
2024-12-21,LOC001,36.56,67.55,1015.09,10.07,241.8,29.31,8.2,0.0,0,No Rain
2024-12-22,LOC001,37.32,62.62,1013.67,11.57,248.0,30.56,31.9,0.0,0,No Rain
2024-12-23,LOC001,37.57,75.69,1013.71,11.03,199.4,31.86,22.6,0.0,0,No Rain
2024-12-24,LOC001,34.43,69.26,1012.12,17.57,190.5,28.05,0.0,0.0,0,No Rain
2024-12-25,LOC001,35.16,52.85,1010.95,10.11,217.1,24.87,34.1,0.0,0,No Rain
2024-12-26,LOC001,34.85,59.78,1011.88,13.32,267.5,26.19,15.0,0.0,0,No Rain
2024-12-27,LOC001,32.55,71.35,1008.75,15.02,218.8,27.0,0.0,0.0,0,No Rain
2024-12-28,LOC001,36.06,65.92,1012.33,11.4,235.9,29.76,3.6,0.0,0,No Rain
2024-12-29,LOC001,35.3,65.28,1014.33,13.25,180.2,27.65,11.2,0.0,0,No Rain
2024-12-30,LOC001,34.2,66.72,1013.62,10.5,258.8,26.51,7.4,14.23,0,Light
2024-12-31,LOC001,36.88,81.6,1006.03,13.74,265.1,32.0,9.1,0.0,0,No Rain
2025-01-01,LOC001,34.41,63.27,1011.34,13.04,241.0,28.08,18.4,0.0,0,No Rain
2025-01-02,LOC001,33.97,55.2,1008.53,10.57,275.5,24.28,18.3,0.0,0,No Rain
2025-01-03,LOC001,37.74,71.37,1011.41,15.24,273.3,31.07,19.5,4.32,0,Light
2025-01-04,LOC001,34.76,67.5,1017.8,13.12,204.3,28.42,6.0,0.0,0,No Rain
2025-01-05,LOC001,36.73,57.38,1011.41,14.68,206.4,27.54,4.2,0.0,0,No Rain
2025-01-06,LOC001,38.54,68.44,1010.12,10.84,316.6,32.0,33.0,0.0,0,No Rain
2025-01-07,LOC001,34.54,64.07,1008.85,14.5,279.2,28.5,9.2,0.0,0,No Rain
2025-01-08,LOC001,36.58,64.18,1011.96,23.94,190.8,28.95,13.3,0.0,0,No Rain
2025-01-09,LOC001,32.66,65.13,1008.53,10.49,162.5,25.51,24.6,0.0,0,No Rain
2025-01-10,LOC001,33.68,76.72,1011.85,22.37,250.4,28.96,3.0,0.0,0,No Rain
2025-01-11,LOC001,31.43,73.94,1010.72,10.71,191.4,25.55,21.8,9.25,0,Light
2025-01-12,LOC001,31.26,70.52,1009.37,13.34,233.1,25.2,23.0,0.0,0,No Rain
2025-01-13,LOC001,34.74,64.55,1009.52,21.22,236.9,28.05,29.9,0.0,0,No Rain
2025-01-14,LOC001,34.72,60.01,1012.64,11.3,252.8,27.17,6.9,3.91,0,Light
2025-01-15,LOC001,35.12,67.84,1009.73,12.32,213.9,27.67,30.3,2.17,0,Light
2025-01-16,LOC001,34.09,56.3,1012.48,13.55,246.7,26.26,9.4,0.0,0,No Rain
2025-01-17,LOC001,35.49,71.61,1007.61,22.68,299.9,31.63,23.9,0.0,0,No Rain
2025-01-18,LOC001,36.73,76.61,1011.78,15.77,205.4,30.82,16.3,0.0,0,No Rain
2025-01-19,LOC001,34.23,60.17,1010.12,11.96,208.1,26.16,9.4,0.0,0,No Rain
2025-01-20,LOC001,29.62,62.97,1011.46,10.26,183.1,22.32,7.7,0.0,0,No Rain
2025-01-21,LOC001,34.61,71.14,1016.67,10.19,253.9,28.48,12.8,0.0,0,No Rain
2025-01-22,LOC001,30.95,65.72,1013.86,10.32,145.8,23.2,32.7,0.0,0,No Rain
2025-01-23,LOC001,33.42,64.61,1011.69,15.22,250.3,25.61,0.0,0.0,0,No Rain
2025-01-24,LOC001,35.31,71.24,1013.45,10.3,228.1,28.84,1.9,0.0,0,No Rain
2025-01-25,LOC001,34.08,65.31,1007.6,25.31,161.9,27.54,9.7,0.0,0,No Rain
2025-01-26,LOC001,32.8,74.59,1012.5,18.05,249.0,27.85,11.3,0.0,0,No Rain
2025-01-27,LOC001,36.39,51.7,1011.81,10.58,230.2,25.95,31.3,0.0,0,No Rain
2025-01-28,LOC001,36.48,57.99,1006.84,13.6,187.9,27.14,17.6,0.0,0,No Rain
2025-01-29,LOC001,37.86,74.57,1014.43,13.32,205.0,32.0,4.2,0.0,0,No Rain
2025-01-30,LOC001,34.9,69.97,1008.64,11.21,228.6,30.34,0.3,0.0,0,No Rain
2025-01-31,LOC001,29.82,64.81,1011.58,21.35,215.6,22.69,2.0,0.0,0,No Rain
2025-02-01,LOC001,35.13,77.72,1013.81,10.87,232.1,31.42,16.8,0.0,0,No Rain
2025-02-02,LOC001,32.74,72.87,1011.78,10.8,263.1,26.65,8.6,0.0,0,No Rain
2025-02-03,LOC001,34.3,53.99,1016.22,10.34,181.1,23.91,15.9,0.0,0,No Rain
2025-02-04,LOC001,35.65,62.62,1014.76,16.41,277.3,30.02,0.2,0.0,0,No Rain
2025-02-05,LOC001,34.05,66.19,1008.98,18.47,270.3,27.07,19.5,0.0,0,No Rain
2025-02-06,LOC001,37.1,65.0,1013.39,11.5,261.4,29.03,10.8,0.0,0,No Rain
2025-02-07,LOC001,34.04,66.13,1013.15,14.71,259.4,27.19,19.2,0.0,0,No Rain
2025-02-08,LOC001,35.22,70.37,1011.47,11.5,171.6,30.82,5.5,0.0,0,No Rain
2025-02-09,LOC001,31.75,56.49,1012.91,19.6,204.6,24.12,8.1,0.0,0,No Rain
2025-02-10,LOC001,31.99,67.22,1007.64,10.26,183.7,24.64,14.6,0.0,0,No Rain
2025-02-11,LOC001,34.56,61.48,1013.37,17.79,212.8,26.4,19.2,0.0,0,No Rain
2025-02-12,LOC001,32.79,67.18,1016.97,12.86,230.4,25.94,7.7,0.0,0,No Rain
2025-02-13,LOC001,32.15,67.04,1013.24,21.66,253.6,26.21,10.7,0.0,0,No Rain
2025-02-14,LOC001,34.38,70.23,1012.8,10.74,215.3,28.49,13.5,0.0,0,No Rain
2025-02-15,LOC001,31.54,71.3,1011.86,10.84,279.2,25.87,33.1,0.0,0,No Rain
2025-02-16,LOC001,34.7,64.09,1009.93,17.3,242.6,28.49,25.6,0.0,0,No Rain
2025-02-17,LOC001,32.79,68.65,1013.75,10.19,221.1,26.58,16.9,0.0,0,No Rain
2025-02-18,LOC001,30.15,59.98,1013.91,12.0,200.8,22.48,15.4,0.0,0,No Rain
2025-02-19,LOC001,29.16,57.48,1013.95,12.82,223.7,19.74,15.2,0.0,0,No Rain
2025-02-20,LOC001,31.44,64.36,1007.53,12.19,299.8,23.82,20.8,0.0,0,No Rain
2025-02-21,LOC001,29.73,75.96,1013.56,12.88,196.9,25.64,0.0,0.0,0,No Rain
2025-02-22,LOC001,33.22,64.27,1007.89,10.0,213.7,25.5,20.2,0.0,0,No Rain
2025-02-23,LOC001,31.85,63.27,1008.93,12.87,222.7,23.51,0.1,0.0,0,No Rain
2025-02-24,LOC001,30.29,66.97,1011.15,16.49,211.8,23.13,0.0,0.0,0,No Rain
2025-02-25,LOC001,33.65,65.17,1012.11,12.64,229.1,26.89,0.0,0.0,0,No Rain
2025-02-26,LOC001,29.34,72.82,1007.86,16.83,209.3,24.71,10.0,30.38,0,Moderate
2025-02-27,LOC001,28.56,54.01,1008.34,19.43,147.0,19.29,13.5,0.0,0,No Rain
2025-02-28,LOC001,30.47,59.48,1010.18,10.52,194.4,22.62,19.9,0.0,0,No Rain
2025-03-01,LOC001,30.1,68.52,1010.38,17.7,230.3,23.55,13.4,0.0,0,No Rain
2025-03-02,LOC001,31.38,59.89,1007.76,13.15,249.5,22.66,9.9,0.0,0,No Rain
2025-03-03,LOC001,29.07,68.93,1013.44,10.68,195.7,22.94,2.4,13.82,0,Light
2025-03-04,LOC001,27.2,62.7,1011.11,11.99,214.0,19.96,14.6,0.0,0,No Rain
2025-03-05,LOC001,31.07,72.18,1007.72,10.63,241.2,26.19,2.5,0.0,0,No Rain
2025-03-06,LOC001,28.4,59.18,1010.42,16.74,191.3,19.99,8.9,0.0,0,No Rain
2025-03-07,LOC001,29.12,72.1,1015.6,11.8,210.5,23.96,29.1,0.0,0,No Rain
2025-03-08,LOC001,30.16,72.78,1008.65,14.69,215.4,24.6,1.0,0.0,0,No Rain
2025-03-09,LOC001,31.56,61.78,1010.75,10.02,187.5,23.88,19.7,0.0,0,No Rain
2025-03-10,LOC001,29.87,66.92,1015.55,13.23,174.4,23.37,4.0,0.0,0,No Rain
2025-03-11,LOC001,27.26,67.29,1011.07,13.64,220.4,19.38,22.4,0.0,0,No Rain
2025-03-12,LOC001,28.47,53.94,1009.19,12.35,142.2,19.12,16.4,0.0,0,No Rain
2025-03-13,LOC001,31.75,61.75,1014.08,17.55,277.7,23.66,16.6,0.0,0,No Rain
2025-03-14,LOC001,31.12,67.58,1012.36,10.21,296.8,23.88,31.2,0.0,0,No Rain
2025-03-15,LOC001,29.25,58.19,1012.63,13.16,203.8,20.14,13.8,0.0,0,No Rain
2025-03-16,LOC001,33.15,64.48,1012.79,19.13,304.2,26.22,11.5,0.0,0,No Rain
2025-03-17,LOC001,26.52,69.52,1008.45,13.2,249.0,19.84,30.2,0.0,0,No Rain
2025-03-18,LOC001,30.98,65.36,1012.39,14.18,216.0,23.43,18.8,0.0,0,No Rain
2025-03-19,LOC001,32.05,71.99,1011.2,18.15,233.9,26.33,11.7,0.0,0,No Rain
2025-03-20,LOC001,30.23,68.09,1009.33,14.04,206.8,23.36,14.1,0.0,0,No Rain
2025-03-21,LOC001,28.96,67.46,1013.62,22.24,243.3,22.59,0.0,29.57,0,Moderate
2025-03-22,LOC001,34.33,72.52,1010.42,13.84,185.9,28.9,16.2,0.0,0,No Rain
2025-03-23,LOC001,30.43,58.7,1010.79,13.01,330.1,22.36,0.0,0.0,0,No Rain
2025-03-24,LOC001,28.18,68.04,1016.22,12.3,199.0,22.14,0.0,0.0,0,No Rain
2025-03-25,LOC001,25.02,65.17,1011.34,11.64,208.2,19.37,18.6,0.0,0,No Rain
2025-03-26,LOC001,33.86,67.26,1004.65,10.31,204.8,26.74,8.9,0.0,0,No Rain
2025-03-27,LOC001,27.04,66.19,1014.36,11.22,221.5,19.86,14.1,0.0,0,No Rain
2025-03-28,LOC001,32.31,76.06,1009.72,11.83,217.3,27.7,11.7,0.0,0,No Rain
2025-03-29,LOC001,32.07,69.81,1009.59,12.63,315.9,25.39,24.6,0.0,0,No Rain
2025-03-30,LOC001,30.55,64.82,1007.37,11.68,242.0,23.67,26.5,0.0,0,No Rain
2025-03-31,LOC001,28.53,67.36,1012.0,20.79,208.4,21.19,17.1,0.0,0,No Rain
2025-04-01,LOC001,27.67,73.64,1013.26,13.94,241.2,22.08,7.5,0.0,0,No Rain
2025-04-02,LOC001,28.98,66.86,1009.1,15.68,207.0,21.12,13.7,0.0,0,No Rain
2025-04-03,LOC001,28.36,63.6,1010.42,10.94,217.8,20.75,29.9,0.0,0,No Rain
2025-04-04,LOC001,31.1,63.73,1011.59,19.81,195.6,24.76,11.3,0.0,0,No Rain
2025-04-05,LOC001,28.75,67.58,1011.11,11.65,238.9,23.08,22.9,0.0,0,No Rain
2025-04-06,LOC001,29.55,61.54,1010.98,11.36,205.0,22.94,24.0,0.0,0,No Rain
2025-04-07,LOC001,30.73,62.12,1010.89,21.83,239.3,22.61,4.2,0.0,0,No Rain
2025-04-08,LOC001,31.36,55.89,1009.29,10.27,260.0,22.35,0.0,0.0,0,No Rain
2025-04-09,LOC001,25.87,54.99,1013.78,10.69,238.3,18.22,25.2,0.0,0,No Rain
2025-04-10,LOC001,26.66,75.01,1010.68,11.87,233.9,21.62,18.5,0.0,0,No Rain
2025-04-11,LOC001,28.59,67.98,1012.34,12.47,242.5,20.3,10.0,0.0,0,No Rain
2025-04-12,LOC001,26.99,66.54,1009.47,13.22,228.6,21.09,13.0,0.0,0,No Rain
2025-04-13,LOC001,28.42,72.65,1011.42,11.41,249.2,23.87,14.2,0.0,0,No Rain
2025-04-14,LOC001,27.33,63.6,1011.01,11.07,290.3,19.66,5.5,0.0,0,No Rain
2025-04-15,LOC001,25.21,64.71,1015.92,26.5,216.3,17.38,25.0,0.0,0,No Rain
2025-04-16,LOC001,26.87,67.23,1008.12,10.14,307.4,20.63,17.8,0.0,0,No Rain
2025-04-17,LOC001,24.36,80.9,1014.13,20.5,167.4,20.55,20.8,0.0,0,No Rain
2025-04-18,LOC001,28.22,58.54,1009.7,36.91,167.1,20.01,8.9,0.0,0,No Rain
2025-04-19,LOC001,27.28,58.04,1009.25,10.4,185.0,18.76,19.5,0.0,0,No Rain
2025-04-20,LOC001,27.74,68.43,1010.54,14.76,164.3,21.68,0.0,0.0,0,No Rain
2025-04-21,LOC001,25.25,63.06,1011.37,13.73,277.1,18.06,0.0,0.0,0,No Rain
2025-04-22,LOC001,28.12,65.13,1014.61,10.78,205.6,19.89,3.4,0.0,0,No Rain
2025-04-23,LOC001,27.35,74.14,1006.78,16.68,265.7,21.57,8.0,0.0,0,No Rain
2025-04-24,LOC001,27.81,78.25,1011.57,18.0,248.9,23.63,4.2,0.0,0,No Rain
2025-04-25,LOC001,30.71,68.81,1011.16,12.04,194.5,24.17,20.6,0.0,0,No Rain
2025-04-26,LOC001,28.93,63.33,1006.67,13.02,206.1,20.7,24.5,0.0,0,No Rain
2025-04-27,LOC001,24.23,57.75,1006.33,10.89,225.9,14.73,0.0,0.0,0,No Rain
2025-04-28,LOC001,29.67,70.92,1012.04,10.3,205.6,25.06,21.2,0.0,0,No Rain
2025-04-29,LOC001,27.04,72.31,1014.41,13.18,168.9,21.19,8.4,0.0,0,No Rain
2025-04-30,LOC001,26.44,56.88,1009.93,12.02,180.4,17.31,22.5,63.56,0,Moderate
2025-05-01,LOC001,27.18,64.08,1013.4,12.16,236.2,19.72,18.1,0.0,0,No Rain
2025-05-02,LOC001,26.87,72.82,1012.79,17.34,211.4,20.0,27.6,0.0,0,No Rain
2025-05-03,LOC001,29.25,70.63,1008.0,20.52,248.9,22.86,1.7,0.0,0,No Rain
2025-05-04,LOC001,28.04,71.7,1006.38,14.03,243.0,24.2,0.0,0.0,0,No Rain
2025-05-05,LOC001,26.85,54.32,1011.01,13.15,246.2,18.28,20.6,0.0,0,No Rain
2025-05-06,LOC001,26.34,64.08,1011.6,17.85,304.4,19.94,35.5,16.0,0,Moderate
2025-05-07,LOC001,27.76,55.69,1013.37,11.37,255.8,18.96,28.8,0.0,0,No Rain
2025-05-08,LOC001,27.54,61.88,1011.95,10.97,274.3,19.43,14.3,0.0,0,No Rain
2025-05-09,LOC001,28.09,65.64,1012.17,11.14,262.8,20.49,27.8,0.0,0,No Rain
2025-05-10,LOC001,25.12,60.75,1012.8,25.33,250.5,17.66,29.0,0.0,0,No Rain
2025-05-11,LOC001,27.61,61.31,1010.57,10.82,263.9,20.74,13.7,0.0,0,No Rain
2025-05-12,LOC001,25.56,66.17,1012.83,14.76,227.8,19.0,0.0,2.92,0,Light
2025-05-13,LOC001,29.62,60.02,1008.41,12.18,266.8,21.91,9.9,9.97,0,Light
2025-05-14,LOC001,23.31,53.15,1013.38,11.78,251.2,14.88,15.6,0.0,0,No Rain
2025-05-15,LOC001,27.49,57.07,1012.27,10.86,257.2,18.73,30.1,0.0,0,No Rain
2025-05-16,LOC001,25.1,67.14,1007.7,11.49,243.4,19.45,21.3,7.7,0,Light
2025-05-17,LOC001,24.54,58.54,1012.76,14.14,285.9,16.92,29.9,0.0,0,No Rain
2025-05-18,LOC001,25.11,64.48,1013.01,23.82,246.7,17.09,23.0,4.33,0,Light
2025-05-19,LOC001,28.26,72.41,1009.73,14.75,260.3,22.9,17.5,16.0,0,Moderate
2025-05-20,LOC001,27.95,71.72,1010.86,11.28,230.2,23.6,5.9,0.0,0,No Rain
2025-05-21,LOC001,28.2,71.68,1015.08,12.14,143.2,21.58,8.7,0.0,0,No Rain
2025-05-22,LOC001,24.14,68.42,1010.42,19.71,241.7,17.23,17.8,0.0,0,No Rain
2025-05-23,LOC001,27.83,59.42,1013.53,12.11,222.9,18.98,14.1,0.0,0,No Rain
2025-05-24,LOC001,27.55,59.68,1012.24,11.39,283.9,18.47,38.0,0.0,0,No Rain
2025-05-25,LOC001,27.7,58.21,1012.8,13.09,236.7,20.09,23.3,0.0,0,No Rain
2025-05-26,LOC001,25.12,59.99,1012.87,11.11,235.1,17.18,33.5,0.0,0,No Rain
2025-05-27,LOC001,24.15,55.61,1009.39,21.67,244.8,15.74,17.3,0.0,0,No Rain
2025-05-28,LOC001,26.78,67.94,1012.69,11.85,288.0,19.22,21.1,0.0,0,No Rain
2025-05-29,LOC001,26.3,60.12,1015.19,11.11,261.7,17.86,26.8,0.0,0,No Rain
2025-05-30,LOC001,24.46,66.57,1013.03,11.24,209.7,17.1,15.4,0.0,0,No Rain
2025-05-31,LOC001,25.94,62.04,1010.33,26.59,182.9,19.8,12.6,43.63,0,Moderate
2025-06-01,LOC001,25.96,81.07,1011.96,20.13,211.6,21.8,28.6,0.0,0,No Rain
2025-06-02,LOC001,25.59,72.7,1007.5,21.64,236.3,21.23,36.2,0.0,0,No Rain
2025-06-03,LOC001,25.58,81.99,1004.61,15.49,303.3,21.7,44.2,16.0,0,Moderate
2025-06-04,LOC001,26.07,85.01,1006.24,14.9,232.2,22.83,50.8,2.63,0,Light
2025-06-05,LOC001,20.38,71.04,1009.45,18.42,203.3,14.0,50.3,0.0,0,No Rain
2025-06-06,LOC001,26.93,79.96,1006.53,17.25,172.1,22.87,24.7,0.0,0,No Rain
2025-06-07,LOC001,28.73,64.26,1000.44,24.81,221.0,22.69,45.7,0.0,0,No Rain
2025-06-08,LOC001,29.36,75.4,1004.08,24.72,244.7,24.33,61.5,0.0,0,No Rain
2025-06-09,LOC001,27.27,74.47,1005.17,18.77,289.3,21.94,33.7,0.0,0,No Rain
2025-06-10,LOC001,25.24,77.55,1008.52,17.78,180.6,21.52,30.1,0.0,0,No Rain
2025-06-11,LOC001,26.62,79.24,1004.88,19.93,257.7,23.36,48.0,30.7,0,Moderate
2025-06-12,LOC001,29.19,72.17,1005.83,16.19,200.2,22.47,34.5,1.88,0,Light
2025-06-13,LOC001,28.19,79.52,1008.6,18.7,209.7,24.19,34.7,0.0,0,No Rain
2025-06-14,LOC001,28.89,72.61,1008.96,16.96,224.9,23.34,54.9,0.0,0,No Rain
2025-06-15,LOC001,25.14,79.92,1006.36,27.04,260.8,23.03,51.2,0.0,0,No Rain
2025-06-16,LOC001,26.47,74.72,1005.04,14.92,250.7,19.79,60.5,0.0,0,No Rain
2025-06-17,LOC001,26.85,73.43,1007.3,15.52,293.5,20.7,44.1,0.0,0,No Rain
2025-06-18,LOC001,24.31,78.51,1000.54,18.81,231.4,20.62,33.1,0.0,0,No Rain
2025-06-19,LOC001,26.52,78.85,1006.13,18.04,245.3,21.59,40.3,0.0,0,No Rain
2025-06-20,LOC001,27.73,74.14,1006.18,18.77,241.8,23.5,33.4,39.77,0,Moderate
2025-06-21,LOC001,27.37,77.93,1010.08,17.1,249.9,22.28,35.3,0.0,0,No Rain
2025-06-22,LOC001,27.18,80.24,1007.57,16.87,229.0,24.19,28.4,0.0,0,No Rain
2025-06-23,LOC001,20.34,74.33,1010.44,17.58,169.8,15.54,38.7,0.0,0,No Rain
2025-06-24,LOC001,29.65,74.77,1001.52,16.33,224.0,23.6,44.2,0.0,0,No Rain
2025-06-25,LOC001,22.89,71.86,997.41,16.76,195.6,16.62,55.2,21.71,0,Moderate
2025-06-26,LOC001,25.49,83.29,1009.17,15.08,197.8,21.87,43.5,0.0,0,No Rain
2025-06-27,LOC001,29.54,71.12,1007.45,15.21,176.9,23.71,41.8,0.0,0,No Rain
2025-06-28,LOC001,23.53,78.36,1009.69,15.08,182.5,19.25,54.2,0.0,0,No Rain
2025-06-29,LOC001,26.07,71.81,1008.14,15.19,294.1,20.98,37.9,0.0,0,No Rain
2025-06-30,LOC001,26.75,84.78,1006.11,17.74,249.2,25.57,37.0,0.0,0,No Rain
2025-07-01,LOC001,27.53,99.0,999.13,30.47,246.6,26.94,72.9,20.94,0,Moderate
2025-07-02,LOC001,24.15,96.79,1008.52,26.54,284.4,23.15,76.3,16.0,0,Moderate
2025-07-03,LOC001,27.21,98.56,998.83,29.34,236.9,27.24,76.5,16.43,0,Moderate
2025-07-04,LOC001,26.84,94.84,998.77,25.3,181.2,25.8,74.6,6.67,0,Light
2025-07-05,LOC001,24.53,98.15,998.26,29.64,215.1,23.44,87.2,65.0,1,Heavy
2025-07-06,LOC001,26.07,92.78,1004.14,32.93,179.1,24.79,91.8,10.1,0,Light
2025-07-07,LOC001,24.77,99.0,1001.59,26.97,247.9,24.17,76.7,30.45,0,Moderate
2025-07-08,LOC001,27.78,82.74,1003.25,24.21,248.9,24.33,93.5,0.0,0,No Rain
2025-07-09,LOC001,25.07,92.32,1002.29,23.51,221.8,25.3,93.2,8.35,0,Light
2025-07-10,LOC001,26.7,93.15,1002.8,24.17,268.8,26.17,83.2,0.69,0,Light
2025-07-11,LOC001,26.83,95.12,999.19,28.39,220.6,26.68,74.3,2.17,0,Light
2025-07-12,LOC001,21.71,90.18,1004.27,25.03,234.6,21.38,84.1,5.79,0,Light
2025-07-13,LOC001,29.64,99.0,1001.31,26.39,325.7,28.9,78.9,2.83,0,Light
2025-07-14,LOC001,26.62,99.0,1002.85,23.97,196.1,26.28,67.6,4.74,0,Light
2025-07-15,LOC001,25.44,99.0,1004.82,23.27,259.3,24.79,81.4,3.5,0,Light
2025-07-16,LOC001,27.46,95.51,1000.68,24.34,200.6,24.59,64.4,56.03,0,Moderate
2025-07-17,LOC001,26.23,98.94,995.35,24.18,239.3,26.74,76.5,3.67,0,Light
2025-07-18,LOC001,26.34,90.64,1003.23,23.61,290.3,24.05,81.0,5.19,0,Light
2025-07-19,LOC001,22.75,94.56,996.54,23.48,217.0,22.25,82.5,0.0,0,No Rain
2025-07-20,LOC001,22.45,95.06,994.77,25.25,216.6,20.39,88.6,2.82,0,Light
2025-07-21,LOC001,26.09,88.81,995.28,29.06,254.4,22.61,83.2,0.0,0,No Rain
2025-07-22,LOC001,26.78,99.0,1001.04,26.46,160.7,26.75,82.1,0.5,0,Light
2025-07-23,LOC001,25.8,99.0,996.28,25.49,255.1,25.38,85.7,65.0,1,Heavy
2025-07-24,LOC001,28.51,89.16,997.84,23.47,206.0,25.72,81.9,0.0,0,No Rain
2025-07-25,LOC001,28.22,99.0,1001.45,28.24,233.1,28.04,89.2,18.4,0,Moderate
2025-07-26,LOC001,31.96,99.0,1000.79,25.45,260.0,32.0,73.8,16.0,0,Moderate
2025-07-27,LOC001,25.66,99.0,1000.14,23.59,229.4,25.93,87.9,0.0,0,No Rain
2025-07-28,LOC001,27.91,99.0,1002.13,29.66,247.0,26.45,81.7,0.76,0,Light
2025-07-29,LOC001,25.74,91.93,999.76,30.61,272.3,24.85,82.4,0.0,0,No Rain
2025-07-30,LOC001,28.8,88.83,1001.51,24.07,195.9,26.53,63.6,0.7,0,Light
2025-07-31,LOC001,23.42,91.84,1000.6,28.96,230.6,21.09,95.2,1.24,0,Light
2025-08-01,LOC001,25.38,92.57,999.79,28.01,190.2,22.25,92.1,30.06,0,Moderate
2025-08-02,LOC001,26.56,91.16,997.34,31.78,240.2,24.29,73.2,2.72,0,Light
2025-08-03,LOC001,22.62,90.55,992.02,28.77,206.6,20.45,83.8,2.05,0,Light
2025-08-04,LOC001,27.3,96.52,1004.3,23.79,259.0,26.66,88.8,19.64,0,Moderate
2025-08-05,LOC001,26.01,99.0,1005.29,23.72,230.5,25.48,55.7,38.11,0,Moderate
2025-08-06,LOC001,29.7,91.48,1004.99,27.62,318.5,28.31,88.0,81.33,1,Heavy
2025-08-07,LOC001,29.37,99.0,1000.07,25.35,250.4,29.82,85.4,17.49,0,Moderate
2025-08-08,LOC001,26.6,90.98,997.99,24.64,164.9,26.41,93.7,0.0,0,No Rain
2025-08-09,LOC001,26.48,91.3,1003.75,23.9,215.5,24.04,75.1,4.52,0,Light
2025-08-10,LOC001,29.59,98.05,996.8,27.5,250.6,28.9,92.3,3.53,0,Light
2025-08-11,LOC001,26.02,99.0,998.13,26.54,262.9,26.8,92.4,2.14,0,Light
2025-08-12,LOC001,27.24,93.58,996.16,33.87,310.5,26.41,88.8,0.5,0,Light
2025-08-13,LOC001,26.41,86.88,999.96,29.16,306.3,22.64,78.6,2.77,0,Light
2025-08-14,LOC001,27.15,89.98,999.7,34.75,237.0,24.37,80.5,0.0,0,No Rain
2025-08-15,LOC001,30.81,92.78,996.37,25.33,249.0,27.97,75.8,3.82,0,Light
2025-08-16,LOC001,28.12,91.26,999.58,24.58,216.1,26.99,70.6,2.72,0,Light
2025-08-17,LOC001,29.57,94.24,995.32,24.76,254.6,28.72,82.9,1.72,0,Light
2025-08-18,LOC001,31.13,85.05,995.14,24.74,232.5,27.4,79.3,2.5,0,Light
2025-08-19,LOC001,25.89,88.43,998.01,23.45,186.2,23.53,85.5,15.19,0,Light
2025-08-20,LOC001,30.46,99.0,999.43,24.2,193.6,31.6,89.6,0.0,0,No Rain
2025-08-21,LOC001,29.11,93.49,998.25,23.93,215.8,26.77,100.0,10.76,0,Light
2025-08-22,LOC001,26.9,99.0,997.13,32.85,204.8,26.86,81.8,16.0,0,Moderate
2025-08-23,LOC001,29.24,99.0,997.0,30.99,276.0,27.97,78.3,16.0,0,Moderate
2025-08-24,LOC001,30.61,99.0,995.69,24.16,190.8,30.09,50.5,0.0,0,No Rain
2025-08-25,LOC001,30.96,94.82,1002.46,32.3,199.2,28.51,74.3,16.55,0,Moderate
2025-08-26,LOC001,30.87,92.21,989.31,38.48,209.0,28.83,74.9,10.88,0,Light
2025-08-27,LOC001,26.88,99.0,1000.82,23.4,275.6,28.04,70.1,23.37,0,Moderate
2025-08-28,LOC001,27.94,95.67,1002.47,29.05,151.3,27.06,84.1,108.95,1,Heavy
2025-08-29,LOC001,28.68,98.2,1000.4,25.61,295.5,28.82,59.9,3.41,0,Light
2025-08-30,LOC001,30.89,95.19,999.05,30.63,214.6,31.05,69.1,0.5,0,Light
2025-08-31,LOC001,32.33,82.41,1002.58,29.14,251.3,29.4,81.8,0.0,0,No Rain
2025-09-01,LOC001,30.99,81.41,1004.47,15.0,225.8,27.09,37.9,0.0,0,No Rain
2025-09-02,LOC001,35.63,81.52,1005.51,15.03,169.2,32.0,35.2,0.0,0,No Rain
2025-09-03,LOC001,29.64,67.35,1005.85,21.43,198.7,22.42,33.2,0.0,0,No Rain
2025-09-04,LOC001,31.44,79.61,1010.75,18.07,200.0,27.73,52.4,0.0,0,No Rain
2025-09-05,LOC001,30.17,74.24,1009.14,18.4,164.9,26.0,37.4,4.9,0,Light
2025-09-06,LOC001,31.38,84.33,1011.15,14.95,200.4,28.2,24.8,0.0,0,No Rain
2025-09-07,LOC001,33.99,76.66,1004.91,21.36,228.9,29.64,36.8,0.0,0,No Rain
2025-09-08,LOC001,32.59,80.5,1006.4,18.54,243.5,28.69,34.0,2.55,0,Light
2025-09-09,LOC001,31.28,77.52,1008.26,18.93,179.0,28.1,43.3,0.0,0,No Rain
2025-09-10,LOC001,31.93,85.4,1010.48,16.35,291.6,29.19,44.4,8.12,0,Light
2025-09-11,LOC001,29.89,80.48,1006.98,19.97,268.8,25.85,47.0,7.34,0,Light
2025-09-12,LOC001,33.22,73.88,1010.12,16.98,233.7,27.37,39.0,1.49,0,Light
2025-09-13,LOC001,36.92,73.63,1011.81,22.94,226.1,32.0,50.5,16.0,0,Moderate
2025-09-14,LOC001,34.74,82.08,1009.58,17.21,283.3,31.62,36.2,0.0,0,No Rain
2025-09-15,LOC001,34.17,59.36,1010.92,18.35,205.7,27.3,53.8,0.0,0,No Rain
2025-09-16,LOC001,35.04,66.27,1006.78,17.51,219.0,28.99,35.4,0.0,0,No Rain
2025-09-17,LOC001,33.72,76.41,1003.82,16.98,257.8,29.58,22.0,0.0,0,No Rain
2025-09-18,LOC001,35.98,83.44,1012.69,17.68,248.0,32.0,28.5,0.0,0,No Rain
2025-09-19,LOC001,33.63,70.66,1006.66,15.35,207.4,26.57,51.9,0.0,0,No Rain
2025-09-20,LOC001,32.47,73.15,1005.63,15.51,277.2,28.7,42.2,0.0,0,No Rain
2025-09-21,LOC001,33.82,73.96,1000.66,29.18,225.8,29.1,39.1,22.35,0,Moderate
2025-09-22,LOC001,35.56,78.16,1010.72,24.31,219.4,31.26,29.0,148.47,1,Very/Extremely Heavy
2025-09-23,LOC001,34.48,78.53,1003.32,16.1,218.6,30.7,33.1,1.33,0,Light
2025-09-24,LOC001,33.9,79.77,1004.93,21.43,217.2,27.93,25.7,0.0,0,No Rain
2025-09-25,LOC001,31.61,75.49,1007.63,23.19,207.0,26.48,45.1,0.0,0,No Rain
2025-09-26,LOC001,36.71,68.89,1008.83,18.02,234.6,30.45,44.3,141.27,1,Very/Extremely Heavy
2025-09-27,LOC001,33.87,68.96,1005.26,17.12,243.6,28.12,36.0,1.59,0,Light
2025-09-28,LOC001,34.08,79.46,1006.05,33.04,222.6,30.06,36.2,0.0,0,No Rain
2025-09-29,LOC001,30.97,93.36,1009.26,15.71,196.6,28.52,43.0,0.0,0,No Rain
2025-09-30,LOC001,34.21,80.55,1009.64,17.92,179.0,30.21,45.3,0.0,0,No Rain
2025-10-01,LOC001,40.83,52.19,1006.82,15.56,129.7,31.14,22.7,0.83,0,Light
2025-10-02,LOC001,36.02,70.71,1013.83,13.28,235.5,30.07,0.0,0.0,0,No Rain
2025-10-03,LOC001,37.53,75.19,1008.52,10.99,240.4,30.62,25.1,0.0,0,No Rain
2025-10-04,LOC001,35.11,61.48,1010.97,15.31,240.7,26.88,15.5,0.0,0,No Rain
2025-10-05,LOC001,34.26,56.49,1006.48,10.91,241.6,24.67,26.5,2.33,0,Light
2025-10-06,LOC001,33.05,62.99,1007.25,13.03,304.6,26.23,12.8,0.0,0,No Rain
2025-10-07,LOC001,31.83,69.03,1011.5,11.53,211.2,24.91,34.0,0.0,0,No Rain
2025-10-08,LOC001,31.18,63.43,1013.59,15.04,179.7,23.59,0.4,0.0,0,No Rain
2025-10-09,LOC001,35.36,67.84,1009.25,14.74,214.5,27.84,30.6,0.0,0,No Rain
2025-10-10,LOC001,32.5,68.82,1011.13,12.96,189.4,26.8,3.3,0.0,0,No Rain
2025-10-11,LOC001,33.01,63.64,1005.22,20.46,216.0,24.62,3.8,0.0,0,No Rain
2025-10-12,LOC001,36.74,72.58,1013.44,10.82,208.7,31.29,29.2,0.0,0,No Rain
2025-10-13,LOC001,40.07,66.33,1010.51,12.34,272.4,32.0,7.3,0.0,0,No Rain
2025-10-14,LOC001,39.28,61.13,1011.14,17.25,248.8,31.32,9.4,0.0,0,No Rain
2025-10-15,LOC001,38.17,67.79,1012.5,13.79,186.0,31.86,7.7,0.0,0,No Rain
2025-10-16,LOC001,32.53,61.37,1011.52,17.53,194.1,24.03,10.3,0.0,0,No Rain
2025-10-17,LOC001,35.77,63.32,1015.07,12.41,247.7,29.52,36.2,0.0,0,No Rain
2025-10-18,LOC001,33.49,71.17,1010.16,13.43,213.8,28.11,26.6,0.0,0,No Rain
2025-10-19,LOC001,33.98,56.23,1011.23,11.39,231.0,25.78,13.0,0.0,0,No Rain
2025-10-20,LOC001,35.97,70.15,1016.41,13.05,206.2,30.03,4.5,0.0,0,No Rain
2025-10-21,LOC001,37.46,71.31,1011.73,13.43,206.3,31.64,14.5,0.0,0,No Rain
2025-10-22,LOC001,37.19,62.71,1011.62,15.67,181.9,29.92,23.2,0.0,0,No Rain
2025-10-23,LOC001,36.52,60.32,1014.86,13.61,207.2,28.99,25.8,0.0,0,No Rain
2025-10-24,LOC001,34.38,69.65,1010.18,15.1,255.6,28.68,6.6,0.0,0,No Rain
2025-10-25,LOC001,35.08,60.38,1010.35,11.78,263.5,25.63,12.8,0.0,0,No Rain
2025-10-26,LOC001,36.33,69.22,1007.94,15.35,239.1,31.91,20.2,0.0,0,No Rain
2025-10-27,LOC001,38.29,65.73,1017.12,12.23,219.0,31.34,15.4,0.0,0,No Rain
2025-10-28,LOC001,32.58,63.02,1009.08,15.33,209.5,24.04,19.0,0.0,0,No Rain
2025-10-29,LOC001,35.11,67.46,1012.94,15.7,262.7,28.38,38.8,0.0,0,No Rain
2025-10-30,LOC001,36.79,64.04,1005.29,11.96,230.2,30.7,28.5,0.0,0,No Rain
2025-10-31,LOC001,38.96,62.39,1011.07,13.58,271.0,32.0,23.1,0.0,0,No Rain
2025-11-01,LOC001,36.87,69.41,1009.12,15.88,228.4,30.08,26.1,0.0,0,No Rain
2025-11-02,LOC001,36.11,68.28,1011.85,12.17,248.1,28.91,28.2,0.0,0,No Rain
2025-11-03,LOC001,34.14,73.1,1011.53,15.78,210.9,29.74,16.5,16.0,0,Moderate
2025-11-04,LOC001,36.65,66.66,1011.29,20.72,223.5,29.28,15.9,0.0,0,No Rain
2025-11-05,LOC001,38.33,69.31,1011.96,14.41,237.2,31.61,20.3,0.0,0,No Rain
2025-11-06,LOC001,35.42,79.1,1009.24,15.45,271.6,30.23,20.0,0.0,0,No Rain
2025-11-07,LOC001,35.15,55.87,1010.26,11.25,248.5,25.34,13.1,0.0,0,No Rain
2025-11-08,LOC001,35.37,72.11,1015.13,11.93,242.1,29.35,33.9,0.0,0,No Rain
2025-11-09,LOC001,37.0,58.05,1008.29,11.7,231.1,28.62,0.0,52.33,0,Moderate
2025-11-10,LOC001,32.66,64.2,1011.55,13.22,215.1,25.21,0.8,0.0,0,No Rain
2025-11-11,LOC001,35.4,59.85,1009.6,10.49,216.2,27.95,19.6,0.0,0,No Rain
2025-11-12,LOC001,34.0,62.82,1011.75,11.78,264.9,25.51,0.0,0.0,0,No Rain
2025-11-13,LOC001,39.24,64.15,1013.17,10.43,153.1,31.77,2.0,0.0,0,No Rain
2025-11-14,LOC001,41.45,59.44,1013.8,13.39,217.8,32.0,14.1,0.0,0,No Rain
2025-11-15,LOC001,37.82,72.08,1008.79,10.09,229.3,32.0,4.4,0.0,0,No Rain
2025-11-16,LOC001,36.91,53.73,1007.81,10.62,210.9,26.47,25.4,0.0,0,No Rain
2025-11-17,LOC001,35.89,58.49,1011.61,13.17,269.0,26.66,31.0,0.0,0,No Rain
2025-11-18,LOC001,41.31,53.91,1010.2,11.56,177.8,31.22,12.1,0.0,0,No Rain
2025-11-19,LOC001,36.46,73.3,1012.56,12.73,261.6,31.54,11.9,0.0,0,No Rain
2025-11-20,LOC001,35.54,59.82,1012.12,12.04,215.5,28.34,15.0,0.0,0,No Rain
2025-11-21,LOC001,35.72,65.39,1013.37,10.55,185.2,28.63,5.8,0.0,0,No Rain
2025-11-22,LOC001,35.28,68.45,1009.88,16.93,249.9,29.37,29.2,0.0,0,No Rain
2025-11-23,LOC001,35.84,62.93,1006.88,12.61,273.7,29.54,1.7,0.0,0,No Rain
2025-11-24,LOC001,36.2,58.49,1014.93,20.78,260.9,28.01,8.8,4.98,0,Light
2025-11-25,LOC001,36.4,66.66,1010.48,10.59,259.7,31.65,7.5,45.62,0,Moderate
2025-11-26,LOC001,36.58,58.84,1012.44,12.94,262.4,29.07,6.0,0.0,0,No Rain
2025-11-27,LOC001,38.22,58.84,1013.14,16.13,220.3,31.16,20.2,0.0,0,No Rain
2025-11-28,LOC001,37.8,60.55,1009.12,10.53,195.2,29.36,24.0,0.0,0,No Rain
2025-11-29,LOC001,36.72,70.83,1014.21,20.27,152.1,31.67,7.1,0.0,0,No Rain
2025-11-30,LOC001,38.61,77.52,1009.42,14.55,223.9,32.0,7.0,0.0,0,No Rain
2025-12-01,LOC001,41.29,72.4,1011.4,12.11,210.3,32.0,9.8,0.0,0,No Rain
2025-12-02,LOC001,38.1,61.78,1014.22,11.13,237.1,30.27,12.2,0.0,0,No Rain
2025-12-03,LOC001,35.86,65.84,1011.3,11.25,193.0,28.94,13.6,0.0,0,No Rain
2025-12-04,LOC001,36.49,70.84,1012.97,11.64,225.4,29.39,35.9,0.0,0,No Rain
2025-12-05,LOC001,38.44,52.54,1010.83,13.38,150.7,27.75,24.0,0.0,0,No Rain
2025-12-06,LOC001,39.02,68.75,1007.85,11.85,150.8,32.0,11.3,0.0,0,No Rain
2025-12-07,LOC001,35.83,71.71,1014.6,15.23,223.1,31.05,18.6,0.0,0,No Rain
2025-12-08,LOC001,36.85,63.46,1008.07,16.78,179.3,29.89,32.0,0.0,0,No Rain
2025-12-09,LOC001,36.62,53.35,1011.41,14.36,166.4,26.76,6.0,0.0,0,No Rain
2025-12-10,LOC001,38.28,54.0,1012.07,10.5,178.4,29.82,22.4,0.0,0,No Rain
2025-12-11,LOC001,35.22,64.51,1012.18,10.26,247.6,28.04,0.0,0.0,0,No Rain
2025-12-12,LOC001,37.26,70.8,1014.81,22.06,220.7,31.86,17.3,0.0,0,No Rain
2025-12-13,LOC001,33.26,61.7,1012.69,11.94,284.1,25.23,8.7,0.0,0,No Rain
2025-12-14,LOC001,31.29,62.06,1011.04,12.29,250.7,23.3,14.4,0.0,0,No Rain
2025-12-15,LOC001,39.32,56.7,1013.67,15.25,199.4,30.29,0.0,0.0,0,No Rain
2025-12-16,LOC001,37.12,55.19,1008.81,11.9,275.6,27.22,21.2,12.44,0,Light
2025-12-17,LOC001,33.05,74.08,1008.59,10.54,223.9,27.58,11.7,0.0,0,No Rain
2025-12-18,LOC001,35.68,65.23,1010.63,12.83,156.8,29.22,25.4,0.0,0,No Rain
2025-12-19,LOC001,34.51,63.3,1013.3,11.78,239.5,26.37,0.7,0.0,0,No Rain
2025-12-20,LOC001,36.53,67.42,1014.72,13.18,268.3,30.54,4.7,0.0,0,No Rain
2025-12-21,LOC001,37.0,54.53,1009.11,10.97,261.9,28.05,2.3,0.0,0,No Rain
2025-12-22,LOC001,39.76,72.61,1012.64,10.81,181.1,32.0,30.5,0.0,0,No Rain
2025-12-23,LOC001,37.91,68.54,1017.77,12.85,155.7,30.49,24.0,0.0,0,No Rain
2025-12-24,LOC001,32.61,62.97,1011.31,12.86,253.2,25.58,30.4,1.35,0,Light
2025-12-25,LOC001,38.56,59.3,1013.15,10.9,209.3,29.6,17.8,0.0,0,No Rain
2025-12-26,LOC001,30.64,55.68,1015.33,18.07,254.7,22.12,4.0,0.0,0,No Rain
2025-12-27,LOC001,35.91,63.32,1007.91,16.98,225.7,29.46,21.9,0.0,0,No Rain
2025-12-28,LOC001,38.69,73.51,1010.57,21.32,110.4,32.0,20.8,0.0,0,No Rain
2025-12-29,LOC001,36.87,64.2,1008.11,15.59,315.7,29.33,16.6,0.0,0,No Rain
2025-12-30,LOC001,38.09,58.1,1009.0,10.21,245.0,29.38,11.4,0.0,0,No Rain
2025-12-31,LOC001,34.71,74.57,1011.67,16.24,194.8,29.84,12.8,0.0,0,No Rain
2024-01-01,LOC002,33.31,68.08,1015.16,10.75,76.1,25.76,20.2,0.0,0,No Rain
2024-01-02,LOC002,30.25,70.48,1012.33,12.71,27.6,24.5,7.1,0.0,0,No Rain
2024-01-03,LOC002,35.95,70.51,1013.0,13.56,105.1,29.93,15.0,0.0,0,No Rain
2024-01-04,LOC002,36.68,71.54,1017.19,10.94,324.9,31.15,18.7,0.0,0,No Rain
2024-01-05,LOC002,35.34,58.46,1010.92,15.97,120.6,27.36,17.3,0.0,0,No Rain
2024-01-06,LOC002,33.09,62.64,1009.37,27.03,29.6,25.3,18.8,1.28,0,Light
2024-01-07,LOC002,32.67,62.62,1011.18,12.14,25.9,24.66,5.2,0.0,0,No Rain
2024-01-08,LOC002,38.82,68.74,1015.81,10.5,86.4,32.0,18.5,0.0,0,No Rain
2024-01-09,LOC002,33.79,57.38,1015.12,11.6,93.3,24.76,23.6,0.0,0,No Rain
2024-01-10,LOC002,29.68,62.32,1006.96,18.26,40.0,22.34,28.2,0.0,0,No Rain
2024-01-11,LOC002,37.59,70.62,1013.22,12.89,33.9,31.28,11.8,0.0,0,No Rain
2024-01-12,LOC002,35.49,57.5,1011.81,12.21,15.5,26.22,22.7,0.0,0,No Rain
2024-01-13,LOC002,35.24,68.12,1008.58,14.66,14.8,28.21,26.9,0.0,0,No Rain
2024-01-14,LOC002,34.52,58.04,1010.64,13.08,58.2,25.82,21.8,0.0,0,No Rain
2024-01-15,LOC002,36.88,73.61,1011.99,11.57,101.9,31.54,32.4,0.0,0,No Rain
2024-01-16,LOC002,36.39,58.62,1015.43,16.5,4.7,26.87,17.5,0.0,0,No Rain
2024-01-17,LOC002,33.2,75.09,1009.07,13.6,84.6,28.62,23.1,0.0,0,No Rain
2024-01-18,LOC002,35.19,69.95,1011.49,12.38,31.5,27.97,0.0,0.0,0,No Rain
2024-01-19,LOC002,32.86,59.27,1012.58,10.25,95.8,24.1,12.4,0.0,0,No Rain
2024-01-20,LOC002,35.11,71.42,1011.07,12.88,96.3,29.75,15.0,0.0,0,No Rain
2024-01-21,LOC002,34.28,66.78,1015.45,11.71,145.4,27.86,31.5,0.0,0,No Rain
2024-01-22,LOC002,32.96,64.0,1008.31,14.65,89.2,24.72,12.8,0.0,0,No Rain
2024-01-23,LOC002,36.13,72.21,1011.3,13.71,87.4,30.24,24.8,0.0,0,No Rain
2024-01-24,LOC002,31.8,55.27,1009.54,16.45,150.0,22.13,26.7,0.0,0,No Rain
2024-01-25,LOC002,34.73,59.31,1009.01,12.39,25.4,26.49,5.9,0.0,0,No Rain
2024-01-26,LOC002,35.3,56.46,1010.14,11.86,127.7,24.73,10.3,0.0,0,No Rain
2024-01-27,LOC002,33.02,53.21,1007.58,12.76,139.7,25.13,6.3,0.0,0,No Rain
2024-01-28,LOC002,34.86,64.96,1008.46,10.25,25.4,27.52,17.9,0.0,0,No Rain
2024-01-29,LOC002,37.32,67.32,1008.34,13.52,36.9,30.58,8.6,0.0,0,No Rain
2024-01-30,LOC002,32.46,57.51,1013.37,12.93,77.7,24.04,7.1,0.0,0,No Rain
2024-01-31,LOC002,38.43,58.28,1009.39,12.81,60.9,31.44,16.5,0.0,0,No Rain
2024-02-01,LOC002,32.84,70.85,1008.16,18.8,63.6,27.97,22.0,0.0,0,No Rain
2024-02-02,LOC002,34.04,71.57,1009.27,11.97,76.4,28.89,1.5,0.0,0,No Rain
2024-02-03,LOC002,32.35,60.0,1009.89,11.16,332.1,23.64,14.5,4.12,0,Light
2024-02-04,LOC002,33.59,55.4,1006.51,12.91,12.3,24.68,17.3,0.0,0,No Rain
2024-02-05,LOC002,31.41,60.75,1009.93,17.71,31.2,22.66,14.6,10.3,0,Light
2024-02-06,LOC002,30.06,67.53,1010.11,10.54,13.4,23.28,6.4,0.0,0,No Rain
2024-02-07,LOC002,31.14,68.56,1010.99,24.55,89.3,24.27,6.0,0.0,0,No Rain
2024-02-08,LOC002,32.02,71.41,1008.07,12.55,130.0,26.28,17.6,0.0,0,No Rain
2024-02-09,LOC002,31.49,62.02,1015.57,10.59,16.8,23.91,30.9,0.0,0,No Rain
2024-02-10,LOC002,32.38,66.48,1011.26,17.36,117.9,25.31,10.7,0.0,0,No Rain
2024-02-11,LOC002,29.98,72.75,1008.07,13.53,100.3,23.03,8.6,0.0,0,No Rain
2024-02-12,LOC002,32.01,62.79,1013.04,11.6,1.4,24.03,5.0,0.0,0,No Rain
2024-02-13,LOC002,28.9,69.15,1011.32,12.8,90.8,22.85,16.0,0.0,0,No Rain
2024-02-14,LOC002,31.14,67.99,1010.42,15.27,67.8,25.16,9.2,0.0,0,No Rain
2024-02-15,LOC002,32.08,62.12,1011.2,12.63,48.4,24.2,16.2,0.0,0,No Rain
2024-02-16,LOC002,30.76,73.1,1011.34,13.82,122.4,23.82,1.8,0.0,0,No Rain
2024-02-17,LOC002,34.68,67.35,1009.19,20.34,15.0,26.96,19.1,0.0,0,No Rain
2024-02-18,LOC002,29.22,64.87,1011.14,14.68,97.8,23.05,8.7,0.0,0,No Rain
2024-02-19,LOC002,31.3,63.32,1011.27,11.55,29.9,24.07,13.4,0.0,0,No Rain
2024-02-20,LOC002,32.86,69.24,1013.22,13.94,113.9,27.86,17.9,0.0,0,No Rain
2024-02-21,LOC002,31.78,67.63,1012.09,10.35,149.8,23.13,12.9,0.0,0,No Rain
2024-02-22,LOC002,34.14,61.66,1011.36,17.04,72.4,25.57,3.4,0.0,0,No Rain
2024-02-23,LOC002,32.19,64.66,1011.91,10.75,101.9,26.41,8.0,0.0,0,No Rain
2024-02-24,LOC002,31.95,55.57,1008.95,11.98,90.7,22.73,19.6,0.0,0,No Rain
2024-02-25,LOC002,28.33,53.55,1013.2,14.14,73.1,19.89,10.5,0.0,0,No Rain
2024-02-26,LOC002,32.64,63.38,1011.21,14.33,121.4,25.79,7.9,0.0,0,No Rain
2024-02-27,LOC002,31.44,55.68,1012.94,12.25,342.9,23.07,23.8,0.0,0,No Rain
2024-02-28,LOC002,33.81,69.39,1014.42,13.22,82.3,27.56,18.4,0.0,0,No Rain
2024-02-29,LOC002,33.52,61.42,1008.51,11.4,9.4,25.85,32.7,0.0,0,No Rain
2024-03-01,LOC002,31.35,56.24,1014.26,13.45,168.4,22.55,6.2,0.0,0,No Rain
2024-03-02,LOC002,28.06,57.45,1013.48,12.65,67.0,18.0,26.0,0.0,0,No Rain
2024-03-03,LOC002,26.76,72.88,1008.91,17.17,130.1,21.04,6.6,0.0,0,No Rain
2024-03-04,LOC002,32.08,63.21,1007.15,12.02,83.2,24.79,28.4,0.0,0,No Rain
2024-03-05,LOC002,30.76,64.55,1010.82,22.03,44.4,24.08,8.5,0.0,0,No Rain
2024-03-06,LOC002,29.31,67.47,1012.6,12.81,353.9,22.62,10.0,0.0,0,No Rain
2024-03-07,LOC002,30.47,66.86,1012.47,12.91,114.7,23.25,21.9,0.0,0,No Rain
2024-03-08,LOC002,31.86,61.38,1008.53,11.61,28.9,25.06,12.1,0.0,0,No Rain
2024-03-09,LOC002,28.23,68.29,1007.93,10.29,135.9,21.8,25.9,0.0,0,No Rain
2024-03-10,LOC002,30.29,72.12,1006.55,11.57,32.0,25.04,7.4,0.0,0,No Rain
2024-03-11,LOC002,29.24,69.38,1008.95,13.0,337.4,24.81,12.2,0.0,0,No Rain
2024-03-12,LOC002,26.0,77.53,1010.21,12.0,56.4,21.9,30.7,0.0,0,No Rain
2024-03-13,LOC002,31.49,69.88,1009.17,11.25,71.2,26.66,2.3,0.0,0,No Rain
2024-03-14,LOC002,32.2,56.73,1015.53,23.04,129.6,23.62,0.0,0.0,0,No Rain
2024-03-15,LOC002,27.64,71.64,1005.59,12.75,59.5,21.07,14.4,0.0,0,No Rain
2024-03-16,LOC002,29.64,74.84,1013.98,19.59,110.5,25.12,19.0,0.0,0,No Rain
2024-03-17,LOC002,29.43,63.46,1011.97,11.35,87.5,21.77,6.5,0.0,0,No Rain
2024-03-18,LOC002,28.3,66.75,1014.72,12.24,22.6,21.47,26.9,0.0,0,No Rain
2024-03-19,LOC002,31.59,69.32,1015.83,12.34,36.6,27.41,34.8,0.0,0,No Rain
2024-03-20,LOC002,29.46,70.0,1011.7,10.27,47.0,23.41,19.3,0.0,0,No Rain
2024-03-21,LOC002,25.35,66.1,1009.19,11.24,96.2,18.39,29.4,0.0,0,No Rain
2024-03-22,LOC002,27.88,75.12,1010.45,10.08,59.6,22.15,4.1,0.0,0,No Rain
2024-03-23,LOC002,31.72,71.45,1013.9,19.86,301.8,25.5,8.7,16.0,0,Moderate
2024-03-24,LOC002,27.72,71.73,1012.52,10.56,36.1,22.43,0.0,0.0,0,No Rain
2024-03-25,LOC002,31.38,67.96,1008.65,10.63,21.1,24.16,3.8,0.0,0,No Rain
2024-03-26,LOC002,26.77,74.24,1008.15,13.12,20.9,22.13,13.8,0.0,0,No Rain
2024-03-27,LOC002,30.35,73.82,1007.84,12.87,41.1,26.54,37.7,0.0,0,No Rain
2024-03-28,LOC002,29.36,66.81,1010.6,12.73,41.4,22.73,27.1,0.0,0,No Rain
2024-03-29,LOC002,27.98,61.39,1010.15,11.23,19.3,21.32,5.5,0.0,0,No Rain
2024-03-30,LOC002,26.91,65.76,1014.91,15.17,9.2,20.31,12.7,0.0,0,No Rain
2024-03-31,LOC002,26.12,63.28,1009.38,11.65,86.5,19.25,24.4,0.0,0,No Rain
2024-04-01,LOC002,32.07,62.18,1012.69,24.92,11.1,24.19,0.0,0.0,0,No Rain
2024-04-02,LOC002,30.96,65.87,1012.71,14.21,75.9,24.81,11.6,0.0,0,No Rain
2024-04-03,LOC002,27.86,66.89,1011.81,17.09,138.7,20.19,11.5,0.0,0,No Rain
2024-04-04,LOC002,34.98,68.24,1012.23,16.07,114.6,29.28,4.4,0.0,0,No Rain
2024-04-05,LOC002,27.62,69.2,1012.96,11.89,351.4,22.3,16.0,0.0,0,No Rain
2024-04-06,LOC002,27.76,54.77,1013.24,11.9,23.5,17.99,0.0,16.0,0,Moderate
2024-04-07,LOC002,29.33,56.46,1010.05,10.89,10.9,20.65,26.6,0.0,0,No Rain
2024-04-08,LOC002,29.76,60.36,1011.14,11.23,130.6,24.07,15.9,0.0,0,No Rain
2024-04-09,LOC002,29.72,68.4,1010.97,11.34,50.8,24.33,19.0,0.0,0,No Rain
2024-04-10,LOC002,28.9,58.62,1013.83,11.41,23.6,21.23,8.8,0.0,0,No Rain
2024-04-11,LOC002,25.34,59.2,1014.23,12.38,19.7,17.46,18.4,0.0,0,No Rain
2024-04-12,LOC002,27.39,70.69,1010.52,11.67,56.2,22.91,0.0,0.0,0,No Rain
2024-04-13,LOC002,28.32,69.23,1012.15,20.01,45.6,22.66,23.3,0.0,0,No Rain
2024-04-14,LOC002,24.86,66.5,1013.3,10.82,49.4,17.54,9.0,0.0,0,No Rain
2024-04-15,LOC002,27.84,67.95,1008.6,12.74,82.3,21.36,15.9,0.0,0,No Rain
2024-04-16,LOC002,24.8,69.52,1011.53,12.49,68.2,18.08,7.0,0.0,0,No Rain
2024-04-17,LOC002,26.74,60.19,1011.43,13.91,54.6,17.69,17.4,0.0,0,No Rain
2024-04-18,LOC002,31.26,70.91,1007.32,14.46,57.1,24.81,25.2,0.0,0,No Rain
2024-04-19,LOC002,26.85,77.16,1009.05,10.14,10.0,22.57,2.1,0.0,0,No Rain
2024-04-20,LOC002,25.01,60.58,1010.5,10.14,84.4,17.09,22.9,0.0,0,No Rain
2024-04-21,LOC002,30.27,76.57,1011.4,17.15,68.3,25.21,0.0,0.0,0,No Rain
2024-04-22,LOC002,28.8,70.13,1011.94,16.97,25.3,22.66,0.0,0.0,0,No Rain
2024-04-23,LOC002,25.24,60.65,1009.04,10.62,39.5,17.76,0.0,0.0,0,No Rain
2024-04-24,LOC002,25.21,58.49,1011.35,12.02,30.6,15.79,0.0,0.0,0,No Rain
2024-04-25,LOC002,27.36,63.46,1011.14,10.75,65.0,19.75,21.4,0.0,0,No Rain
2024-04-26,LOC002,28.51,68.98,1009.22,11.13,75.9,22.44,6.5,0.0,0,No Rain
2024-04-27,LOC002,28.57,63.95,1009.59,11.95,98.1,20.01,4.2,0.0,0,No Rain
2024-04-28,LOC002,26.6,66.83,1009.45,10.89,45.0,19.92,17.4,0.0,0,No Rain
2024-04-29,LOC002,19.92,63.08,1008.89,16.1,157.6,13.2,8.6,0.0,0,No Rain
2024-04-30,LOC002,25.45,60.18,1009.45,13.31,104.1,17.88,0.0,0.0,0,No Rain
2024-05-01,LOC002,28.03,69.27,1008.86,12.43,25.1,23.12,11.6,0.0,0,No Rain
2024-05-02,LOC002,24.97,52.59,1011.5,10.1,97.8,15.05,0.0,0.0,0,No Rain
2024-05-03,LOC002,31.28,59.75,1007.5,23.67,337.9,22.28,12.6,0.0,0,No Rain
2024-05-04,LOC002,29.46,69.56,1009.18,16.62,33.1,23.91,23.9,0.0,0,No Rain
2024-05-05,LOC002,28.43,52.7,1009.57,10.83,43.1,19.47,13.9,0.0,0,No Rain
2024-05-06,LOC002,24.03,60.79,1009.09,15.07,51.4,17.42,24.9,0.0,0,No Rain
2024-05-07,LOC002,28.91,61.64,1009.96,10.6,51.9,22.56,22.0,0.0,0,No Rain
2024-05-08,LOC002,28.71,71.19,1007.76,10.13,77.8,23.63,23.9,0.0,0,No Rain
2024-05-09,LOC002,24.85,63.83,1012.65,12.71,30.8,18.18,5.9,0.0,0,No Rain
2024-05-10,LOC002,25.44,67.0,1007.95,10.64,50.1,19.1,28.0,0.0,0,No Rain
2024-05-11,LOC002,28.38,68.3,1009.63,10.77,114.5,21.75,37.0,0.0,0,No Rain
2024-05-12,LOC002,22.91,74.82,1007.7,12.0,74.9,18.01,30.4,0.0,0,No Rain
2024-05-13,LOC002,27.51,65.07,1007.58,11.17,46.2,20.54,16.0,0.0,0,No Rain
2024-05-14,LOC002,23.56,66.26,1012.82,20.66,34.8,17.29,18.9,0.0,0,No Rain
2024-05-15,LOC002,25.39,69.09,1013.35,27.19,19.9,19.28,9.7,0.0,0,No Rain
2024-05-16,LOC002,28.41,65.32,1011.59,12.47,3.7,20.44,28.1,0.0,0,No Rain
2024-05-17,LOC002,28.43,64.83,1007.73,12.58,121.6,21.56,5.2,0.0,0,No Rain
2024-05-18,LOC002,30.48,63.26,1012.39,16.66,101.6,22.31,12.7,0.0,0,No Rain
2024-05-19,LOC002,25.12,72.25,1006.89,14.15,102.9,19.74,6.8,0.0,0,No Rain
2024-05-20,LOC002,26.93,59.45,1010.15,12.95,6.4,18.56,16.4,0.0,0,No Rain
2024-05-21,LOC002,23.34,67.71,1007.97,10.24,116.8,16.22,0.0,0.0,0,No Rain
2024-05-22,LOC002,30.0,68.46,1010.83,14.48,64.7,23.81,9.2,0.0,0,No Rain
2024-05-23,LOC002,25.22,70.86,1013.61,15.06,97.4,19.8,4.8,0.0,0,No Rain
2024-05-24,LOC002,26.28,63.84,1013.14,10.0,85.7,18.84,17.2,0.0,0,No Rain
2024-05-25,LOC002,25.38,54.91,1010.03,13.71,85.9,18.21,13.8,0.0,0,No Rain
2024-05-26,LOC002,25.29,61.1,1010.46,14.52,74.4,17.94,5.0,0.0,0,No Rain
2024-05-27,LOC002,25.34,65.52,1006.89,12.87,18.8,19.7,8.1,0.0,0,No Rain
2024-05-28,LOC002,26.04,70.16,1013.31,11.07,121.1,21.59,43.7,0.0,0,No Rain
2024-05-29,LOC002,25.27,75.25,1012.58,15.54,56.4,19.77,14.4,0.0,0,No Rain
2024-05-30,LOC002,24.36,65.85,1012.47,13.7,83.4,17.32,16.7,0.0,0,No Rain
2024-05-31,LOC002,29.23,63.75,1014.58,12.55,52.5,22.1,13.7,0.0,0,No Rain
2024-06-01,LOC002,28.27,56.07,1008.47,13.74,104.5,19.43,15.9,0.0,0,No Rain
2024-06-02,LOC002,26.59,67.68,1012.03,20.51,61.6,18.45,11.3,0.0,0,No Rain
2024-06-03,LOC002,26.69,60.87,1012.45,18.93,112.4,19.8,2.4,0.0,0,No Rain
2024-06-04,LOC002,29.77,68.15,1006.91,20.2,44.6,23.0,30.3,0.0,0,No Rain
2024-06-05,LOC002,27.89,63.95,1014.68,12.11,331.3,22.61,30.0,0.0,0,No Rain
2024-06-06,LOC002,26.67,58.24,1009.15,13.5,38.0,17.98,28.1,0.0,0,No Rain
2024-06-07,LOC002,29.5,70.85,1011.3,16.59,3.4,24.45,12.3,3.66,0,Light
2024-06-08,LOC002,24.51,64.75,1016.68,13.79,34.8,18.77,7.2,0.0,0,No Rain
2024-06-09,LOC002,28.79,62.59,1008.62,17.04,113.6,19.9,5.6,0.0,0,No Rain
2024-06-10,LOC002,28.97,65.48,1012.08,11.65,20.5,22.64,15.9,0.0,0,No Rain
2024-06-11,LOC002,23.96,61.86,1009.45,14.88,23.5,16.31,7.0,0.0,0,No Rain
2024-06-12,LOC002,27.86,66.95,1012.73,16.88,108.4,21.23,31.4,0.0,0,No Rain
2024-06-13,LOC002,29.27,68.66,1007.98,10.16,94.7,24.55,10.2,0.0,0,No Rain
2024-06-14,LOC002,27.6,63.97,1013.07,16.05,64.1,21.59,11.9,0.0,0,No Rain
2024-06-15,LOC002,29.59,60.19,1008.91,16.35,2.3,21.28,18.1,0.0,0,No Rain
2024-06-16,LOC002,27.15,77.73,1013.72,11.99,347.5,21.94,0.0,0.0,0,No Rain
2024-06-17,LOC002,27.34,65.25,1008.42,10.81,137.0,19.5,24.1,0.0,0,No Rain
2024-06-18,LOC002,29.97,55.68,1007.77,12.73,51.9,20.96,0.6,46.54,0,Moderate
2024-06-19,LOC002,29.6,69.73,1011.6,10.76,356.8,22.68,3.2,0.0,0,No Rain
2024-06-20,LOC002,28.97,61.24,1011.48,24.92,48.5,20.59,11.6,0.0,0,No Rain
2024-06-21,LOC002,28.0,65.9,1012.37,10.38,343.2,22.11,24.3,0.0,0,No Rain
2024-06-22,LOC002,31.45,67.4,1009.73,12.87,28.2,25.62,10.9,0.0,0,No Rain
2024-06-23,LOC002,28.6,73.01,1013.72,11.28,40.3,22.03,17.4,0.0,0,No Rain
2024-06-24,LOC002,25.64,59.66,1012.38,26.58,39.2,18.1,13.5,9.3,0,Light
2024-06-25,LOC002,28.48,61.58,1012.37,16.93,66.7,20.76,9.2,0.0,0,No Rain
2024-06-26,LOC002,27.07,53.75,1012.17,10.37,58.0,17.79,23.2,0.0,0,No Rain
2024-06-27,LOC002,27.19,71.38,1006.89,20.39,9.2,21.32,5.6,0.0,0,No Rain
2024-06-28,LOC002,26.11,67.03,1010.82,25.32,141.0,19.25,23.9,7.73,0,Light
2024-06-29,LOC002,29.95,59.32,1011.98,11.48,52.8,22.04,33.3,0.0,0,No Rain
2024-06-30,LOC002,29.71,59.12,1007.24,22.46,73.9,21.14,0.2,0.0,0,No Rain
2024-07-01,LOC002,30.48,64.85,1009.21,14.74,66.4,23.82,9.6,0.0,0,No Rain
2024-07-02,LOC002,24.74,58.97,1011.73,10.61,18.6,16.98,17.8,0.0,0,No Rain
2024-07-03,LOC002,30.01,64.87,1017.98,14.68,43.0,22.38,13.9,0.0,0,No Rain
2024-07-04,LOC002,26.87,63.51,1010.1,13.68,104.8,18.27,27.8,0.0,0,No Rain
2024-07-05,LOC002,22.07,66.78,1007.96,12.88,58.9,15.87,21.3,0.0,0,No Rain
2024-07-06,LOC002,26.59,70.14,1011.1,10.56,63.6,22.29,21.0,0.0,0,No Rain
2024-07-07,LOC002,33.09,65.48,1008.04,11.31,58.7,25.87,10.5,0.0,0,No Rain
2024-07-08,LOC002,27.79,60.73,1008.59,16.31,73.7,19.39,22.4,0.0,0,No Rain
2024-07-09,LOC002,27.79,66.44,1007.98,12.38,70.0,19.76,24.7,0.0,0,No Rain
2024-07-10,LOC002,27.92,70.49,1010.2,19.54,147.4,20.91,6.1,0.0,0,No Rain
2024-07-11,LOC002,24.85,61.53,1012.74,24.43,77.2,17.89,5.1,0.0,0,No Rain
2024-07-12,LOC002,28.46,77.06,1010.85,11.16,113.5,23.76,14.6,0.0,0,No Rain
2024-07-13,LOC002,35.83,69.06,1008.54,11.79,344.4,29.74,29.3,0.0,0,No Rain
2024-07-14,LOC002,29.83,67.37,1009.98,11.4,128.7,23.29,8.5,0.0,0,No Rain
2024-07-15,LOC002,30.89,58.59,1011.71,11.55,83.5,22.19,11.1,0.0,0,No Rain
2024-07-16,LOC002,29.51,57.43,1009.12,16.36,105.4,19.78,0.0,0.0,0,No Rain
2024-07-17,LOC002,27.36,70.67,1006.5,12.34,84.8,21.42,37.1,0.0,0,No Rain
2024-07-18,LOC002,32.77,66.84,1016.21,18.27,75.1,24.59,0.0,0.0,0,No Rain
2024-07-19,LOC002,28.07,65.83,1011.6,12.23,36.3,20.72,12.4,0.0,0,No Rain
2024-07-20,LOC002,27.66,64.69,1013.44,19.43,90.8,21.04,13.9,0.0,0,No Rain
2024-07-21,LOC002,28.01,62.04,1014.89,13.5,345.2,20.47,31.6,0.0,0,No Rain
2024-07-22,LOC002,28.88,69.85,1010.88,10.19,50.3,23.48,19.6,0.0,0,No Rain
2024-07-23,LOC002,30.12,69.28,1010.09,11.75,92.4,24.09,13.3,0.0,0,No Rain
2024-07-24,LOC002,29.87,66.56,1006.3,10.31,73.3,23.24,16.0,0.0,0,No Rain
2024-07-25,LOC002,31.14,72.71,1012.81,14.82,43.3,27.44,24.6,0.0,0,No Rain
2024-07-26,LOC002,27.27,64.29,1012.92,12.07,70.3,20.6,3.4,0.0,0,No Rain
2024-07-27,LOC002,31.27,67.3,1009.81,11.71,76.5,24.93,0.0,0.0,0,No Rain
2024-07-28,LOC002,29.28,58.61,1013.3,23.11,69.2,21.8,19.5,0.0,0,No Rain
2024-07-29,LOC002,30.54,56.25,1009.21,11.84,88.7,22.11,13.8,0.0,0,No Rain
2024-07-30,LOC002,32.0,69.95,1013.59,12.58,66.7,26.34,16.8,0.0,0,No Rain
2024-07-31,LOC002,30.92,71.99,1011.0,13.1,88.3,26.96,0.0,0.0,0,No Rain
2024-08-01,LOC002,34.77,57.14,1009.8,19.62,71.8,25.68,9.0,0.0,0,No Rain
2024-08-02,LOC002,31.19,70.75,1010.74,22.38,347.2,26.0,6.1,0.0,0,No Rain
2024-08-03,LOC002,29.89,54.07,1009.66,15.21,89.6,20.88,13.5,0.0,0,No Rain
2024-08-04,LOC002,30.73,68.15,1008.39,12.38,41.2,24.51,6.7,0.0,0,No Rain
2024-08-05,LOC002,34.94,67.96,1006.86,21.3,78.2,29.16,4.0,0.0,0,No Rain
2024-08-06,LOC002,32.96,65.23,1007.2,12.47,6.4,26.37,4.1,0.0,0,No Rain
2024-08-07,LOC002,31.9,68.68,1008.23,16.02,37.4,24.4,14.4,0.0,0,No Rain
2024-08-08,LOC002,32.07,61.62,1004.75,13.5,117.2,24.14,14.9,0.0,0,No Rain
2024-08-09,LOC002,33.48,77.65,1012.29,10.84,20.6,28.38,27.3,0.0,0,No Rain
2024-08-10,LOC002,31.06,61.76,1012.96,14.02,34.7,21.98,25.8,0.0,0,No Rain
2024-08-11,LOC002,29.99,79.68,1007.82,11.0,47.8,26.55,21.8,0.0,0,No Rain
2024-08-12,LOC002,31.46,68.59,1013.84,10.39,98.5,24.44,28.1,0.0,0,No Rain
2024-08-13,LOC002,33.61,61.96,1010.01,12.14,19.4,26.98,8.2,0.0,0,No Rain
2024-08-14,LOC002,33.65,62.41,1010.61,11.9,39.8,26.51,29.0,0.0,0,No Rain
2024-08-15,LOC002,30.76,67.01,1012.85,18.86,127.9,23.4,21.6,0.0,0,No Rain
2024-08-16,LOC002,30.43,65.03,1012.23,12.86,30.6,23.5,27.0,0.0,0,No Rain
2024-08-17,LOC002,31.25,59.82,1012.57,13.46,60.3,23.46,23.1,0.0,0,No Rain
2024-08-18,LOC002,31.78,72.06,1009.5,17.77,44.3,26.94,17.3,0.0,0,No Rain
2024-08-19,LOC002,32.06,61.04,1014.33,11.35,81.1,25.68,20.0,0.0,0,No Rain
2024-08-20,LOC002,32.96,72.37,1009.36,12.86,47.6,25.63,19.5,1.48,0,Light
2024-08-21,LOC002,31.7,68.43,1008.93,20.8,64.1,24.82,13.1,0.0,0,No Rain
2024-08-22,LOC002,33.0,80.12,1011.01,16.88,52.1,30.04,0.0,0.0,0,No Rain
2024-08-23,LOC002,31.63,60.51,1014.63,14.31,76.6,22.6,32.7,0.0,0,No Rain
2024-08-24,LOC002,34.78,63.37,1011.8,17.87,53.3,29.42,14.1,0.0,0,No Rain
2024-08-25,LOC002,33.96,74.59,1012.62,12.22,41.4,29.69,17.3,0.0,0,No Rain
2024-08-26,LOC002,30.2,61.83,1007.93,19.43,48.5,22.6,13.3,0.0,0,No Rain
2024-08-27,LOC002,30.52,58.08,1010.25,20.62,66.5,22.54,9.0,0.0,0,No Rain
2024-08-28,LOC002,32.26,71.4,1014.11,11.55,67.4,25.11,44.1,0.0,0,No Rain
2024-08-29,LOC002,33.41,58.34,1010.14,21.75,10.4,25.7,3.4,0.0,0,No Rain
2024-08-30,LOC002,34.41,64.58,1017.02,14.76,4.0,28.1,17.5,0.0,0,No Rain
2024-08-31,LOC002,31.12,60.97,1014.12,13.85,110.9,23.26,27.1,0.0,0,No Rain
2024-09-01,LOC002,34.17,66.2,1011.5,14.09,355.8,27.62,9.7,0.0,0,No Rain
2024-09-02,LOC002,34.76,69.39,1010.94,15.55,331.0,29.04,22.2,0.0,0,No Rain
2024-09-03,LOC002,33.24,68.37,1010.36,13.51,96.2,26.0,22.4,0.0,0,No Rain
2024-09-04,LOC002,36.36,63.91,1010.8,12.22,83.0,30.54,26.8,0.0,0,No Rain
2024-09-05,LOC002,31.51,75.93,1010.17,13.13,41.9,26.99,11.4,0.0,0,No Rain
2024-09-06,LOC002,34.63,68.31,1012.85,11.41,92.8,28.52,23.4,28.14,0,Moderate
2024-09-07,LOC002,29.23,69.91,1009.86,11.23,71.7,21.7,4.5,0.0,0,No Rain
2024-09-08,LOC002,32.23,61.01,1006.6,16.11,92.5,24.26,2.8,0.0,0,No Rain
2024-09-09,LOC002,37.79,66.84,1009.77,12.55,95.2,31.59,26.4,0.0,0,No Rain
2024-09-10,LOC002,32.91,75.51,1008.47,17.27,346.4,28.25,32.7,0.0,0,No Rain
2024-09-11,LOC002,36.5,67.05,1009.31,19.41,62.1,30.53,16.5,0.0,0,No Rain
2024-09-12,LOC002,36.96,64.25,1007.41,11.12,91.0,30.22,9.0,0.0,0,No Rain
2024-09-13,LOC002,29.57,63.02,1012.84,15.59,11.8,22.36,26.5,0.0,0,No Rain
2024-09-14,LOC002,33.38,65.25,1015.51,18.98,356.3,27.49,32.1,0.0,0,No Rain
2024-09-15,LOC002,33.45,74.97,1013.42,12.61,79.9,28.95,24.2,0.5,0,Light
2024-09-16,LOC002,30.1,70.36,1012.36,15.77,63.4,24.72,23.3,0.0,0,No Rain
2024-09-17,LOC002,34.34,78.01,1012.6,11.42,10.8,30.7,32.6,0.0,0,No Rain
2024-09-18,LOC002,37.52,70.53,1007.33,12.27,40.5,32.0,27.3,0.0,0,No Rain
2024-09-19,LOC002,34.32,76.49,1006.53,20.32,61.8,29.67,10.1,0.0,0,No Rain
2024-09-20,LOC002,33.77,65.37,1010.75,12.19,134.8,26.24,3.6,11.1,0,Light
2024-09-21,LOC002,30.5,57.81,1005.91,22.49,43.0,20.73,24.9,55.56,0,Moderate
2024-09-22,LOC002,36.69,67.92,1008.12,19.34,29.5,30.05,8.0,0.0,0,No Rain
2024-09-23,LOC002,34.35,76.68,1012.9,14.27,44.5,30.13,23.2,0.0,0,No Rain
2024-09-24,LOC002,35.39,66.66,1012.51,12.33,49.7,27.97,9.5,0.0,0,No Rain
2024-09-25,LOC002,38.14,64.7,1007.8,21.84,84.9,30.53,15.6,19.21,0,Moderate
2024-09-26,LOC002,33.32,74.69,1011.44,12.26,30.5,26.7,27.2,0.0,0,No Rain
2024-09-27,LOC002,38.21,77.53,1011.43,11.09,16.5,32.0,9.0,0.0,0,No Rain
2024-09-28,LOC002,36.27,68.76,1006.99,11.14,77.5,29.42,0.0,0.0,0,No Rain
2024-09-29,LOC002,36.64,61.5,1016.05,22.8,116.6,30.41,18.8,0.0,0,No Rain
2024-09-30,LOC002,35.81,62.93,1011.73,12.54,71.3,28.19,3.9,0.0,0,No Rain
2024-10-01,LOC002,30.51,88.69,1004.37,29.81,70.3,28.07,60.2,0.0,0,No Rain
2024-10-02,LOC002,30.59,83.79,1005.69,23.57,120.9,27.02,40.2,0.0,0,No Rain
2024-10-03,LOC002,32.41,84.81,1004.99,27.89,47.7,30.47,52.5,0.0,0,No Rain
2024-10-04,LOC002,35.46,73.74,1004.65,19.92,83.4,31.35,42.3,0.0,0,No Rain
2024-10-05,LOC002,35.81,82.85,1005.37,18.45,106.7,32.0,46.7,0.0,0,No Rain
2024-10-06,LOC002,35.53,76.28,1008.08,18.34,100.8,30.68,65.2,0.0,0,No Rain
2024-10-07,LOC002,33.44,85.02,1001.87,19.74,51.4,29.66,36.5,0.0,0,No Rain
2024-10-08,LOC002,32.57,91.04,1003.5,22.57,110.9,30.87,45.7,0.0,0,No Rain
2024-10-09,LOC002,33.56,82.9,1004.52,21.65,58.8,30.46,53.8,0.0,0,No Rain
2024-10-10,LOC002,36.84,78.83,1007.54,18.72,28.2,30.35,50.7,0.0,0,No Rain
2024-10-11,LOC002,34.1,85.5,1002.3,19.74,350.2,30.65,51.7,0.0,0,No Rain
2024-10-12,LOC002,34.02,90.47,1002.15,18.27,18.7,32.0,71.0,1.7,0,Light
2024-10-13,LOC002,33.14,85.16,1008.03,20.96,12.2,30.4,36.5,12.68,0,Light
2024-10-14,LOC002,32.24,78.89,1000.96,20.86,33.9,28.07,38.3,0.0,0,No Rain
2024-10-15,LOC002,33.05,87.15,1004.25,19.37,108.7,30.61,40.9,2.16,0,Light
2024-10-16,LOC002,31.98,87.37,1008.56,18.31,90.4,29.81,68.8,5.27,0,Light
2024-10-17,LOC002,35.33,89.34,999.31,20.53,124.5,32.0,52.7,13.06,0,Light
2024-10-18,LOC002,37.28,86.6,1005.28,22.85,82.8,32.0,65.7,0.0,0,No Rain
2024-10-19,LOC002,38.6,82.16,1005.41,19.84,82.9,32.0,66.7,80.25,1,Heavy
2024-10-20,LOC002,35.11,80.62,1003.01,19.05,55.4,30.82,57.7,0.0,0,No Rain
2024-10-21,LOC002,35.14,86.37,1004.38,26.7,41.5,32.0,67.2,0.0,0,No Rain
2024-10-22,LOC002,33.61,82.36,1004.36,26.9,139.8,29.08,43.5,0.0,0,No Rain
2024-10-23,LOC002,34.87,91.61,1006.7,19.65,14.0,32.0,65.5,0.0,0,No Rain
2024-10-24,LOC002,32.71,80.22,1007.14,18.79,50.9,28.62,52.8,0.0,0,No Rain
2024-10-25,LOC002,35.12,76.28,1004.9,19.38,124.4,30.95,52.1,0.0,0,No Rain
2024-10-26,LOC002,36.07,85.05,1008.76,21.61,359.0,31.09,48.9,0.0,0,No Rain
2024-10-27,LOC002,34.35,90.62,1003.89,19.44,48.7,32.0,53.0,0.0,0,No Rain
2024-10-28,LOC002,37.0,71.91,1006.46,44.44,65.2,30.22,44.3,0.0,0,No Rain
2024-10-29,LOC002,36.17,86.88,1008.14,22.36,70.8,32.0,48.0,0.0,0,No Rain
2024-10-30,LOC002,36.83,73.79,1003.73,18.78,41.3,30.17,53.7,0.0,0,No Rain
2024-10-31,LOC002,33.59,82.63,1008.06,19.01,7.5,31.29,57.3,0.0,0,No Rain
2024-11-01,LOC002,31.62,92.72,996.83,26.7,59.6,30.47,80.1,0.0,0,No Rain
2024-11-02,LOC002,35.44,99.0,997.26,25.92,127.1,32.0,88.3,64.0,0,Moderate
2024-11-03,LOC002,32.84,92.31,998.35,25.54,72.4,30.84,83.4,4.39,0,Light
2024-11-04,LOC002,31.37,99.0,1001.55,26.56,347.6,30.7,90.9,16.0,0,Moderate
2024-11-05,LOC002,36.15,99.0,999.33,29.74,95.7,32.0,80.4,1.34,0,Light
2024-11-06,LOC002,32.84,97.46,999.6,32.81,17.5,31.39,100.0,4.94,0,Light
2024-11-07,LOC002,30.11,99.0,1001.98,26.02,56.6,29.02,89.3,2.1,0,Light
2024-11-08,LOC002,34.11,96.52,998.16,26.1,43.8,32.0,96.1,30.19,0,Moderate
2024-11-09,LOC002,34.66,99.0,1000.59,26.66,57.7,32.0,96.1,39.94,0,Moderate
2024-11-10,LOC002,33.06,99.0,999.36,33.71,53.5,32.0,99.7,0.0,0,No Rain
2024-11-11,LOC002,34.69,98.01,995.23,25.51,121.8,32.0,94.8,0.5,0,Light
2024-11-12,LOC002,32.69,99.0,999.39,28.97,53.2,32.0,91.4,12.42,0,Light
2024-11-13,LOC002,32.84,99.0,999.2,25.98,106.5,32.0,93.3,2.28,0,Light
2024-11-14,LOC002,32.69,99.0,993.99,26.4,59.6,31.91,93.7,2.43,0,Light
2024-11-15,LOC002,35.55,99.0,992.68,25.04,26.7,32.0,97.0,15.5,0,Light
2024-11-16,LOC002,34.77,97.15,998.52,40.53,51.8,32.0,86.1,65.0,1,Heavy
2024-11-17,LOC002,33.09,95.31,999.58,26.96,81.3,31.69,81.6,85.99,1,Heavy
2024-11-18,LOC002,34.62,97.57,993.01,26.27,99.8,32.0,93.8,0.0,0,No Rain
2024-11-19,LOC002,35.26,99.0,1000.01,27.86,64.6,32.0,98.5,9.46,0,Light
2024-11-20,LOC002,32.96,97.34,998.58,26.96,34.5,31.58,93.8,2.84,0,Light
2024-11-21,LOC002,32.11,97.39,996.85,26.99,63.2,30.31,96.3,0.5,0,Light
2024-11-22,LOC002,34.24,99.0,997.72,26.11,69.2,32.0,100.0,2.68,0,Light
2024-11-23,LOC002,34.98,98.0,1000.62,25.3,10.0,32.0,93.7,8.69,0,Light
2024-11-24,LOC002,33.36,99.0,1000.31,27.38,123.0,32.0,70.4,9.42,0,Light
2024-11-25,LOC002,30.32,99.0,990.76,28.91,71.0,30.92,85.9,29.88,0,Moderate
2024-11-26,LOC002,33.36,97.01,997.37,29.2,92.2,32.0,100.0,13.69,0,Light
2024-11-27,LOC002,33.52,99.0,1002.69,35.67,346.2,32.0,86.0,2.33,0,Light
2024-11-28,LOC002,29.46,98.77,999.9,25.1,78.0,30.4,84.9,102.91,1,Heavy
2024-11-29,LOC002,35.46,99.0,995.0,26.12,74.9,32.0,94.4,4.85,0,Light
2024-11-30,LOC002,30.33,96.42,992.67,32.52,98.6,28.98,100.0,16.0,0,Moderate
2024-12-01,LOC002,36.9,91.42,1004.8,23.41,34.9,32.0,57.1,27.3,0,Moderate
2024-12-02,LOC002,34.19,95.02,1002.77,18.18,22.1,32.0,45.5,0.0,0,No Rain
2024-12-03,LOC002,33.33,84.36,1001.29,22.14,64.1,30.11,40.5,0.0,0,No Rain
2024-12-04,LOC002,34.25,79.6,1002.28,22.18,58.4,28.88,61.0,65.0,1,Heavy
2024-12-05,LOC002,34.3,87.7,1010.46,19.39,100.3,32.0,56.9,0.5,0,Light
2024-12-06,LOC002,38.13,82.0,1005.28,20.35,47.6,32.0,54.7,156.83,1,Very/Extremely Heavy
2024-12-07,LOC002,36.64,92.12,1010.07,18.76,3.8,32.0,59.9,0.79,0,Light
2024-12-08,LOC002,36.93,75.94,1004.17,23.45,72.1,32.0,62.4,3.2,0,Light
2024-12-09,LOC002,33.14,95.21,1003.47,19.29,72.1,32.0,39.4,0.0,0,No Rain
2024-12-10,LOC002,30.64,81.86,1000.87,21.52,75.0,26.9,38.8,0.0,0,No Rain
2024-12-11,LOC002,35.43,84.26,1004.71,31.74,51.2,32.0,60.3,0.0,0,No Rain
2024-12-12,LOC002,37.61,83.98,1006.64,20.75,346.3,32.0,48.6,0.5,0,Light
2024-12-13,LOC002,37.3,73.43,1005.59,19.3,75.5,32.0,46.9,0.0,0,No Rain
2024-12-14,LOC002,32.64,92.51,1000.95,23.5,33.7,30.52,63.4,65.0,1,Heavy
2024-12-15,LOC002,35.62,81.16,1003.04,19.63,68.2,31.95,59.7,1.44,0,Light
2024-12-16,LOC002,35.79,83.01,1007.06,22.25,119.5,31.31,42.8,0.0,0,No Rain
2024-12-17,LOC002,33.78,74.6,1006.26,18.31,57.4,27.65,57.4,0.0,0,No Rain
2024-12-18,LOC002,33.88,84.4,1001.26,34.67,10.9,30.16,50.5,0.73,0,Light
2024-12-19,LOC002,31.93,89.91,1004.07,24.39,142.5,30.25,48.5,8.69,0,Light
2024-12-20,LOC002,32.81,75.98,1006.61,23.64,38.0,27.91,41.9,0.0,0,No Rain
2024-12-21,LOC002,36.75,74.32,1002.43,24.8,73.5,30.54,44.6,0.0,0,No Rain
2024-12-22,LOC002,34.09,79.66,1006.32,23.26,50.0,30.14,50.5,0.0,0,No Rain
2024-12-23,LOC002,33.71,86.78,995.31,20.14,71.4,31.58,46.0,33.72,0,Moderate
2024-12-24,LOC002,34.58,83.76,1005.49,21.37,65.0,30.36,61.1,0.0,0,No Rain
2024-12-25,LOC002,32.52,73.58,998.62,18.0,92.9,27.51,55.3,0.0,0,No Rain
2024-12-26,LOC002,32.23,83.99,1005.0,18.35,139.0,28.73,51.9,0.0,0,No Rain
2024-12-27,LOC002,36.61,87.91,996.84,17.9,66.3,32.0,32.8,4.29,0,Light
2024-12-28,LOC002,33.63,82.17,1005.63,17.73,64.6,30.06,42.6,0.0,0,No Rain
2024-12-29,LOC002,36.2,79.53,1007.39,18.73,320.6,31.27,45.1,0.0,0,No Rain
2024-12-30,LOC002,32.84,76.86,1003.08,18.29,146.6,29.06,63.8,1.93,0,Light
2024-12-31,LOC002,36.2,79.69,1001.99,18.07,70.7,32.0,45.2,136.51,1,Very/Extremely Heavy
2025-01-01,LOC002,36.85,68.42,1009.14,10.31,44.6,31.77,17.5,0.0,0,No Rain
2025-01-02,LOC002,36.66,58.56,1010.27,28.25,92.9,28.42,2.7,0.0,0,No Rain
2025-01-03,LOC002,33.18,50.04,1016.02,10.22,5.6,23.53,24.9,0.0,0,No Rain
2025-01-04,LOC002,35.57,63.54,1010.0,14.24,39.3,28.17,11.6,0.0,0,No Rain
2025-01-05,LOC002,39.04,70.38,1010.37,10.33,51.3,32.0,14.0,0.0,0,No Rain
2025-01-06,LOC002,34.47,63.38,1014.02,17.9,115.2,26.25,14.6,0.0,0,No Rain
2025-01-07,LOC002,37.49,74.48,1013.93,18.53,116.6,32.0,19.3,0.0,0,No Rain
2025-01-08,LOC002,36.54,66.74,1013.09,10.25,96.0,29.06,17.3,0.0,0,No Rain
2025-01-09,LOC002,35.04,65.28,1006.98,10.14,101.9,26.31,23.3,0.0,0,No Rain
2025-01-10,LOC002,36.47,68.29,1009.2,15.79,33.0,30.18,16.2,0.0,0,No Rain
2025-01-11,LOC002,32.47,74.46,1009.86,13.21,132.1,26.0,19.4,0.0,0,No Rain
2025-01-12,LOC002,30.27,61.32,1016.77,19.04,18.6,21.82,5.4,0.0,0,No Rain
2025-01-13,LOC002,33.59,66.39,1012.26,15.32,18.6,26.36,5.1,0.0,0,No Rain
2025-01-14,LOC002,36.19,63.59,1011.1,10.12,128.8,28.96,7.7,0.0,0,No Rain
2025-01-15,LOC002,36.15,59.6,1015.07,12.07,38.3,28.96,22.5,0.0,0,No Rain
2025-01-16,LOC002,32.65,54.44,1012.89,19.96,20.6,22.58,11.1,0.0,0,No Rain
2025-01-17,LOC002,31.0,62.68,1014.86,11.24,67.7,24.85,25.0,0.0,0,No Rain
2025-01-18,LOC002,30.53,60.77,1009.34,10.43,104.8,22.2,16.1,0.0,0,No Rain
2025-01-19,LOC002,32.8,71.09,1009.16,15.22,92.7,26.54,29.6,0.0,0,No Rain
2025-01-20,LOC002,36.02,65.25,1012.59,12.23,22.5,30.31,21.0,0.0,0,No Rain
2025-01-21,LOC002,35.48,70.02,1011.89,20.99,49.8,29.46,3.7,0.0,0,No Rain
2025-01-22,LOC002,35.87,70.67,1010.92,16.38,66.8,28.42,10.0,0.0,0,No Rain
2025-01-23,LOC002,35.11,59.07,1011.59,14.98,51.3,26.99,8.3,0.0,0,No Rain
2025-01-24,LOC002,34.97,66.26,1011.93,11.46,109.4,27.68,4.0,0.0,0,No Rain
2025-01-25,LOC002,32.91,60.61,1012.48,20.26,2.4,25.67,26.9,0.0,0,No Rain
2025-01-26,LOC002,31.18,64.69,1010.42,15.55,51.5,23.76,3.8,28.9,0,Moderate
2025-01-27,LOC002,32.93,70.51,1010.5,11.57,74.4,26.2,33.5,0.0,0,No Rain
2025-01-28,LOC002,31.13,77.91,1013.21,11.42,114.4,26.01,3.3,0.0,0,No Rain
2025-01-29,LOC002,34.48,50.25,1008.83,20.33,55.5,25.81,21.7,0.0,0,No Rain
2025-01-30,LOC002,34.2,66.67,1007.22,10.15,58.8,27.8,1.2,0.0,0,No Rain
2025-01-31,LOC002,31.64,68.38,1011.01,12.62,32.1,26.8,8.3,0.0,0,No Rain
2025-02-01,LOC002,33.6,61.81,1012.93,12.63,356.5,26.54,0.0,41.6,0,Moderate
2025-02-02,LOC002,33.18,68.09,1011.7,10.63,14.0,27.31,16.7,0.0,0,No Rain
2025-02-03,LOC002,31.54,63.36,1010.2,12.16,15.5,25.03,2.0,0.0,0,No Rain
2025-02-04,LOC002,30.66,62.56,1011.85,12.43,104.7,23.04,3.4,0.0,0,No Rain
2025-02-05,LOC002,33.16,59.87,1013.74,13.0,50.7,24.25,8.8,0.0,0,No Rain
2025-02-06,LOC002,31.85,78.55,1011.99,12.94,55.9,27.98,0.0,0.0,0,No Rain
2025-02-07,LOC002,30.86,61.92,1014.39,18.55,98.6,22.71,13.0,0.0,0,No Rain
2025-02-08,LOC002,36.83,58.67,1007.73,15.63,69.0,28.76,28.7,0.0,0,No Rain
2025-02-09,LOC002,30.2,58.5,1012.89,12.92,105.6,21.23,12.3,0.0,0,No Rain
2025-02-10,LOC002,35.57,76.28,1012.01,13.22,68.6,28.88,15.0,0.0,0,No Rain
2025-02-11,LOC002,32.6,60.87,1010.38,21.22,3.9,23.24,5.3,0.0,0,No Rain
2025-02-12,LOC002,37.04,67.01,1014.57,13.05,52.1,31.44,2.3,0.0,0,No Rain
2025-02-13,LOC002,31.08,65.52,1008.78,14.48,20.5,23.47,4.0,0.0,0,No Rain
2025-02-14,LOC002,33.0,63.49,1014.18,13.83,52.6,25.19,0.0,0.0,0,No Rain
2025-02-15,LOC002,31.28,68.09,1010.23,15.25,0.1,23.83,21.3,0.0,0,No Rain
2025-02-16,LOC002,31.51,65.91,1012.6,10.81,29.3,23.97,15.3,0.0,0,No Rain
2025-02-17,LOC002,33.44,63.43,1011.24,10.1,52.1,26.15,23.9,12.68,0,Light
2025-02-18,LOC002,33.51,67.4,1011.94,14.06,8.6,26.38,20.7,0.0,0,No Rain
2025-02-19,LOC002,33.9,67.4,1012.14,13.49,57.5,27.81,34.4,16.95,0,Moderate
2025-02-20,LOC002,30.3,58.69,1006.65,10.17,77.1,23.63,35.5,0.0,0,No Rain
2025-02-21,LOC002,30.02,76.44,1008.84,17.32,135.5,24.53,17.4,0.0,0,No Rain
2025-02-22,LOC002,29.09,69.73,1011.36,37.05,38.6,23.11,0.0,38.39,0,Moderate
2025-02-23,LOC002,29.76,61.28,1014.34,13.77,353.3,22.68,16.2,0.0,0,No Rain
2025-02-24,LOC002,33.54,63.35,1012.85,13.93,62.5,26.62,25.7,0.0,0,No Rain
2025-02-25,LOC002,31.3,65.45,1016.02,11.03,54.0,23.38,11.0,0.0,0,No Rain
2025-02-26,LOC002,30.39,52.99,1008.88,15.95,34.5,21.7,29.0,0.0,0,No Rain
2025-02-27,LOC002,30.19,61.39,1010.95,13.49,25.6,20.82,17.7,0.0,0,No Rain
2025-02-28,LOC002,30.4,65.73,1008.92,10.09,65.0,23.74,2.6,0.0,0,No Rain
2025-03-01,LOC002,32.25,58.56,1007.86,14.24,130.6,23.33,0.3,0.0,0,No Rain
2025-03-02,LOC002,31.61,61.61,1015.06,15.74,91.1,23.8,13.5,0.0,0,No Rain
2025-03-03,LOC002,31.11,58.21,1008.98,11.54,64.0,22.64,9.4,0.0,0,No Rain
2025-03-04,LOC002,34.41,68.47,1006.27,17.37,13.3,28.68,6.4,0.0,0,No Rain
2025-03-05,LOC002,27.32,60.95,1011.12,12.81,56.9,19.16,20.8,0.0,0,No Rain
2025-03-06,LOC002,29.78,71.27,1015.52,17.59,139.6,24.03,16.8,0.0,0,No Rain
2025-03-07,LOC002,36.37,67.87,1013.42,13.96,60.4,29.78,17.0,0.0,0,No Rain
2025-03-08,LOC002,28.55,68.04,1006.46,14.38,44.5,21.82,25.3,0.0,0,No Rain
2025-03-09,LOC002,30.09,70.54,1015.32,10.46,33.6,25.19,12.4,1.22,0,Light
2025-03-10,LOC002,32.4,70.66,1008.81,13.48,40.4,27.94,13.7,0.0,0,No Rain
2025-03-11,LOC002,27.68,59.06,1010.17,11.7,49.7,18.84,26.6,0.0,0,No Rain
2025-03-12,LOC002,31.36,74.86,1010.04,10.76,21.9,27.59,22.5,0.0,0,No Rain
2025-03-13,LOC002,33.85,67.36,1012.31,10.27,81.4,26.25,21.1,0.0,0,No Rain
2025-03-14,LOC002,26.76,60.59,1008.76,13.19,63.4,18.19,28.0,0.0,0,No Rain
2025-03-15,LOC002,26.92,65.52,1012.24,14.02,104.3,20.65,15.7,0.0,0,No Rain
2025-03-16,LOC002,25.94,65.76,1012.51,12.77,14.8,19.04,14.2,0.0,0,No Rain
2025-03-17,LOC002,30.07,70.8,1013.35,12.37,345.3,23.9,16.5,0.0,0,No Rain
2025-03-18,LOC002,27.61,57.79,1009.87,12.85,22.1,18.98,25.6,0.0,0,No Rain
2025-03-19,LOC002,28.72,69.89,1013.88,10.18,42.0,23.57,3.3,0.0,0,No Rain
2025-03-20,LOC002,32.44,51.01,1011.45,19.26,307.6,23.12,11.1,0.0,0,No Rain
2025-03-21,LOC002,28.66,69.28,1007.45,11.86,9.5,23.33,0.0,0.0,0,No Rain
2025-03-22,LOC002,30.07,67.36,1010.18,10.07,84.5,22.92,37.1,0.0,0,No Rain
2025-03-23,LOC002,31.87,68.94,1012.53,12.26,30.9,24.18,9.8,0.0,0,No Rain
2025-03-24,LOC002,30.15,58.07,1010.81,11.05,40.8,21.92,2.1,0.0,0,No Rain
2025-03-25,LOC002,28.17,51.69,1014.46,18.58,7.0,18.83,11.3,0.0,0,No Rain
2025-03-26,LOC002,27.46,64.54,1012.12,20.84,80.0,20.82,10.3,0.0,0,No Rain
2025-03-27,LOC002,29.59,67.15,1009.43,11.59,94.2,23.16,0.0,0.0,0,No Rain
2025-03-28,LOC002,28.74,66.71,1010.77,11.9,104.9,22.34,17.0,0.0,0,No Rain
2025-03-29,LOC002,29.62,63.42,1014.31,10.83,71.1,22.67,28.5,0.0,0,No Rain
2025-03-30,LOC002,28.22,57.69,1014.53,14.29,31.4,20.49,39.9,0.0,0,No Rain
2025-03-31,LOC002,28.08,55.83,1007.59,11.62,82.7,18.87,14.7,0.0,0,No Rain
2025-04-01,LOC002,27.31,75.76,1009.31,16.07,69.1,22.47,17.5,0.0,0,No Rain
2025-04-02,LOC002,27.89,55.84,1009.97,12.36,30.3,18.37,29.5,0.0,0,No Rain
2025-04-03,LOC002,28.06,60.41,1012.96,10.72,12.9,20.22,22.5,0.0,0,No Rain
2025-04-04,LOC002,30.39,54.71,1007.24,20.52,157.2,20.63,5.8,0.0,0,No Rain
2025-04-05,LOC002,27.37,62.81,1014.04,17.11,67.1,20.24,0.0,0.0,0,No Rain
2025-04-06,LOC002,28.01,69.67,1010.35,11.16,345.1,22.91,9.9,0.0,0,No Rain
2025-04-07,LOC002,27.71,53.6,1012.99,13.49,16.9,19.32,16.6,0.0,0,No Rain
2025-04-08,LOC002,29.29,52.49,1012.86,12.04,36.4,20.26,7.9,0.0,0,No Rain
2025-04-09,LOC002,26.72,65.15,1014.22,12.07,144.6,18.58,11.2,0.0,0,No Rain
2025-04-10,LOC002,28.23,69.49,1009.55,12.63,102.0,22.15,15.7,0.0,0,No Rain
2025-04-11,LOC002,27.47,62.72,1010.19,20.12,0.9,19.92,25.3,0.0,0,No Rain
2025-04-12,LOC002,24.89,67.02,1010.96,12.71,3.6,19.5,5.0,0.0,0,No Rain
2025-04-13,LOC002,31.05,52.64,1009.21,12.69,44.3,21.2,18.0,0.0,0,No Rain
2025-04-14,LOC002,24.14,64.04,1008.77,12.1,149.2,16.48,15.0,0.0,0,No Rain
2025-04-15,LOC002,30.39,72.51,1010.48,13.8,124.0,25.0,34.7,0.0,0,No Rain
2025-04-16,LOC002,29.42,77.04,1015.02,14.12,90.8,26.42,17.2,0.0,0,No Rain
2025-04-17,LOC002,31.91,73.18,1008.16,10.9,354.8,27.04,0.7,0.0,0,No Rain
2025-04-18,LOC002,29.85,64.52,1012.7,17.91,47.7,22.55,10.0,0.0,0,No Rain
2025-04-19,LOC002,23.59,70.68,1006.52,21.34,40.7,17.89,17.0,0.0,0,No Rain
2025-04-20,LOC002,26.52,68.08,1011.16,10.16,118.2,19.62,20.1,0.0,0,No Rain
2025-04-21,LOC002,25.66,60.55,1011.52,15.41,68.1,15.01,14.2,0.0,0,No Rain
2025-04-22,LOC002,24.42,67.23,1010.3,10.66,113.2,17.57,17.8,0.0,0,No Rain
2025-04-23,LOC002,28.09,56.42,1009.88,12.5,50.0,18.73,22.2,0.0,0,No Rain
2025-04-24,LOC002,26.39,61.43,1011.89,16.22,56.1,18.02,20.9,0.0,0,No Rain
2025-04-25,LOC002,26.74,67.09,1010.33,14.28,51.7,19.59,17.7,0.0,0,No Rain
2025-04-26,LOC002,25.69,69.16,1008.92,11.07,26.5,19.78,1.8,0.0,0,No Rain
2025-04-27,LOC002,26.48,67.77,1011.25,10.23,46.9,19.33,14.8,0.0,0,No Rain
2025-04-28,LOC002,25.93,68.57,1012.7,16.5,86.6,20.78,0.0,0.0,0,No Rain
2025-04-29,LOC002,25.38,59.63,1010.08,15.41,69.7,16.45,23.3,0.0,0,No Rain
2025-04-30,LOC002,29.93,68.88,1013.37,16.61,66.7,23.68,20.2,0.0,0,No Rain
2025-05-01,LOC002,26.72,59.15,1009.59,16.55,45.0,18.82,2.9,0.0,0,No Rain
2025-05-02,LOC002,27.07,54.77,1011.11,11.14,56.9,17.97,18.4,0.0,0,No Rain
2025-05-03,LOC002,27.09,55.26,1011.19,12.03,38.9,18.48,7.0,0.0,0,No Rain
2025-05-04,LOC002,30.44,56.83,1010.93,15.35,110.6,21.83,4.1,0.0,0,No Rain
2025-05-05,LOC002,26.65,57.91,1010.26,13.03,134.0,18.43,15.4,0.0,0,No Rain
2025-05-06,LOC002,28.52,62.61,1011.45,12.1,102.5,20.15,4.5,0.0,0,No Rain
2025-05-07,LOC002,27.81,68.54,1009.67,13.85,91.7,22.7,12.9,0.0,0,No Rain
2025-05-08,LOC002,28.79,66.9,1011.35,11.7,29.8,22.45,16.3,0.0,0,No Rain
2025-05-09,LOC002,31.28,62.25,1012.0,14.43,53.2,24.61,22.6,0.0,0,No Rain
2025-05-10,LOC002,27.83,63.91,1013.29,10.52,125.2,21.21,9.1,0.0,0,No Rain
2025-05-11,LOC002,27.18,72.49,1010.26,17.55,81.5,21.86,4.3,0.0,0,No Rain
2025-05-12,LOC002,30.38,63.93,1012.0,12.37,66.4,22.69,10.8,0.0,0,No Rain
2025-05-13,LOC002,23.53,71.77,1008.33,14.55,77.3,17.56,30.0,0.0,0,No Rain
2025-05-14,LOC002,26.09,60.58,1009.61,19.99,30.4,18.1,7.2,0.0,0,No Rain
2025-05-15,LOC002,26.1,66.35,1007.95,11.28,112.3,19.94,16.3,14.95,0,Light
2025-05-16,LOC002,24.13,65.6,1012.19,16.24,69.8,17.58,2.3,0.0,0,No Rain
2025-05-17,LOC002,25.25,59.09,1009.7,10.43,45.6,17.2,7.6,0.0,0,No Rain
2025-05-18,LOC002,28.89,62.83,1011.27,12.04,94.4,21.31,16.0,0.0,0,No Rain
2025-05-19,LOC002,26.63,78.03,1010.78,13.63,89.8,22.54,15.0,0.0,0,No Rain
2025-05-20,LOC002,26.58,67.11,1009.18,21.55,33.0,20.25,11.6,0.0,0,No Rain
2025-05-21,LOC002,24.64,61.26,1014.55,10.06,9.5,17.91,11.7,0.0,0,No Rain
2025-05-22,LOC002,27.89,55.84,1009.54,12.97,355.2,19.36,4.7,16.0,0,Moderate
2025-05-23,LOC002,30.13,56.58,1012.41,12.71,45.9,22.42,15.2,0.0,0,No Rain
2025-05-24,LOC002,28.07,67.95,1012.1,11.57,36.1,22.15,1.9,0.0,0,No Rain
2025-05-25,LOC002,27.39,72.32,1015.63,11.58,7.4,22.07,9.0,0.0,0,No Rain
2025-05-26,LOC002,25.93,59.89,1013.7,13.12,55.3,18.3,19.4,0.0,0,No Rain
2025-05-27,LOC002,26.89,67.93,1015.54,14.67,72.6,20.97,6.0,0.0,0,No Rain
2025-05-28,LOC002,29.08,60.79,1013.72,11.15,74.5,22.17,16.8,0.0,0,No Rain
2025-05-29,LOC002,24.37,58.21,1007.91,27.06,62.4,15.88,29.6,0.0,0,No Rain
2025-05-30,LOC002,24.5,72.11,1013.53,10.48,8.9,19.66,14.3,0.0,0,No Rain
2025-05-31,LOC002,26.27,76.11,1010.54,11.51,66.7,21.18,0.0,0.0,0,No Rain
2025-06-01,LOC002,28.84,53.34,1017.18,14.05,9.2,20.27,13.9,0.0,0,No Rain
2025-06-02,LOC002,26.9,63.54,1013.78,15.65,100.9,19.85,17.7,1.67,0,Light
2025-06-03,LOC002,26.11,64.27,1011.62,15.95,45.3,19.58,7.5,0.0,0,No Rain
2025-06-04,LOC002,27.47,63.32,1009.74,11.71,343.5,21.56,19.8,0.0,0,No Rain
2025-06-05,LOC002,27.1,58.01,1015.92,12.69,91.3,19.44,2.8,0.0,0,No Rain
2025-06-06,LOC002,32.21,69.05,1012.72,14.12,104.2,25.92,21.4,0.0,0,No Rain
2025-06-07,LOC002,26.47,62.15,1009.65,14.84,58.6,19.13,41.0,0.0,0,No Rain
2025-06-08,LOC002,31.6,63.43,1011.3,10.41,72.1,23.82,16.9,0.0,0,No Rain
2025-06-09,LOC002,27.01,65.45,1006.86,16.56,121.3,19.78,10.5,0.0,0,No Rain
2025-06-10,LOC002,30.39,72.78,1011.08,19.91,68.6,24.87,27.4,0.0,0,No Rain
2025-06-11,LOC002,26.84,68.22,1013.2,21.89,60.1,18.93,2.8,0.0,0,No Rain
2025-06-12,LOC002,26.81,61.68,1009.85,12.69,72.7,20.24,17.8,0.0,0,No Rain
2025-06-13,LOC002,29.04,61.45,1016.18,10.29,75.1,21.72,23.0,16.0,0,Moderate
2025-06-14,LOC002,28.88,68.49,1016.0,10.68,60.5,22.05,17.4,0.0,0,No Rain
2025-06-15,LOC002,31.76,62.98,1009.97,11.09,37.7,23.94,1.3,0.0,0,No Rain
2025-06-16,LOC002,30.48,63.02,1014.22,27.34,133.4,22.91,24.4,0.0,0,No Rain
2025-06-17,LOC002,25.96,62.18,1009.31,23.04,17.7,18.57,15.4,0.0,0,No Rain
2025-06-18,LOC002,23.69,62.16,1010.66,10.82,14.8,15.39,11.7,0.0,0,No Rain
2025-06-19,LOC002,25.95,57.15,1012.03,11.59,58.2,18.11,19.1,6.61,0,Light
2025-06-20,LOC002,28.46,69.14,1013.29,16.97,61.8,22.65,24.1,0.0,0,No Rain
2025-06-21,LOC002,24.4,69.27,1012.15,16.74,73.7,17.21,29.2,0.0,0,No Rain
2025-06-22,LOC002,28.24,60.65,1013.25,10.13,62.0,20.31,9.8,0.5,0,Light
2025-06-23,LOC002,28.06,62.26,1015.7,16.43,339.4,19.44,20.4,0.0,0,No Rain
2025-06-24,LOC002,30.66,69.57,1011.41,14.46,85.1,24.38,6.9,0.0,0,No Rain
2025-06-25,LOC002,26.21,65.58,1014.61,12.33,24.5,18.29,27.5,0.0,0,No Rain
2025-06-26,LOC002,25.76,63.58,1008.51,18.98,352.7,20.96,12.6,0.0,0,No Rain
2025-06-27,LOC002,28.99,64.84,1008.32,10.49,40.1,22.64,22.6,0.0,0,No Rain
2025-06-28,LOC002,26.62,69.69,1012.79,13.52,48.8,20.8,12.8,0.0,0,No Rain
2025-06-29,LOC002,29.19,50.67,1010.59,12.12,61.4,19.2,7.8,43.3,0,Moderate
2025-06-30,LOC002,27.44,60.38,1015.08,12.36,34.3,17.89,19.0,30.64,0,Moderate
2025-07-01,LOC002,27.65,70.05,1012.78,15.66,67.2,21.47,11.6,0.0,0,No Rain
2025-07-02,LOC002,28.27,57.26,1011.08,16.16,82.5,19.71,0.3,0.0,0,No Rain
2025-07-03,LOC002,25.01,57.75,1014.6,26.17,312.8,16.54,7.9,0.0,0,No Rain
2025-07-04,LOC002,29.11,58.62,1010.31,11.6,93.0,19.85,18.8,0.0,0,No Rain
2025-07-05,LOC002,24.86,58.81,1014.6,14.25,139.5,16.03,11.2,0.0,0,No Rain
2025-07-06,LOC002,27.64,68.93,1019.5,14.31,54.4,21.39,7.8,0.0,0,No Rain
2025-07-07,LOC002,26.29,64.03,1011.93,12.12,75.0,20.03,16.1,0.0,0,No Rain
2025-07-08,LOC002,26.39,65.42,1009.8,12.48,59.1,20.6,10.9,0.0,0,No Rain
2025-07-09,LOC002,27.11,66.08,1009.34,17.21,173.4,19.95,8.4,0.0,0,No Rain
2025-07-10,LOC002,30.61,60.39,1012.76,12.89,110.4,22.04,30.4,0.0,0,No Rain
2025-07-11,LOC002,31.24,71.37,1010.48,11.92,79.9,25.48,30.3,0.0,0,No Rain
2025-07-12,LOC002,26.47,56.29,1014.57,11.62,303.7,18.44,2.2,0.0,0,No Rain
2025-07-13,LOC002,29.59,67.36,1013.4,10.82,124.2,22.56,0.0,0.0,0,No Rain
2025-07-14,LOC002,30.09,78.1,1012.84,16.19,114.8,26.34,11.6,0.0,0,No Rain
2025-07-15,LOC002,29.52,72.78,1005.86,14.78,88.6,25.08,14.1,0.0,0,No Rain
2025-07-16,LOC002,27.12,69.11,1012.36,11.6,80.3,20.05,16.1,0.0,0,No Rain
2025-07-17,LOC002,29.63,58.14,1011.2,18.34,321.5,21.41,12.5,0.0,0,No Rain
2025-07-18,LOC002,28.34,73.56,1010.23,15.05,60.9,23.22,12.2,0.0,0,No Rain
2025-07-19,LOC002,31.87,60.68,1014.02,10.85,42.9,24.45,25.8,0.0,0,No Rain
2025-07-20,LOC002,28.02,62.6,1012.69,30.82,13.5,20.56,12.1,0.0,0,No Rain
2025-07-21,LOC002,29.61,70.21,1006.94,10.23,51.5,23.18,13.8,0.0,0,No Rain
2025-07-22,LOC002,30.33,53.55,1009.92,13.8,16.9,20.83,7.7,0.0,0,No Rain
2025-07-23,LOC002,31.07,80.62,1012.43,10.07,138.4,26.91,24.0,0.0,0,No Rain
2025-07-24,LOC002,32.37,67.35,1010.86,12.45,21.2,25.08,16.2,0.0,0,No Rain
2025-07-25,LOC002,28.42,61.24,1005.33,15.91,118.8,22.61,18.7,0.0,0,No Rain
2025-07-26,LOC002,30.09,62.61,1011.16,20.43,49.9,22.14,0.0,0.0,0,No Rain
2025-07-27,LOC002,33.07,47.2,1009.06,10.07,96.1,23.43,14.4,0.0,0,No Rain
2025-07-28,LOC002,27.22,77.62,1011.95,10.37,127.1,22.68,22.8,0.0,0,No Rain
2025-07-29,LOC002,33.14,71.56,1010.01,10.83,92.6,28.69,8.7,0.0,0,No Rain
2025-07-30,LOC002,26.77,67.91,1011.04,12.78,352.7,20.76,0.4,0.0,0,No Rain
2025-07-31,LOC002,26.25,60.2,1006.08,10.01,71.2,17.41,5.4,0.0,0,No Rain
2025-08-01,LOC002,30.49,58.45,1014.21,12.44,80.3,23.28,16.0,0.0,0,No Rain
2025-08-02,LOC002,29.38,75.66,1009.58,11.69,81.4,24.01,2.9,0.0,0,No Rain
2025-08-03,LOC002,33.3,67.23,1007.1,17.26,122.0,27.48,23.6,0.0,0,No Rain
2025-08-04,LOC002,32.95,64.5,1013.3,17.43,128.4,26.31,0.0,0.0,0,No Rain
2025-08-05,LOC002,32.99,70.53,1009.13,10.57,129.8,26.04,11.8,0.0,0,No Rain
2025-08-06,LOC002,33.73,60.91,1010.53,20.73,62.6,25.51,20.5,0.0,0,No Rain
2025-08-07,LOC002,26.06,58.99,1009.32,21.76,55.4,18.04,20.5,0.0,0,No Rain
2025-08-08,LOC002,28.58,65.9,1008.58,10.74,50.9,22.46,21.3,0.0,0,No Rain
2025-08-09,LOC002,30.07,65.13,1012.0,15.42,353.8,21.84,30.5,0.0,0,No Rain
2025-08-10,LOC002,30.0,72.5,1015.54,19.55,63.7,24.55,23.4,0.0,0,No Rain
2025-08-11,LOC002,31.64,64.51,1010.78,10.58,18.5,26.86,16.4,0.0,0,No Rain
2025-08-12,LOC002,32.53,67.89,1011.02,10.94,124.4,25.83,6.8,0.0,0,No Rain
2025-08-13,LOC002,27.99,52.31,1008.41,16.17,69.3,19.2,0.0,0.0,0,No Rain
2025-08-14,LOC002,28.44,74.12,1012.37,10.48,72.8,24.32,9.7,0.0,0,No Rain
2025-08-15,LOC002,29.79,54.64,1011.25,10.97,61.4,22.05,37.2,0.0,0,No Rain
2025-08-16,LOC002,33.86,70.3,1014.58,12.45,34.3,28.44,22.2,0.0,0,No Rain
2025-08-17,LOC002,28.83,67.8,1013.06,10.82,109.5,22.5,11.9,0.0,0,No Rain
2025-08-18,LOC002,35.25,65.07,1009.46,13.37,26.9,27.1,15.4,2.84,0,Light
2025-08-19,LOC002,35.72,65.71,1008.46,17.17,97.0,28.92,14.1,0.0,0,No Rain
2025-08-20,LOC002,31.34,69.28,1005.54,14.18,51.5,25.35,22.5,0.0,0,No Rain
2025-08-21,LOC002,31.01,51.13,1013.7,10.12,323.6,21.58,5.0,0.0,0,No Rain
2025-08-22,LOC002,30.05,66.6,1011.08,18.21,331.0,23.32,15.6,0.0,0,No Rain
2025-08-23,LOC002,35.67,63.92,1008.39,12.34,89.6,28.29,12.1,0.0,0,No Rain
2025-08-24,LOC002,30.39,67.06,1010.42,20.78,63.2,23.33,15.5,0.0,0,No Rain
2025-08-25,LOC002,32.12,60.8,1005.47,10.54,36.1,23.97,12.7,0.0,0,No Rain
2025-08-26,LOC002,33.11,58.92,1012.83,12.48,10.3,26.13,0.0,0.0,0,No Rain
2025-08-27,LOC002,33.74,54.24,1011.17,10.27,41.8,24.79,2.0,0.0,0,No Rain
2025-08-28,LOC002,36.21,54.96,1013.18,19.38,93.6,27.6,25.0,0.0,0,No Rain
2025-08-29,LOC002,33.09,61.42,1011.29,13.8,38.3,24.89,6.9,0.0,0,No Rain
2025-08-30,LOC002,35.2,64.48,1010.31,10.15,70.4,27.34,5.9,0.0,0,No Rain
2025-08-31,LOC002,31.71,75.04,1012.11,17.65,34.1,28.34,15.6,0.0,0,No Rain
2025-09-01,LOC002,29.88,71.12,1013.63,13.43,317.9,22.58,19.6,0.0,0,No Rain
2025-09-02,LOC002,35.7,69.81,1011.18,12.5,41.6,29.68,20.6,0.0,0,No Rain
2025-09-03,LOC002,33.43,56.38,1010.64,11.08,121.8,24.07,38.2,0.0,0,No Rain
2025-09-04,LOC002,33.62,58.73,1009.97,12.16,44.9,24.84,6.5,0.0,0,No Rain
2025-09-05,LOC002,37.44,71.45,1007.12,13.72,48.6,32.0,15.9,0.0,0,No Rain
2025-09-06,LOC002,33.42,72.77,1010.55,14.14,32.1,27.55,5.7,0.0,0,No Rain
2025-09-07,LOC002,35.4,64.6,1011.57,21.02,12.8,27.56,19.3,0.0,0,No Rain
2025-09-08,LOC002,35.77,56.16,1006.53,23.41,163.4,26.71,16.1,0.0,0,No Rain
2025-09-09,LOC002,35.12,63.56,1010.49,11.92,39.1,28.39,33.0,0.0,0,No Rain
2025-09-10,LOC002,32.39,70.6,1013.91,18.18,106.5,25.61,44.7,0.0,0,No Rain
2025-09-11,LOC002,31.87,64.0,1010.14,11.04,56.8,23.38,32.9,0.0,0,No Rain
2025-09-12,LOC002,33.22,53.42,1007.21,24.31,114.1,23.83,28.3,0.0,0,No Rain
2025-09-13,LOC002,35.55,73.84,1012.99,15.83,41.5,29.45,32.2,0.0,0,No Rain
2025-09-14,LOC002,33.56,68.87,1006.56,12.97,55.2,26.86,22.4,0.0,0,No Rain
2025-09-15,LOC002,32.28,70.44,1011.31,11.13,46.5,26.97,12.3,0.0,0,No Rain
2025-09-16,LOC002,35.47,72.29,1009.84,14.27,73.9,29.09,24.8,0.0,0,No Rain
2025-09-17,LOC002,32.73,67.32,1014.64,14.02,89.0,26.02,2.9,1.43,0,Light
2025-09-18,LOC002,33.49,74.27,1011.92,11.09,7.6,30.12,18.5,0.0,0,No Rain
2025-09-19,LOC002,36.97,63.82,1010.03,12.58,88.1,29.62,31.3,62.39,0,Moderate
2025-09-20,LOC002,36.43,68.1,1009.63,16.14,41.8,30.45,16.9,4.8,0,Light
2025-09-21,LOC002,35.87,62.88,1008.39,20.17,71.4,28.2,29.2,0.0,0,No Rain
2025-09-22,LOC002,33.29,55.93,1007.87,14.06,100.0,25.67,22.3,0.0,0,No Rain
2025-09-23,LOC002,34.15,67.17,1010.63,12.38,13.8,26.7,23.9,0.0,0,No Rain
2025-09-24,LOC002,37.85,74.04,1007.68,11.7,42.8,30.66,6.5,0.0,0,No Rain
2025-09-25,LOC002,32.49,71.63,1008.07,14.37,33.6,26.95,16.1,0.0,0,No Rain
2025-09-26,LOC002,36.19,67.79,1011.19,13.4,62.0,28.77,10.2,0.0,0,No Rain
2025-09-27,LOC002,39.41,55.84,1009.62,12.82,359.2,30.89,20.2,0.0,0,No Rain
2025-09-28,LOC002,35.52,74.09,1010.27,15.59,9.7,30.49,15.5,0.0,0,No Rain
2025-09-29,LOC002,37.25,70.15,1013.13,15.02,88.3,31.68,13.6,0.0,0,No Rain
2025-09-30,LOC002,35.4,68.64,1009.56,23.32,76.1,28.16,25.3,0.0,0,No Rain
2025-10-01,LOC002,30.99,87.97,1001.59,18.02,111.9,27.71,39.6,7.47,0,Light
2025-10-02,LOC002,33.61,80.74,1004.94,25.46,62.1,29.86,59.1,0.0,0,No Rain
2025-10-03,LOC002,33.34,85.71,1006.6,20.31,36.5,29.77,56.6,0.0,0,No Rain
2025-10-04,LOC002,34.18,77.81,1004.94,19.58,152.1,29.14,63.6,0.0,0,No Rain
2025-10-05,LOC002,33.02,84.69,1004.23,20.7,25.0,29.98,60.2,1.51,0,Light
2025-10-06,LOC002,34.37,85.81,1010.36,19.85,51.8,31.46,62.1,0.0,0,No Rain
2025-10-07,LOC002,35.63,75.34,1006.9,24.32,342.1,30.62,64.6,0.0,0,No Rain
2025-10-08,LOC002,32.88,83.33,1007.36,24.1,32.2,28.86,54.4,9.32,0,Light
2025-10-09,LOC002,30.87,89.0,1005.59,18.43,13.4,30.6,64.6,0.0,0,No Rain
2025-10-10,LOC002,35.3,82.13,1006.64,20.9,46.7,31.23,48.9,65.0,1,Heavy
2025-10-11,LOC002,37.21,87.84,1004.26,18.26,34.5,32.0,60.2,4.06,0,Light
2025-10-12,LOC002,32.92,87.87,1006.82,22.27,101.7,32.0,70.6,0.0,0,No Rain
2025-10-13,LOC002,32.57,75.11,1001.26,22.55,344.9,28.53,51.1,0.0,0,No Rain
2025-10-14,LOC002,33.75,93.3,1007.49,26.31,71.0,32.0,44.1,2.35,0,Light
2025-10-15,LOC002,34.46,80.47,1006.38,20.17,86.8,31.29,51.9,7.46,0,Light
2025-10-16,LOC002,33.43,86.01,1003.3,22.93,90.7,30.14,39.0,0.0,0,No Rain
2025-10-17,LOC002,33.13,74.84,1005.05,19.6,20.2,28.83,59.2,0.0,0,No Rain
2025-10-18,LOC002,34.67,80.79,1008.97,18.58,98.7,30.36,62.9,0.0,0,No Rain
2025-10-19,LOC002,34.02,86.47,1007.08,23.92,91.1,31.56,51.5,0.5,0,Light
2025-10-20,LOC002,34.92,72.02,1002.28,20.44,119.0,28.78,49.9,78.51,1,Heavy
2025-10-21,LOC002,31.8,83.6,1003.78,18.03,32.3,29.55,47.3,62.68,0,Moderate
2025-10-22,LOC002,34.59,79.06,1001.8,23.39,40.0,30.5,29.9,1.87,0,Light
2025-10-23,LOC002,30.86,74.4,1005.72,20.25,84.2,26.24,65.7,92.31,1,Heavy
2025-10-24,LOC002,33.64,77.24,996.27,24.95,11.1,29.78,50.3,0.0,0,No Rain
2025-10-25,LOC002,33.55,85.76,1002.31,20.9,32.1,29.62,51.7,0.0,0,No Rain
2025-10-26,LOC002,34.27,84.35,1006.8,40.63,71.8,30.62,47.2,0.0,0,No Rain
2025-10-27,LOC002,31.95,73.49,1004.11,19.37,3.9,26.5,49.4,0.64,0,Light
2025-10-28,LOC002,35.61,82.87,1002.47,21.07,333.4,30.9,49.3,2.1,0,Light
2025-10-29,LOC002,34.32,89.98,1002.58,17.97,72.4,32.0,45.5,1.34,0,Light
2025-10-30,LOC002,35.21,83.95,1004.36,20.11,70.3,31.75,62.5,0.0,0,No Rain
2025-10-31,LOC002,35.24,87.17,1005.43,19.52,64.3,32.0,62.7,41.52,0,Moderate
2025-11-01,LOC002,31.76,94.12,993.22,27.73,58.5,29.36,95.5,77.32,1,Heavy
2025-11-02,LOC002,34.98,99.0,998.57,27.46,340.4,32.0,95.6,16.0,0,Moderate
2025-11-03,LOC002,35.67,99.0,997.52,29.56,358.7,32.0,84.9,20.69,0,Moderate
2025-11-04,LOC002,32.81,97.86,998.21,35.81,90.4,32.0,74.7,9.93,0,Light
2025-11-05,LOC002,32.18,98.43,994.18,25.67,43.8,32.0,86.1,24.06,0,Moderate
2025-11-06,LOC002,33.21,98.05,1000.61,27.29,46.0,32.0,74.2,1.22,0,Light
2025-11-07,LOC002,33.21,99.0,996.16,25.66,14.3,32.0,97.0,60.01,0,Moderate
2025-11-08,LOC002,33.96,99.0,996.26,28.15,324.8,32.0,96.1,5.43,0,Light
2025-11-09,LOC002,34.13,99.0,1002.17,25.78,78.0,32.0,93.9,64.0,0,Moderate
2025-11-10,LOC002,38.12,99.0,999.47,36.11,79.6,32.0,88.7,0.5,0,Light
2025-11-11,LOC002,33.16,90.89,993.44,25.18,77.2,30.49,73.9,0.0,0,No Rain
2025-11-12,LOC002,33.91,91.4,994.25,29.77,80.4,32.0,80.3,6.16,0,Light
2025-11-13,LOC002,34.57,97.85,1000.31,27.16,46.9,32.0,100.0,2.23,0,Light
2025-11-14,LOC002,36.2,91.8,994.83,30.78,14.0,32.0,100.0,6.46,0,Light
2025-11-15,LOC002,32.69,99.0,998.94,29.67,57.4,32.0,73.8,0.0,0,No Rain
2025-11-16,LOC002,32.39,95.42,995.32,26.12,74.3,31.67,100.0,1.49,0,Light
2025-11-17,LOC002,36.8,99.0,993.13,27.55,54.4,32.0,99.6,16.0,0,Moderate
2025-11-18,LOC002,35.72,98.0,996.49,26.65,8.8,32.0,96.3,3.18,0,Light
2025-11-19,LOC002,32.48,99.0,999.46,34.57,124.2,31.97,63.6,16.0,0,Moderate
2025-11-20,LOC002,33.54,99.0,991.88,31.15,57.9,32.0,100.0,3.75,0,Light
2025-11-21,LOC002,34.89,89.95,998.27,26.17,52.6,32.0,76.1,2.46,0,Light
2025-11-22,LOC002,33.31,99.0,999.21,25.21,28.1,32.0,94.1,0.0,0,No Rain
2025-11-23,LOC002,30.62,99.0,999.67,34.61,54.0,29.03,86.0,30.99,0,Moderate
2025-11-24,LOC002,34.75,96.48,994.47,28.95,60.6,32.0,87.6,6.62,0,Light
2025-11-25,LOC002,33.7,99.0,1000.08,26.65,308.7,32.0,100.0,7.35,0,Light
2025-11-26,LOC002,30.73,97.79,1001.64,27.91,20.9,31.07,94.5,5.97,0,Light
2025-11-27,LOC002,36.94,99.0,999.34,25.89,329.7,32.0,100.0,65.0,1,Heavy
2025-11-28,LOC002,31.72,98.88,998.31,25.08,68.9,31.12,100.0,0.93,0,Light
2025-11-29,LOC002,36.93,99.0,1002.86,35.51,31.1,32.0,95.5,0.87,0,Light
2025-11-30,LOC002,30.59,99.0,998.88,25.8,114.9,30.08,91.0,33.61,0,Moderate
2025-12-01,LOC002,35.8,76.19,998.25,20.5,21.2,32.0,40.0,1.56,0,Light
2025-12-02,LOC002,38.17,80.71,1002.6,21.66,30.9,32.0,25.5,0.0,0,No Rain
2025-12-03,LOC002,35.23,86.17,996.48,27.36,52.4,32.0,56.8,11.82,0,Light
2025-12-04,LOC002,35.34,84.36,1005.3,19.42,331.4,32.0,61.8,0.5,0,Light
2025-12-05,LOC002,36.69,76.81,1005.55,23.34,74.8,32.0,54.7,1.36,0,Light
2025-12-06,LOC002,33.7,80.88,1007.6,19.68,10.1,30.5,47.0,0.0,0,No Rain
2025-12-07,LOC002,34.75,79.96,1008.83,18.07,41.7,30.43,81.2,0.0,0,No Rain
2025-12-08,LOC002,31.45,83.96,1003.35,20.61,48.9,28.53,54.5,81.8,1,Heavy
2025-12-09,LOC002,36.77,73.79,1003.82,20.16,316.9,31.61,59.3,0.0,0,No Rain
2025-12-10,LOC002,31.91,69.59,999.49,18.59,75.3,26.58,53.4,6.79,0,Light
2025-12-11,LOC002,30.8,90.91,1003.82,19.39,88.8,28.03,61.8,5.17,0,Light
2025-12-12,LOC002,36.11,73.81,1001.13,22.73,89.6,30.37,61.4,5.48,0,Light
2025-12-13,LOC002,32.89,92.56,1003.44,22.42,40.8,31.61,55.9,0.0,0,No Rain
2025-12-14,LOC002,36.96,81.21,1007.99,18.83,91.6,32.0,54.6,0.0,0,No Rain
2025-12-15,LOC002,35.74,77.7,1005.04,18.44,29.4,30.56,61.4,52.5,0,Moderate
2025-12-16,LOC002,33.75,81.52,1003.64,20.83,109.5,29.62,52.7,3.21,0,Light
2025-12-17,LOC002,33.56,73.3,1002.82,19.97,27.4,27.94,60.0,2.51,0,Light
2025-12-18,LOC002,33.89,79.02,1001.84,19.43,46.3,29.49,51.9,0.0,0,No Rain
2025-12-19,LOC002,36.56,89.47,1005.05,20.32,67.8,32.0,58.9,2.6,0,Light
2025-12-20,LOC002,35.4,78.77,1000.92,23.25,1.9,31.98,50.4,0.0,0,No Rain
2025-12-21,LOC002,32.14,74.92,1008.94,24.42,58.2,26.78,56.3,0.0,0,No Rain
2025-12-22,LOC002,37.55,84.48,1005.14,20.4,17.3,32.0,65.4,0.0,0,No Rain
2025-12-23,LOC002,31.55,85.76,1007.99,23.46,62.6,30.05,77.5,0.0,0,No Rain
2025-12-24,LOC002,35.36,76.72,1002.13,26.75,41.4,30.94,72.7,0.0,0,No Rain
2025-12-25,LOC002,34.34,89.09,1006.46,25.25,39.7,31.56,52.3,2.58,0,Light
2025-12-26,LOC002,33.35,80.26,1005.5,21.65,109.4,29.91,69.1,0.0,0,No Rain
2025-12-27,LOC002,32.79,95.97,1002.87,18.6,334.5,32.0,37.8,28.77,0,Moderate
2025-12-28,LOC002,33.42,82.18,1003.3,19.9,73.1,29.82,62.8,0.0,0,No Rain
2025-12-29,LOC002,37.53,82.6,1003.38,21.43,42.1,32.0,53.3,0.5,0,Light
2025-12-30,LOC002,36.09,80.0,1007.09,20.42,40.8,32.0,53.5,0.0,0,No Rain
2025-12-31,LOC002,32.03,80.74,1006.64,25.9,54.2,30.42,58.4,16.78,0,Moderate
2024-01-01,LOC003,34.12,47.57,935.34,13.95,71.6,24.06,25.2,0.0,0,No Rain
2024-01-02,LOC003,29.65,47.41,938.41,11.67,56.7,18.84,16.9,0.0,0,No Rain
2024-01-03,LOC003,34.4,52.97,935.11,11.41,112.6,26.81,33.2,0.0,0,No Rain
2024-01-04,LOC003,32.93,51.48,934.97,14.36,52.0,24.82,9.1,0.0,0,No Rain
2024-01-05,LOC003,33.48,64.47,934.97,20.14,63.0,26.65,32.0,0.0,0,No Rain
2024-01-06,LOC003,32.69,60.14,933.67,20.47,25.4,24.1,9.8,0.0,0,No Rain
2024-01-07,LOC003,29.32,63.53,930.0,15.32,158.1,22.85,24.5,0.0,0,No Rain
2024-01-08,LOC003,33.56,73.58,933.77,13.09,96.6,28.3,16.3,0.0,0,No Rain
2024-01-09,LOC003,29.75,56.14,933.08,16.6,11.0,21.33,34.8,0.0,0,No Rain
2024-01-10,LOC003,32.11,60.39,933.29,12.82,64.6,23.14,9.1,0.0,0,No Rain
2024-01-11,LOC003,33.87,59.72,931.74,17.75,71.6,26.43,18.8,0.0,0,No Rain
2024-01-12,LOC003,35.99,59.23,934.34,11.51,13.3,26.22,15.0,0.0,0,No Rain
2024-01-13,LOC003,30.89,44.33,936.57,18.42,64.0,20.19,5.0,0.0,0,No Rain
2024-01-14,LOC003,34.92,53.69,933.12,19.3,134.2,25.96,19.8,0.0,0,No Rain
2024-01-15,LOC003,33.42,54.62,934.91,15.14,68.2,23.95,21.1,0.0,0,No Rain
2024-01-16,LOC003,32.83,53.83,933.78,10.26,113.7,23.67,16.4,0.0,0,No Rain
2024-01-17,LOC003,29.3,55.18,931.08,13.54,147.9,21.3,15.7,0.0,0,No Rain
2024-01-18,LOC003,31.26,51.03,934.7,14.46,81.9,22.04,29.4,0.0,0,No Rain
2024-01-19,LOC003,34.2,47.45,936.67,19.09,61.2,23.74,10.6,0.0,0,No Rain
2024-01-20,LOC003,28.47,52.09,929.61,14.01,36.5,19.62,21.5,0.0,0,No Rain
2024-01-21,LOC003,29.68,55.42,936.64,10.38,1.0,20.47,15.3,0.0,0,No Rain
2024-01-22,LOC003,28.45,58.39,937.49,12.23,62.2,20.47,6.7,0.0,0,No Rain
2024-01-23,LOC003,30.23,53.56,933.73,14.87,38.5,21.1,20.7,0.0,0,No Rain
2024-01-24,LOC003,31.3,50.32,932.48,11.76,37.6,21.22,16.3,0.0,0,No Rain
2024-01-25,LOC003,32.31,37.35,931.94,22.65,80.5,20.59,20.1,0.0,0,No Rain
2024-01-26,LOC003,30.05,59.54,933.37,11.24,359.7,22.75,13.3,0.0,0,No Rain
2024-01-27,LOC003,28.93,58.41,932.79,15.23,55.9,20.33,1.4,0.0,0,No Rain
2024-01-28,LOC003,31.16,53.65,932.13,10.35,68.7,21.95,14.8,0.0,0,No Rain
2024-01-29,LOC003,32.09,56.32,933.28,13.74,90.9,24.04,25.1,0.0,0,No Rain
2024-01-30,LOC003,32.18,45.52,934.21,12.57,97.1,20.78,18.7,0.0,0,No Rain
2024-01-31,LOC003,31.43,47.5,935.52,10.42,105.4,21.42,19.2,0.0,0,No Rain
2024-02-01,LOC003,30.75,48.69,931.26,23.66,57.9,19.87,6.2,0.0,0,No Rain
2024-02-02,LOC003,31.14,57.31,928.83,14.86,70.7,22.36,22.2,0.0,0,No Rain
2024-02-03,LOC003,31.51,42.77,931.06,15.02,23.5,20.27,8.8,0.0,0,No Rain
2024-02-04,LOC003,30.21,49.53,936.18,12.53,93.9,19.77,20.8,0.0,0,No Rain
2024-02-05,LOC003,32.85,38.08,935.79,17.54,110.9,20.42,15.6,0.0,0,No Rain
2024-02-06,LOC003,31.28,46.05,934.0,10.35,130.1,21.94,15.5,0.0,0,No Rain
2024-02-07,LOC003,32.24,49.9,934.08,10.13,25.6,22.24,22.5,0.0,0,No Rain
2024-02-08,LOC003,30.32,59.23,934.47,16.69,125.4,23.92,11.0,0.0,0,No Rain
2024-02-09,LOC003,32.29,45.68,936.21,11.08,45.9,20.62,18.5,0.0,0,No Rain
2024-02-10,LOC003,30.66,50.35,934.4,13.36,86.4,21.23,17.0,0.0,0,No Rain
2024-02-11,LOC003,26.82,56.6,932.21,11.43,27.0,18.75,12.8,0.0,0,No Rain
2024-02-12,LOC003,29.93,57.3,936.22,10.32,93.2,22.13,17.3,0.0,0,No Rain
2024-02-13,LOC003,30.83,59.31,937.08,19.3,15.1,24.03,12.6,0.0,0,No Rain
2024-02-14,LOC003,28.97,49.59,931.89,10.74,57.0,20.03,3.8,0.0,0,No Rain
2024-02-15,LOC003,30.3,62.67,932.77,11.01,4.8,23.33,32.8,0.0,0,No Rain
2024-02-16,LOC003,30.88,60.79,936.37,13.63,100.0,23.35,27.0,0.0,0,No Rain
2024-02-17,LOC003,31.41,48.97,932.78,12.43,34.2,22.09,18.9,0.0,0,No Rain
2024-02-18,LOC003,31.82,57.56,929.18,13.56,60.5,23.36,9.8,0.0,0,No Rain
2024-02-19,LOC003,26.22,44.37,931.94,17.15,62.0,15.24,0.0,0.0,0,No Rain
2024-02-20,LOC003,28.66,52.42,930.3,10.0,38.5,18.72,6.0,0.0,0,No Rain
2024-02-21,LOC003,31.97,53.24,930.98,13.05,64.2,22.5,31.7,0.0,0,No Rain
2024-02-22,LOC003,30.22,50.16,933.1,12.89,127.4,20.08,20.1,0.0,0,No Rain
2024-02-23,LOC003,30.51,50.77,934.21,11.92,357.2,21.65,15.4,0.0,0,No Rain
2024-02-24,LOC003,28.08,57.29,933.89,13.36,64.9,20.68,16.7,0.0,0,No Rain
2024-02-25,LOC003,27.31,60.45,935.69,14.36,41.7,18.31,15.7,0.0,0,No Rain
2024-02-26,LOC003,27.25,55.2,929.83,10.04,84.2,18.72,0.3,0.0,0,No Rain
2024-02-27,LOC003,32.58,63.63,934.54,23.95,83.9,25.9,9.1,0.0,0,No Rain
2024-02-28,LOC003,31.49,60.0,933.11,11.38,343.9,23.93,12.3,0.0,0,No Rain
2024-02-29,LOC003,23.17,41.63,934.64,12.1,127.1,11.58,12.1,0.0,0,No Rain
2024-03-01,LOC003,27.75,47.51,929.67,11.57,154.5,17.28,22.7,0.0,0,No Rain
2024-03-02,LOC003,26.58,63.07,933.12,18.59,142.2,20.11,16.7,0.0,0,No Rain
2024-03-03,LOC003,28.78,52.55,937.59,10.26,85.2,17.99,28.8,0.0,0,No Rain
2024-03-04,LOC003,29.25,65.71,933.88,13.76,51.4,23.08,11.5,0.0,0,No Rain
2024-03-05,LOC003,28.38,56.36,937.13,16.17,97.0,18.93,3.6,0.0,0,No Rain
2024-03-06,LOC003,28.89,60.46,936.42,11.19,138.7,20.43,33.0,0.0,0,No Rain
2024-03-07,LOC003,26.95,56.55,932.82,14.27,40.8,17.69,0.0,0.0,0,No Rain
2024-03-08,LOC003,26.49,58.14,936.58,11.03,12.9,18.62,8.8,16.0,0,Moderate
2024-03-09,LOC003,27.25,41.69,935.72,15.63,22.3,15.6,0.0,0.0,0,No Rain
2024-03-10,LOC003,28.99,62.88,931.94,15.61,89.7,21.21,28.7,0.0,0,No Rain
2024-03-11,LOC003,30.75,47.13,935.58,14.46,88.9,20.1,0.0,0.0,0,No Rain
2024-03-12,LOC003,24.41,53.93,932.5,10.32,36.1,15.24,23.3,0.0,0,No Rain
2024-03-13,LOC003,32.01,58.65,932.3,24.89,24.8,23.57,14.5,0.0,0,No Rain
2024-03-14,LOC003,28.24,53.83,932.64,10.35,63.6,16.99,10.1,0.0,0,No Rain
2024-03-15,LOC003,28.85,54.4,935.28,10.64,72.4,19.44,12.5,0.0,0,No Rain
2024-03-16,LOC003,23.29,55.86,931.39,11.54,63.8,15.0,15.4,0.0,0,No Rain
2024-03-17,LOC003,26.93,51.21,935.15,10.28,6.7,19.02,7.6,0.0,0,No Rain
2024-03-18,LOC003,29.69,51.42,927.77,11.68,38.8,19.95,13.9,0.0,0,No Rain
2024-03-19,LOC003,25.46,57.66,934.51,10.65,85.4,16.67,22.5,0.0,0,No Rain
2024-03-20,LOC003,29.4,55.54,933.97,12.62,350.6,20.13,39.4,0.0,0,No Rain
2024-03-21,LOC003,25.35,49.48,934.16,14.58,31.6,16.8,15.6,0.0,0,No Rain
2024-03-22,LOC003,25.45,54.0,934.8,15.38,66.8,16.84,15.7,0.0,0,No Rain
2024-03-23,LOC003,30.92,62.85,932.74,13.24,76.4,23.89,17.8,0.0,0,No Rain
2024-03-24,LOC003,31.2,55.83,935.95,20.68,57.2,22.61,0.0,0.0,0,No Rain
2024-03-25,LOC003,26.96,55.12,935.99,12.73,86.8,18.1,26.4,0.0,0,No Rain
2024-03-26,LOC003,26.13,49.74,933.32,11.76,70.3,16.45,6.5,0.0,0,No Rain
2024-03-27,LOC003,29.1,64.26,934.29,13.69,43.0,22.52,17.9,0.0,0,No Rain
2024-03-28,LOC003,26.52,55.98,937.34,10.12,51.7,17.72,32.6,0.0,0,No Rain
2024-03-29,LOC003,27.0,51.94,935.77,13.28,8.9,18.5,1.6,0.0,0,No Rain
2024-03-30,LOC003,25.06,59.18,935.46,10.81,98.4,16.34,26.1,0.0,0,No Rain
2024-03-31,LOC003,26.31,48.6,931.95,12.58,52.9,14.84,0.0,2.07,0,Light
2024-04-01,LOC003,24.46,63.76,935.13,10.57,63.4,17.29,11.6,0.0,0,No Rain
2024-04-02,LOC003,26.1,56.97,935.55,14.13,140.8,17.79,21.1,0.0,0,No Rain
2024-04-03,LOC003,30.35,51.74,932.76,10.88,58.8,21.76,15.1,0.0,0,No Rain
2024-04-04,LOC003,21.73,57.13,934.13,11.82,44.1,13.47,0.4,0.0,0,No Rain
2024-04-05,LOC003,27.16,49.87,933.56,12.49,94.7,16.44,19.0,0.0,0,No Rain
2024-04-06,LOC003,28.81,73.03,932.04,13.49,73.9,24.87,22.4,0.0,0,No Rain
2024-04-07,LOC003,22.96,60.21,935.46,10.62,99.4,15.34,16.4,0.0,0,No Rain
2024-04-08,LOC003,26.67,59.98,931.15,19.57,19.6,18.22,13.8,0.0,0,No Rain
2024-04-09,LOC003,26.23,53.28,934.35,10.59,75.7,17.94,9.9,0.0,0,No Rain
2024-04-10,LOC003,26.92,57.71,931.27,11.79,6.8,17.55,7.8,0.0,0,No Rain
2024-04-11,LOC003,25.01,58.97,934.86,20.8,87.9,16.62,13.5,0.0,0,No Rain
2024-04-12,LOC003,24.72,69.55,933.4,14.4,6.7,20.1,8.7,0.0,0,No Rain
2024-04-13,LOC003,23.01,48.94,932.57,10.3,99.6,12.54,6.4,0.0,0,No Rain
2024-04-14,LOC003,26.69,45.02,932.75,15.27,29.1,14.95,18.3,0.0,0,No Rain
2024-04-15,LOC003,27.64,58.27,930.66,11.6,73.7,20.27,11.7,0.0,0,No Rain
2024-04-16,LOC003,24.28,60.21,936.85,10.44,29.0,14.84,33.1,31.39,0,Moderate
2024-04-17,LOC003,23.62,58.44,932.87,12.1,78.4,15.51,15.1,0.0,0,No Rain
2024-04-18,LOC003,24.42,61.76,931.81,21.6,25.2,16.17,15.0,0.0,0,No Rain
2024-04-19,LOC003,26.38,49.05,936.09,18.57,87.6,15.0,14.8,0.0,0,No Rain
2024-04-20,LOC003,23.07,52.66,935.01,11.18,31.3,15.07,19.0,0.0,0,No Rain
2024-04-21,LOC003,23.9,52.42,930.91,11.18,318.2,13.57,29.6,0.0,0,No Rain
2024-04-22,LOC003,24.41,54.79,934.19,11.28,333.6,15.03,25.6,0.0,0,No Rain
2024-04-23,LOC003,24.21,49.99,933.41,13.32,29.5,15.52,22.3,0.0,0,No Rain
2024-04-24,LOC003,25.17,50.54,932.44,10.37,50.6,14.89,0.0,1.47,0,Light
2024-04-25,LOC003,25.76,58.52,937.62,11.33,312.8,17.23,24.6,0.0,0,No Rain
2024-04-26,LOC003,23.73,48.77,934.96,11.64,120.3,13.6,8.9,0.0,0,No Rain
2024-04-27,LOC003,27.39,56.22,935.02,14.67,324.3,18.91,14.0,0.0,0,No Rain
2024-04-28,LOC003,23.76,55.13,932.59,12.12,133.4,13.44,2.9,0.51,0,Light
2024-04-29,LOC003,24.58,51.94,930.53,11.37,63.7,15.51,3.5,0.0,0,No Rain
2024-04-30,LOC003,27.72,61.61,932.83,13.02,18.3,20.21,19.9,0.0,0,No Rain
2024-05-01,LOC003,25.59,61.06,932.62,15.37,115.6,16.59,2.3,0.0,0,No Rain
2024-05-02,LOC003,27.22,66.82,928.02,12.46,67.7,21.86,19.3,0.0,0,No Rain
2024-05-03,LOC003,23.28,53.16,935.55,11.55,59.0,13.76,27.1,0.0,0,No Rain
2024-05-04,LOC003,20.2,55.94,935.51,11.87,65.5,11.04,22.2,0.0,0,No Rain
2024-05-05,LOC003,24.08,58.97,929.22,13.54,52.8,17.0,25.7,0.0,0,No Rain
2024-05-06,LOC003,22.99,56.99,936.99,18.86,88.6,14.07,21.5,0.0,0,No Rain
2024-05-07,LOC003,23.69,65.96,934.29,15.94,79.5,17.74,14.2,0.0,0,No Rain
2024-05-08,LOC003,19.54,55.65,934.25,21.91,10.0,10.92,26.7,0.0,0,No Rain
2024-05-09,LOC003,25.83,58.31,935.37,12.83,58.4,16.92,30.4,0.0,0,No Rain
2024-05-10,LOC003,22.38,62.0,933.56,17.14,79.5,15.42,44.6,0.0,0,No Rain
2024-05-11,LOC003,24.64,62.4,931.21,13.74,102.1,17.84,27.0,0.0,0,No Rain
2024-05-12,LOC003,28.35,53.68,932.51,15.71,73.4,18.78,26.7,2.49,0,Light
2024-05-13,LOC003,26.05,49.57,927.48,20.13,120.3,16.38,27.2,0.0,0,No Rain
2024-05-14,LOC003,22.17,59.89,935.43,11.46,13.3,15.12,40.8,0.0,0,No Rain
2024-05-15,LOC003,23.62,56.71,935.91,12.33,26.0,14.74,21.8,3.43,0,Light
2024-05-16,LOC003,25.17,58.73,930.82,11.4,119.0,15.76,17.8,0.0,0,No Rain
2024-05-17,LOC003,22.92,58.01,929.62,11.42,354.2,14.62,19.5,0.0,0,No Rain
2024-05-18,LOC003,22.58,62.82,934.18,25.62,82.9,16.25,10.0,0.0,0,No Rain
2024-05-19,LOC003,23.36,57.8,933.16,13.96,342.2,13.74,0.0,0.0,0,No Rain
2024-05-20,LOC003,24.47,59.84,932.15,12.71,22.6,17.31,19.7,0.0,0,No Rain
2024-05-21,LOC003,23.27,64.46,929.05,16.52,53.8,16.89,16.1,0.0,0,No Rain
2024-05-22,LOC003,22.47,64.22,930.98,16.49,82.3,15.8,15.0,0.0,0,No Rain
2024-05-23,LOC003,28.04,49.66,933.51,15.96,50.8,18.31,36.3,0.0,0,No Rain
2024-05-24,LOC003,22.01,54.19,931.87,16.87,118.0,11.95,13.9,0.0,0,No Rain
2024-05-25,LOC003,22.8,66.91,933.56,15.67,98.7,16.08,28.4,0.0,0,No Rain
2024-05-26,LOC003,20.72,66.58,933.35,12.04,64.1,13.54,10.1,0.0,0,No Rain
2024-05-27,LOC003,26.76,52.26,936.29,18.36,49.4,17.44,38.5,0.0,0,No Rain
2024-05-28,LOC003,24.16,53.82,934.48,14.8,25.8,15.84,24.3,0.0,0,No Rain
2024-05-29,LOC003,23.25,56.36,932.12,14.82,58.5,14.52,18.3,0.0,0,No Rain
2024-05-30,LOC003,23.3,58.69,930.46,12.18,42.9,16.64,16.8,0.0,0,No Rain
2024-05-31,LOC003,22.8,53.17,928.56,11.57,63.1,13.99,27.4,0.0,0,No Rain
2024-06-01,LOC003,25.57,70.71,927.05,18.24,110.2,20.17,56.7,53.85,0,Moderate
2024-06-02,LOC003,23.21,63.99,922.32,30.74,62.8,15.88,47.0,0.0,0,No Rain
2024-06-03,LOC003,19.09,64.33,930.0,16.34,99.5,12.55,58.8,2.45,0,Light
2024-06-04,LOC003,23.47,82.23,924.23,17.9,52.8,19.84,56.9,0.5,0,Light
2024-06-05,LOC003,22.43,65.53,927.06,17.29,90.3,16.2,29.2,165.07,1,Very/Extremely Heavy
2024-06-06,LOC003,24.79,63.39,923.94,28.97,31.6,17.99,53.9,0.0,0,No Rain
2024-06-07,LOC003,19.02,77.43,928.47,18.91,77.3,15.0,36.4,0.0,0,No Rain
2024-06-08,LOC003,21.63,70.26,927.35,18.9,28.4,15.46,36.1,0.0,0,No Rain
2024-06-09,LOC003,22.49,62.36,925.72,20.27,96.1,16.07,63.0,0.0,0,No Rain
2024-06-10,LOC003,25.44,69.48,930.21,21.84,47.3,19.35,54.5,45.75,0,Moderate
2024-06-11,LOC003,24.05,63.72,931.45,16.14,41.1,17.06,59.1,0.0,0,No Rain
2024-06-12,LOC003,22.37,69.97,931.78,18.79,358.2,16.3,46.6,0.0,0,No Rain
2024-06-13,LOC003,21.99,70.07,926.2,18.1,88.0,14.66,58.7,0.0,0,No Rain
2024-06-14,LOC003,25.21,74.38,932.12,18.51,355.4,19.78,59.8,16.0,0,Moderate
2024-06-15,LOC003,24.58,61.16,928.19,16.78,137.3,17.37,39.9,0.0,0,No Rain
2024-06-16,LOC003,22.46,68.84,920.5,22.65,20.7,16.49,57.2,0.0,0,No Rain
2024-06-17,LOC003,22.83,67.59,926.72,19.01,51.3,17.29,54.2,0.0,0,No Rain
2024-06-18,LOC003,23.54,59.52,929.95,19.53,73.2,15.85,24.2,2.72,0,Light
2024-06-19,LOC003,28.07,82.48,929.13,24.9,18.5,25.74,39.3,0.0,0,No Rain
2024-06-20,LOC003,26.98,70.87,932.64,16.47,106.3,19.35,54.8,0.0,0,No Rain
2024-06-21,LOC003,23.78,66.59,931.66,18.11,32.0,16.15,43.4,0.0,0,No Rain
2024-06-22,LOC003,22.94,68.66,924.4,17.14,63.4,15.57,42.5,28.06,0,Moderate
2024-06-23,LOC003,21.57,69.47,926.39,22.15,23.1,15.46,51.0,0.0,0,No Rain
2024-06-24,LOC003,26.59,62.3,931.63,16.3,52.1,16.45,66.6,0.0,0,No Rain
2024-06-25,LOC003,27.56,74.3,925.37,16.6,108.4,21.63,42.1,0.0,0,No Rain
2024-06-26,LOC003,25.86,74.04,925.84,17.7,61.0,21.0,38.7,2.77,0,Light
2024-06-27,LOC003,23.45,64.44,927.17,23.16,73.7,15.78,51.3,0.0,0,No Rain
2024-06-28,LOC003,26.68,74.05,927.66,17.92,35.8,22.02,53.7,0.0,0,No Rain
2024-06-29,LOC003,22.22,75.03,926.48,20.22,64.4,18.11,31.0,0.0,0,No Rain
2024-06-30,LOC003,26.04,69.58,925.03,22.05,126.1,19.86,70.4,0.0,0,No Rain
2024-07-01,LOC003,20.17,83.29,920.34,26.24,141.4,16.66,80.0,0.0,0,No Rain
2024-07-02,LOC003,23.63,88.03,925.03,24.97,99.6,22.92,91.3,8.56,0,Light
2024-07-03,LOC003,22.74,95.14,922.75,24.7,111.3,20.85,83.1,36.81,0,Moderate
2024-07-04,LOC003,25.43,89.95,921.43,24.42,54.6,23.91,72.3,15.5,0,Light
2024-07-05,LOC003,23.14,86.15,920.0,26.0,44.0,20.76,88.2,0.0,0,No Rain
2024-07-06,LOC003,23.05,92.77,924.41,28.69,29.1,21.79,75.9,5.52,0,Light
2024-07-07,LOC003,23.97,87.67,927.81,25.6,44.0,22.19,91.6,16.0,0,Moderate
2024-07-08,LOC003,22.92,83.73,926.07,28.38,53.8,19.84,78.7,108.96,1,Heavy
2024-07-09,LOC003,22.94,85.9,922.38,31.1,72.8,20.92,82.9,0.0,0,No Rain
2024-07-10,LOC003,24.88,76.24,920.0,25.54,337.2,20.16,88.0,16.0,0,Moderate
2024-07-11,LOC003,21.95,90.77,924.38,27.88,356.3,18.61,75.2,0.0,0,No Rain
2024-07-12,LOC003,24.53,94.17,924.91,27.19,79.3,23.92,90.8,1.04,0,Light
2024-07-13,LOC003,24.79,90.21,920.0,23.99,55.1,23.24,86.1,15.5,0,Light
2024-07-14,LOC003,27.53,78.33,923.34,28.28,21.7,23.21,87.1,0.0,0,No Rain
2024-07-15,LOC003,20.02,76.47,923.96,36.42,106.8,15.18,81.9,67.09,1,Heavy
2024-07-16,LOC003,22.98,84.06,920.0,28.1,119.9,20.48,91.0,3.51,0,Light
2024-07-17,LOC003,24.38,90.07,922.52,34.93,138.3,23.08,86.3,15.5,0,Light
2024-07-18,LOC003,24.78,73.65,920.55,24.27,353.9,19.09,76.4,28.12,0,Moderate
2024-07-19,LOC003,23.16,86.36,921.47,32.34,70.6,21.83,70.5,1.94,0,Light
2024-07-20,LOC003,24.18,86.93,921.95,26.33,344.2,20.08,86.8,0.54,0,Light
2024-07-21,LOC003,19.7,84.56,922.75,23.63,92.8,17.64,80.4,0.0,0,No Rain
2024-07-22,LOC003,20.85,87.2,926.26,26.28,100.6,19.17,77.7,0.5,0,Light
2024-07-23,LOC003,23.68,87.35,926.09,26.3,28.3,21.22,79.5,5.55,0,Light
2024-07-24,LOC003,25.72,82.14,927.6,23.97,37.7,22.66,81.6,38.34,0,Moderate
2024-07-25,LOC003,27.68,88.54,924.46,32.85,111.8,25.16,93.4,0.96,0,Light
2024-07-26,LOC003,23.81,79.5,922.04,24.53,2.7,21.97,66.3,0.0,0,No Rain
2024-07-27,LOC003,24.58,80.95,921.27,27.7,19.8,21.54,81.5,8.86,0,Light
2024-07-28,LOC003,24.87,85.39,920.11,25.55,107.5,22.03,76.1,16.0,0,Moderate
2024-07-29,LOC003,24.94,85.59,925.15,24.15,105.9,22.4,77.0,16.0,0,Moderate
2024-07-30,LOC003,24.38,87.83,920.08,25.27,18.1,22.45,73.3,11.77,0,Light
2024-07-31,LOC003,25.49,79.26,920.0,28.47,90.6,21.44,72.8,17.68,0,Moderate
2024-08-01,LOC003,21.69,76.77,923.33,28.05,59.7,17.22,89.9,0.0,0,No Rain
2024-08-02,LOC003,24.8,92.24,921.93,24.08,9.3,23.09,70.5,4.65,0,Light
2024-08-03,LOC003,28.3,86.9,920.82,32.6,71.1,26.21,90.6,33.67,0,Moderate
2024-08-04,LOC003,22.35,93.16,926.88,27.84,352.1,21.82,64.9,77.95,1,Heavy
2024-08-05,LOC003,25.32,99.0,920.0,25.36,89.3,23.72,80.0,0.75,0,Light
2024-08-06,LOC003,26.78,87.61,924.55,25.47,8.5,23.13,92.4,38.13,0,Moderate
2024-08-07,LOC003,29.19,83.07,920.0,24.33,61.8,26.45,76.9,32.26,0,Moderate
2024-08-08,LOC003,24.9,85.08,921.2,26.8,144.0,22.1,80.0,65.0,1,Heavy
2024-08-09,LOC003,25.29,89.38,923.51,26.01,41.3,22.24,76.2,1.43,0,Light
2024-08-10,LOC003,25.79,88.51,926.08,28.09,351.1,23.74,77.6,16.0,0,Moderate
2024-08-11,LOC003,28.82,84.22,920.0,35.59,70.2,24.63,90.2,1.99,0,Light
2024-08-12,LOC003,23.77,89.01,922.87,26.3,9.5,22.02,75.2,64.0,0,Moderate
2024-08-13,LOC003,26.92,79.87,920.0,34.14,148.1,23.4,84.1,0.0,0,No Rain
2024-08-14,LOC003,27.08,76.53,920.67,24.21,98.0,22.08,80.3,0.0,0,No Rain
2024-08-15,LOC003,24.19,84.98,920.0,32.12,107.9,21.74,85.5,2.69,0,Light
2024-08-16,LOC003,26.23,87.35,924.83,25.67,78.6,23.63,99.7,1.22,0,Light
2024-08-17,LOC003,28.79,88.93,924.36,46.26,79.7,26.93,100.0,5.74,0,Light
2024-08-18,LOC003,26.25,88.86,927.02,24.27,68.5,24.73,84.7,15.5,0,Light
2024-08-19,LOC003,29.06,89.93,922.77,23.68,61.2,26.81,80.8,10.46,0,Light
2024-08-20,LOC003,25.77,99.0,923.24,26.22,76.5,26.36,88.8,38.63,0,Moderate
2024-08-21,LOC003,26.32,82.32,924.04,32.66,87.9,22.29,80.3,5.4,0,Light
2024-08-22,LOC003,24.46,77.48,920.0,29.0,58.4,20.93,73.6,0.0,0,No Rain
2024-08-23,LOC003,29.86,87.81,925.34,27.13,23.6,28.29,84.2,0.0,0,No Rain
2024-08-24,LOC003,27.74,69.05,925.21,29.78,55.2,21.78,73.3,0.0,0,No Rain
2024-08-25,LOC003,29.71,89.38,920.0,28.72,1.4,29.82,82.9,18.8,0,Moderate
2024-08-26,LOC003,25.56,91.6,920.0,26.42,83.2,22.11,66.2,0.0,0,No Rain
2024-08-27,LOC003,25.98,90.05,920.0,26.67,296.2,23.64,82.6,0.5,0,Light
2024-08-28,LOC003,26.87,82.94,920.0,29.54,42.5,23.42,89.2,32.63,0,Moderate
2024-08-29,LOC003,26.56,77.66,920.0,24.81,63.9,23.31,68.6,1.25,0,Light
2024-08-30,LOC003,26.71,85.35,924.71,27.35,97.7,23.42,90.2,0.0,0,No Rain
2024-08-31,LOC003,24.36,77.05,921.86,25.11,24.4,19.47,91.5,1.19,0,Light
2024-09-01,LOC003,29.44,61.26,927.4,18.17,98.7,22.03,42.7,0.0,0,No Rain
2024-09-02,LOC003,33.05,63.59,933.78,18.05,20.7,25.91,46.8,0.0,0,No Rain
2024-09-03,LOC003,30.29,79.71,931.71,23.56,106.0,26.81,48.5,0.0,0,No Rain
2024-09-04,LOC003,26.0,62.5,930.44,17.48,118.4,18.58,53.3,0.0,0,No Rain
2024-09-05,LOC003,28.42,62.33,923.87,18.73,34.1,20.22,55.1,0.5,0,Light
2024-09-06,LOC003,30.66,61.8,929.59,19.73,78.7,23.61,44.5,0.0,0,No Rain
2024-09-07,LOC003,28.97,70.4,925.76,16.6,6.6,22.8,42.0,5.8,0,Light
2024-09-08,LOC003,30.26,64.58,932.59,16.96,50.1,22.56,46.6,0.0,0,No Rain
2024-09-09,LOC003,31.49,63.65,929.07,16.46,126.2,24.81,50.7,0.0,0,No Rain
2024-09-10,LOC003,33.16,71.85,928.13,16.39,48.7,27.3,25.6,0.0,0,No Rain
2024-09-11,LOC003,33.47,66.2,933.42,41.5,76.9,27.34,42.7,0.0,0,No Rain
2024-09-12,LOC003,31.94,79.06,932.22,16.86,31.5,26.51,53.3,0.0,0,No Rain
2024-09-13,LOC003,31.55,73.25,931.0,16.92,35.7,25.51,39.7,0.0,0,No Rain
2024-09-14,LOC003,32.56,77.17,922.37,19.65,68.6,27.74,42.8,0.0,0,No Rain
2024-09-15,LOC003,29.0,64.51,920.0,20.78,175.0,22.14,57.4,5.29,0,Light
2024-09-16,LOC003,30.98,59.61,931.58,24.24,53.8,23.27,45.2,190.52,1,Very/Extremely Heavy
2024-09-17,LOC003,27.33,62.83,928.65,23.74,75.5,20.55,55.5,3.47,0,Light
2024-09-18,LOC003,34.07,66.37,930.54,26.37,60.3,26.6,22.7,0.0,0,No Rain
2024-09-19,LOC003,28.55,65.57,928.4,16.27,123.9,21.13,51.2,0.0,0,No Rain
2024-09-20,LOC003,28.54,72.87,925.13,18.61,104.9,21.88,44.9,0.0,0,No Rain
2024-09-21,LOC003,31.64,64.42,928.65,17.69,56.3,23.69,47.4,1.41,0,Light
2024-09-22,LOC003,28.11,64.93,929.78,21.94,59.3,22.77,42.8,0.0,0,No Rain
2024-09-23,LOC003,24.46,69.19,922.61,20.81,26.0,19.47,27.5,0.0,0,No Rain
2024-09-24,LOC003,28.67,75.1,928.53,25.26,74.3,23.77,48.3,0.0,0,No Rain
2024-09-25,LOC003,31.29,69.89,925.13,17.61,47.7,25.74,34.6,0.0,0,No Rain
2024-09-26,LOC003,28.32,70.63,927.93,24.57,323.9,22.8,25.2,0.0,0,No Rain
2024-09-27,LOC003,31.76,70.61,926.88,16.17,145.7,27.04,38.1,0.0,0,No Rain
2024-09-28,LOC003,31.14,63.79,929.48,18.85,66.0,23.41,51.6,41.63,0,Moderate
2024-09-29,LOC003,31.41,64.52,930.83,20.04,30.2,24.36,43.3,0.0,0,No Rain
2024-09-30,LOC003,30.92,72.75,931.49,26.75,31.5,26.38,40.2,0.0,0,No Rain
2024-10-01,LOC003,33.98,56.98,937.74,12.44,44.8,25.77,19.2,0.0,0,No Rain
2024-10-02,LOC003,31.7,62.55,932.81,13.19,10.3,24.23,23.0,0.0,0,No Rain
2024-10-03,LOC003,33.71,62.5,929.2,11.5,36.7,24.81,23.5,0.0,0,No Rain
2024-10-04,LOC003,33.34,58.57,930.64,14.39,114.2,26.01,36.4,0.0,0,No Rain
2024-10-05,LOC003,32.51,53.89,930.87,11.83,38.4,23.2,0.0,5.91,0,Light
2024-10-06,LOC003,33.77,50.86,935.53,11.91,69.7,23.25,30.4,0.0,0,No Rain
2024-10-07,LOC003,32.6,61.21,928.14,16.14,32.2,25.09,25.3,0.0,0,No Rain
2024-10-08,LOC003,33.75,54.41,929.87,19.44,33.8,24.41,28.2,0.0,0,No Rain
2024-10-09,LOC003,36.38,61.13,934.09,12.45,64.5,29.33,12.9,0.0,0,No Rain
2024-10-10,LOC003,34.88,61.78,934.87,13.01,83.9,27.52,21.7,0.0,0,No Rain
2024-10-11,LOC003,36.04,43.46,932.55,13.72,9.9,25.24,21.5,0.0,0,No Rain
2024-10-12,LOC003,31.4,59.54,933.8,13.37,72.5,26.12,24.5,0.0,0,No Rain
2024-10-13,LOC003,34.63,59.61,933.25,12.51,45.1,27.74,30.5,0.0,0,No Rain
2024-10-14,LOC003,33.87,65.82,933.99,11.31,74.6,26.79,19.2,0.0,0,No Rain
2024-10-15,LOC003,33.33,63.79,929.77,20.27,9.2,27.2,17.6,0.0,0,No Rain
2024-10-16,LOC003,33.75,61.51,932.68,20.48,24.5,25.63,3.0,0.0,0,No Rain
2024-10-17,LOC003,31.98,61.39,932.14,16.6,143.9,23.48,28.7,0.0,0,No Rain
2024-10-18,LOC003,31.37,50.14,929.12,12.82,82.0,20.48,9.2,0.0,0,No Rain
2024-10-19,LOC003,29.04,61.61,933.22,11.71,48.8,20.76,35.9,1.21,0,Light
2024-10-20,LOC003,35.0,53.32,931.96,19.04,54.2,24.87,15.1,0.0,0,No Rain
2024-10-21,LOC003,34.57,66.81,931.39,20.99,43.9,27.38,40.1,0.0,0,No Rain
2024-10-22,LOC003,35.45,62.33,928.43,15.31,35.7,29.31,5.6,0.0,0,No Rain
2024-10-23,LOC003,33.62,50.69,932.64,11.95,117.3,24.86,17.1,0.0,0,No Rain
2024-10-24,LOC003,34.01,69.46,929.06,11.51,65.0,27.37,65.9,0.0,0,No Rain
2024-10-25,LOC003,35.63,63.45,935.46,13.42,135.3,28.79,22.4,0.0,0,No Rain
2024-10-26,LOC003,31.72,51.85,933.91,13.68,101.3,23.61,21.1,0.0,0,No Rain
2024-10-27,LOC003,30.48,63.31,932.17,15.99,34.2,24.84,32.2,0.0,0,No Rain
2024-10-28,LOC003,33.12,59.07,929.63,11.44,103.8,24.52,30.2,36.54,0,Moderate
2024-10-29,LOC003,32.78,54.92,933.87,15.89,104.5,25.1,31.4,25.7,0,Moderate
2024-10-30,LOC003,32.5,54.24,929.2,12.66,85.4,23.79,22.6,0.0,0,No Rain
2024-10-31,LOC003,32.92,65.31,936.13,13.67,51.9,25.7,10.7,16.0,0,Moderate
2024-11-01,LOC003,33.24,59.03,934.26,12.86,32.3,24.56,22.8,4.62,0,Light
2024-11-02,LOC003,32.46,48.4,937.3,13.16,65.3,22.0,12.7,0.0,0,No Rain
2024-11-03,LOC003,29.51,52.84,935.33,14.56,9.6,20.4,8.3,0.0,0,No Rain
2024-11-04,LOC003,31.99,63.16,931.88,16.26,73.2,25.41,20.7,0.0,0,No Rain
2024-11-05,LOC003,36.59,56.82,933.66,11.7,80.7,28.46,10.5,0.0,0,No Rain
2024-11-06,LOC003,36.14,58.31,936.97,13.1,87.4,27.33,26.8,0.0,0,No Rain
2024-11-07,LOC003,33.73,52.18,936.11,13.93,71.7,26.36,16.2,0.0,0,No Rain
2024-11-08,LOC003,34.63,56.65,931.3,12.61,22.5,24.6,19.1,0.0,0,No Rain
2024-11-09,LOC003,36.94,51.1,935.81,11.75,71.0,27.01,3.1,0.0,0,No Rain
2024-11-10,LOC003,35.8,52.22,929.73,16.01,63.2,27.33,12.9,0.0,0,No Rain
2024-11-11,LOC003,35.77,57.32,938.16,10.45,40.6,27.88,12.3,0.0,0,No Rain
2024-11-12,LOC003,34.77,50.15,937.13,13.2,40.1,25.55,7.0,0.0,0,No Rain
2024-11-13,LOC003,32.64,59.48,936.1,26.89,60.7,26.52,23.8,0.0,0,No Rain
2024-11-14,LOC003,34.07,51.34,932.68,13.73,7.0,24.75,27.8,0.0,0,No Rain
2024-11-15,LOC003,35.95,51.88,936.42,10.25,79.0,26.37,8.5,0.0,0,No Rain
2024-11-16,LOC003,34.38,43.43,936.55,21.84,348.0,23.27,2.6,0.0,0,No Rain
2024-11-17,LOC003,32.87,62.97,933.22,11.27,75.2,25.04,15.8,41.39,0,Moderate
2024-11-18,LOC003,33.97,63.75,938.83,17.87,118.0,27.46,10.1,0.0,0,No Rain
2024-11-19,LOC003,32.42,49.0,930.31,20.23,84.0,22.85,17.0,39.7,0,Moderate
2024-11-20,LOC003,33.72,49.29,933.2,17.41,116.3,24.17,20.3,0.0,0,No Rain
2024-11-21,LOC003,34.24,45.06,929.09,13.55,33.1,24.59,22.9,0.0,0,No Rain
2024-11-22,LOC003,32.74,69.43,933.67,16.43,24.5,25.27,19.5,0.0,0,No Rain
2024-11-23,LOC003,37.08,55.66,935.57,10.28,52.9,28.84,27.6,0.0,0,No Rain
2024-11-24,LOC003,34.32,45.98,935.69,10.84,23.2,22.73,4.5,0.0,0,No Rain
2024-11-25,LOC003,35.86,60.2,933.65,23.98,113.3,28.82,29.9,0.0,0,No Rain
2024-11-26,LOC003,37.44,41.96,935.74,13.08,46.4,25.11,12.1,0.0,0,No Rain
2024-11-27,LOC003,33.42,48.53,933.48,10.6,113.7,22.91,33.3,0.0,0,No Rain
2024-11-28,LOC003,37.35,61.02,932.53,17.92,110.1,29.51,4.3,0.0,0,No Rain
2024-11-29,LOC003,31.93,51.2,935.39,10.46,66.1,21.62,12.0,0.0,0,No Rain
2024-11-30,LOC003,34.31,51.96,929.3,10.38,311.8,24.29,24.8,0.0,0,No Rain
2024-12-01,LOC003,37.15,51.05,931.75,14.29,1.7,28.74,20.8,0.0,0,No Rain
2024-12-02,LOC003,33.91,43.83,933.62,10.57,86.5,23.12,0.0,0.0,0,No Rain
2024-12-03,LOC003,34.37,46.86,932.77,14.37,51.7,23.31,9.5,0.0,0,No Rain
2024-12-04,LOC003,34.75,55.39,932.86,16.21,64.8,26.48,8.9,0.0,0,No Rain
2024-12-05,LOC003,34.32,63.48,932.52,14.61,117.2,27.18,27.9,0.0,0,No Rain
2024-12-06,LOC003,38.15,47.75,930.18,14.99,84.6,27.8,28.2,0.0,0,No Rain
2024-12-07,LOC003,35.33,65.93,933.64,11.02,14.2,27.98,25.0,0.0,0,No Rain
2024-12-08,LOC003,34.04,60.9,932.84,13.07,58.8,27.13,9.2,0.0,0,No Rain
2024-12-09,LOC003,34.76,54.18,927.28,24.12,42.1,26.28,30.7,4.67,0,Light
2024-12-10,LOC003,32.56,55.08,927.99,14.0,22.1,23.38,3.5,0.0,0,No Rain
2024-12-11,LOC003,29.05,56.51,936.0,11.98,95.0,20.73,4.9,0.0,0,No Rain
2024-12-12,LOC003,34.71,54.62,934.21,10.4,11.9,24.57,19.5,19.46,0,Moderate
2024-12-13,LOC003,37.16,62.58,935.38,16.67,24.3,29.64,3.6,0.0,0,No Rain
2024-12-14,LOC003,35.13,50.54,931.98,23.61,19.0,27.01,7.9,0.0,0,No Rain
2024-12-15,LOC003,33.7,50.6,935.62,10.66,41.2,23.1,11.8,0.0,0,No Rain
2024-12-16,LOC003,32.92,40.22,934.15,12.85,349.1,21.7,9.9,0.0,0,No Rain
2024-12-17,LOC003,34.76,54.11,930.07,14.36,27.7,25.61,16.5,0.0,0,No Rain
2024-12-18,LOC003,32.06,44.77,932.99,13.03,120.0,21.11,24.2,0.0,0,No Rain
2024-12-19,LOC003,35.27,38.48,932.48,12.08,72.2,22.85,28.9,0.0,0,No Rain
2024-12-20,LOC003,34.51,54.31,931.68,26.74,90.4,25.88,15.1,0.0,0,No Rain
2024-12-21,LOC003,28.65,46.49,927.72,10.15,127.9,17.29,8.1,0.0,0,No Rain
2024-12-22,LOC003,36.58,58.2,931.3,12.07,37.0,28.98,14.3,0.0,0,No Rain
2024-12-23,LOC003,35.72,49.79,934.37,19.7,12.8,25.91,26.4,0.0,0,No Rain
2024-12-24,LOC003,33.51,49.82,930.53,20.72,33.2,23.85,26.0,0.0,0,No Rain
2024-12-25,LOC003,31.8,56.64,938.16,21.07,44.4,23.54,8.3,0.0,0,No Rain
2024-12-26,LOC003,33.55,48.33,934.76,10.22,47.1,23.64,28.0,0.0,0,No Rain
2024-12-27,LOC003,35.3,59.28,937.31,13.7,19.0,27.94,15.7,0.88,0,Light
2024-12-28,LOC003,33.94,59.26,933.18,13.28,113.1,26.13,7.0,0.0,0,No Rain
2024-12-29,LOC003,32.76,43.7,933.78,13.86,104.7,22.02,0.0,0.0,0,No Rain
2024-12-30,LOC003,33.51,61.18,931.28,12.09,86.7,24.77,2.1,0.0,0,No Rain
2024-12-31,LOC003,32.27,55.55,932.28,13.05,85.2,22.79,6.6,0.0,0,No Rain
2025-01-01,LOC003,32.85,59.3,936.26,14.67,56.4,24.38,0.0,0.0,0,No Rain
2025-01-02,LOC003,37.46,55.88,934.08,10.05,32.4,29.02,13.0,0.0,0,No Rain
2025-01-03,LOC003,35.17,46.2,936.29,10.16,60.2,24.22,24.3,0.0,0,No Rain
2025-01-04,LOC003,31.11,58.13,931.68,16.73,27.8,22.56,11.9,0.0,0,No Rain
2025-01-05,LOC003,32.48,56.52,935.53,20.97,77.1,24.28,26.6,0.0,0,No Rain
2025-01-06,LOC003,33.63,51.26,939.76,14.68,56.8,24.24,32.2,0.0,0,No Rain
2025-01-07,LOC003,33.18,56.98,935.07,18.74,50.8,24.2,14.0,3.95,0,Light
2025-01-08,LOC003,35.61,60.16,933.0,10.67,28.4,27.82,8.7,0.0,0,No Rain
2025-01-09,LOC003,34.19,58.43,931.44,29.85,97.3,25.45,9.1,0.0,0,No Rain
2025-01-10,LOC003,33.75,62.3,933.33,11.62,74.5,26.15,15.8,0.0,0,No Rain
2025-01-11,LOC003,34.22,55.08,933.34,13.94,132.9,25.65,15.0,0.0,0,No Rain
2025-01-12,LOC003,33.26,53.72,931.69,19.21,49.6,23.21,6.2,0.0,0,No Rain
2025-01-13,LOC003,31.74,56.89,934.17,14.42,111.3,24.66,14.3,16.0,0,Moderate
2025-01-14,LOC003,32.11,52.19,928.95,15.92,119.0,22.47,21.4,27.33,0,Moderate
2025-01-15,LOC003,34.7,52.8,932.15,13.94,22.3,24.66,18.7,0.0,0,No Rain
2025-01-16,LOC003,34.81,49.3,935.05,16.82,42.7,25.86,0.0,0.0,0,No Rain
2025-01-17,LOC003,29.96,61.66,931.67,12.84,35.6,22.81,7.8,0.0,0,No Rain
2025-01-18,LOC003,33.4,65.13,932.19,15.6,115.2,25.24,17.0,0.0,0,No Rain
2025-01-19,LOC003,36.95,48.49,933.86,17.49,82.0,26.14,0.0,0.0,0,No Rain
2025-01-20,LOC003,30.39,46.27,938.32,11.73,103.5,20.4,0.0,0.0,0,No Rain
2025-01-21,LOC003,31.78,54.44,935.57,10.25,10.8,23.34,13.7,0.0,0,No Rain
2025-01-22,LOC003,32.76,53.7,933.45,14.39,103.4,22.67,20.8,0.0,0,No Rain
2025-01-23,LOC003,33.49,54.61,939.28,14.64,45.9,24.31,8.5,0.0,0,No Rain
2025-01-24,LOC003,32.21,67.52,935.86,10.06,63.0,25.22,17.1,7.3,0,Light
2025-01-25,LOC003,33.24,46.39,933.91,16.39,356.5,22.75,17.8,0.0,0,No Rain
2025-01-26,LOC003,30.26,58.79,938.66,14.84,28.0,21.14,18.8,30.23,0,Moderate
2025-01-27,LOC003,29.24,49.54,937.69,24.65,97.2,18.31,17.1,0.0,0,No Rain
2025-01-28,LOC003,32.3,56.16,929.91,14.82,35.7,23.86,0.0,0.0,0,No Rain
2025-01-29,LOC003,33.37,57.61,932.86,21.57,19.6,25.05,7.9,0.0,0,No Rain
2025-01-30,LOC003,34.49,56.47,933.08,11.37,25.5,25.39,11.9,0.0,0,No Rain
2025-01-31,LOC003,31.11,53.87,934.78,12.56,113.4,22.1,17.8,0.0,0,No Rain
2025-02-01,LOC003,30.55,52.34,934.3,13.61,69.8,21.87,14.8,0.0,0,No Rain
2025-02-02,LOC003,30.9,50.19,935.06,12.1,126.9,21.48,19.3,0.0,0,No Rain
2025-02-03,LOC003,33.29,61.31,931.63,14.54,17.2,25.44,18.0,0.0,0,No Rain
2025-02-04,LOC003,29.18,56.49,932.66,15.17,85.4,19.68,26.4,0.0,0,No Rain
2025-02-05,LOC003,29.99,58.94,933.7,10.8,43.3,21.47,16.1,0.0,0,No Rain
2025-02-06,LOC003,28.46,53.5,931.88,12.86,84.8,19.02,12.3,0.0,0,No Rain
2025-02-07,LOC003,32.42,56.51,932.48,13.08,5.2,23.72,26.9,0.0,0,No Rain
2025-02-08,LOC003,33.95,55.27,932.61,10.93,33.0,24.3,22.8,0.0,0,No Rain
2025-02-09,LOC003,33.44,58.11,933.06,12.01,50.1,24.73,14.2,0.0,0,No Rain
2025-02-10,LOC003,30.65,58.11,932.39,11.6,359.5,20.7,16.1,0.0,0,No Rain
2025-02-11,LOC003,24.92,58.01,935.04,16.43,101.8,16.64,29.0,0.0,0,No Rain
2025-02-12,LOC003,31.33,58.04,932.08,10.58,17.6,21.83,20.0,0.0,0,No Rain
2025-02-13,LOC003,30.07,60.48,933.77,11.05,88.4,21.23,36.4,0.0,0,No Rain
2025-02-14,LOC003,29.95,46.77,934.06,13.21,352.7,19.88,25.6,0.0,0,No Rain
2025-02-15,LOC003,30.74,56.23,936.72,14.58,34.0,21.62,9.0,1.81,0,Light
2025-02-16,LOC003,32.8,47.25,931.3,11.64,120.4,22.46,3.0,0.0,0,No Rain
2025-02-17,LOC003,31.69,55.64,931.71,10.95,90.7,23.85,12.2,0.0,0,No Rain
2025-02-18,LOC003,29.92,42.12,936.2,10.02,359.9,18.43,18.3,0.0,0,No Rain
2025-02-19,LOC003,30.14,57.3,931.14,17.53,69.9,23.02,10.4,0.0,0,No Rain
2025-02-20,LOC003,29.92,57.62,935.37,11.7,48.3,21.98,24.1,45.32,0,Moderate
2025-02-21,LOC003,29.55,48.76,933.52,13.74,2.7,19.67,9.4,0.0,0,No Rain
2025-02-22,LOC003,29.8,46.45,928.12,11.58,49.4,19.35,0.0,0.0,0,No Rain
2025-02-23,LOC003,27.21,51.46,934.17,12.92,43.8,15.97,14.7,0.0,0,No Rain
2025-02-24,LOC003,30.85,53.25,934.56,14.35,22.7,22.19,24.6,0.0,0,No Rain
2025-02-25,LOC003,29.81,63.89,937.14,12.23,27.9,22.82,15.9,0.0,0,No Rain
2025-02-26,LOC003,24.87,55.45,930.25,10.37,50.7,16.41,18.1,0.0,0,No Rain
2025-02-27,LOC003,27.72,55.85,934.5,16.05,30.5,19.6,25.9,0.0,0,No Rain
2025-02-28,LOC003,28.15,58.68,932.39,18.64,89.3,20.75,27.4,0.0,0,No Rain
2025-03-01,LOC003,27.78,48.41,930.15,10.61,56.7,17.31,13.5,0.0,0,No Rain
2025-03-02,LOC003,28.91,50.56,930.92,10.78,46.2,19.13,25.9,5.83,0,Light
2025-03-03,LOC003,30.75,54.8,935.89,13.14,83.0,22.23,33.9,0.0,0,No Rain
2025-03-04,LOC003,25.2,57.72,932.1,11.56,45.1,16.46,25.3,0.0,0,No Rain
2025-03-05,LOC003,27.72,47.57,934.51,13.75,20.1,17.13,0.2,0.0,0,No Rain
2025-03-06,LOC003,27.3,55.94,932.11,12.25,154.0,17.81,16.5,0.0,0,No Rain
2025-03-07,LOC003,25.82,57.76,937.31,13.51,110.9,17.69,2.9,4.79,0,Light
2025-03-08,LOC003,28.85,58.91,937.1,11.51,58.2,21.91,6.9,0.0,0,No Rain
2025-03-09,LOC003,26.68,61.17,931.41,10.87,57.9,19.1,26.5,0.0,0,No Rain
2025-03-10,LOC003,28.79,52.43,935.88,17.46,62.0,20.01,24.1,0.0,0,No Rain
2025-03-11,LOC003,27.3,54.21,930.13,12.75,81.1,18.17,15.7,0.0,0,No Rain
2025-03-12,LOC003,30.06,63.13,933.01,12.69,66.8,22.16,19.8,0.0,0,No Rain
2025-03-13,LOC003,28.59,51.39,931.02,11.79,86.3,20.81,9.7,0.0,0,No Rain
2025-03-14,LOC003,23.54,59.42,933.53,15.98,26.7,15.54,11.8,0.0,0,No Rain
2025-03-15,LOC003,26.46,48.76,933.95,11.41,72.4,16.31,17.2,0.0,0,No Rain
2025-03-16,LOC003,24.97,52.06,936.1,11.71,61.7,16.38,8.8,0.0,0,No Rain
2025-03-17,LOC003,26.74,58.7,934.58,12.0,78.6,17.96,21.3,0.0,0,No Rain
2025-03-18,LOC003,21.26,52.58,928.74,10.78,81.1,11.36,29.0,0.0,0,No Rain
2025-03-19,LOC003,28.6,56.51,933.66,23.98,71.3,18.4,37.0,0.0,0,No Rain
2025-03-20,LOC003,24.74,59.15,936.39,11.39,333.6,15.83,13.6,0.0,0,No Rain
2025-03-21,LOC003,27.19,51.38,932.42,10.07,13.0,17.83,20.5,2.24,0,Light
2025-03-22,LOC003,22.6,57.38,932.49,12.73,115.6,13.73,32.9,3.33,0,Light
2025-03-23,LOC003,28.2,53.64,938.91,13.1,113.5,18.41,31.8,0.0,0,No Rain
2025-03-24,LOC003,26.1,51.53,933.92,10.13,96.4,16.56,19.3,0.0,0,No Rain
2025-03-25,LOC003,23.97,66.65,931.59,11.0,42.2,17.19,14.5,0.0,0,No Rain
2025-03-26,LOC003,24.9,55.92,932.33,11.41,52.7,16.3,0.0,0.0,0,No Rain
2025-03-27,LOC003,24.94,59.91,931.17,41.91,3.6,16.28,31.6,0.0,0,No Rain
2025-03-28,LOC003,21.24,52.83,929.07,15.97,47.3,11.61,26.1,0.0,0,No Rain
2025-03-29,LOC003,26.56,50.81,933.91,11.45,46.0,17.09,17.9,0.0,0,No Rain
2025-03-30,LOC003,26.63,65.71,936.6,12.9,124.3,19.8,23.0,0.0,0,No Rain
2025-03-31,LOC003,24.28,55.16,934.63,14.73,11.1,14.58,14.3,0.0,0,No Rain
2025-04-01,LOC003,26.73,51.94,939.82,20.34,107.7,16.31,19.2,0.0,0,No Rain
2025-04-02,LOC003,28.79,61.31,934.62,15.42,96.0,19.88,18.0,0.0,0,No Rain
2025-04-03,LOC003,29.78,52.21,930.82,11.79,28.6,20.53,28.9,0.0,0,No Rain
2025-04-04,LOC003,24.96,66.0,933.86,12.45,66.8,18.45,11.5,0.0,0,No Rain
2025-04-05,LOC003,26.39,52.99,929.09,15.15,54.4,17.84,23.1,0.0,0,No Rain
2025-04-06,LOC003,24.16,55.13,935.0,11.82,85.9,15.26,23.0,0.0,0,No Rain
2025-04-07,LOC003,27.31,66.76,935.6,13.6,68.5,21.59,26.1,0.0,0,No Rain
2025-04-08,LOC003,25.56,50.69,936.54,23.67,79.9,16.87,13.2,0.0,0,No Rain
2025-04-09,LOC003,23.56,59.98,935.67,11.01,72.1,15.33,12.3,0.0,0,No Rain
2025-04-10,LOC003,29.15,64.18,930.56,14.96,339.9,21.09,31.0,0.0,0,No Rain
2025-04-11,LOC003,23.22,51.06,936.39,16.15,94.3,14.49,9.3,4.47,0,Light
2025-04-12,LOC003,29.96,52.92,937.02,25.91,72.1,21.03,32.7,7.18,0,Light
2025-04-13,LOC003,26.63,54.82,932.33,12.77,121.8,17.09,24.9,0.0,0,No Rain
2025-04-14,LOC003,30.83,66.51,937.85,27.13,94.3,24.22,18.0,0.0,0,No Rain
2025-04-15,LOC003,24.7,48.69,935.68,15.12,115.0,15.75,10.4,0.0,0,No Rain
2025-04-16,LOC003,24.79,53.42,933.15,20.02,357.3,14.38,19.6,0.0,0,No Rain
2025-04-17,LOC003,25.08,59.97,928.07,11.12,30.8,17.98,25.2,0.0,0,No Rain
2025-04-18,LOC003,26.23,57.52,932.37,17.99,25.7,17.44,23.7,0.0,0,No Rain
2025-04-19,LOC003,27.6,54.18,934.25,13.11,94.3,17.52,7.8,0.0,0,No Rain
2025-04-20,LOC003,26.95,54.59,927.0,16.34,75.0,16.57,10.3,0.0,0,No Rain
2025-04-21,LOC003,28.34,65.29,931.2,10.25,105.2,21.18,17.9,0.0,0,No Rain
2025-04-22,LOC003,24.71,51.0,938.97,10.86,72.4,15.42,13.7,0.0,0,No Rain
2025-04-23,LOC003,25.37,54.94,933.28,11.17,63.4,16.36,21.2,0.0,0,No Rain
2025-04-24,LOC003,21.41,47.93,931.1,10.87,33.4,11.53,17.8,0.0,0,No Rain
2025-04-25,LOC003,23.37,52.31,933.46,11.49,67.6,14.92,20.6,0.0,0,No Rain
2025-04-26,LOC003,27.82,60.37,937.38,13.51,30.8,21.43,14.3,0.0,0,No Rain
2025-04-27,LOC003,24.89,48.8,932.43,10.79,3.5,13.13,19.1,0.0,0,No Rain
2025-04-28,LOC003,26.16,62.59,928.34,15.53,48.7,18.43,24.6,0.0,0,No Rain
2025-04-29,LOC003,26.45,54.52,931.8,11.16,36.9,16.67,8.0,0.0,0,No Rain
2025-04-30,LOC003,24.33,49.83,932.76,10.45,53.4,13.88,17.4,0.0,0,No Rain
2025-05-01,LOC003,25.73,48.03,927.77,11.82,52.0,15.77,24.6,0.0,0,No Rain
2025-05-02,LOC003,26.24,52.67,929.11,17.09,110.8,16.5,30.6,0.0,0,No Rain
2025-05-03,LOC003,24.1,52.07,933.67,20.07,20.4,14.87,16.7,0.0,0,No Rain
2025-05-04,LOC003,24.93,60.49,933.11,18.12,27.9,18.26,30.3,2.19,0,Light
2025-05-05,LOC003,25.0,55.5,929.82,11.29,71.9,16.47,39.4,0.0,0,No Rain
2025-05-06,LOC003,23.9,65.72,932.89,15.05,87.9,15.66,27.3,0.0,0,No Rain
2025-05-07,LOC003,22.72,68.05,935.06,13.87,51.9,16.62,24.6,0.0,0,No Rain
2025-05-08,LOC003,25.84,60.56,930.0,11.72,59.8,18.34,14.6,0.0,0,No Rain
2025-05-09,LOC003,25.32,55.51,932.58,16.49,118.4,15.19,9.2,0.0,0,No Rain
2025-05-10,LOC003,22.62,69.44,932.81,28.06,17.6,17.14,11.9,0.0,0,No Rain
2025-05-11,LOC003,22.09,61.4,935.33,14.56,135.5,14.41,45.4,0.86,0,Light
2025-05-12,LOC003,27.22,55.12,931.98,13.24,96.4,19.89,15.9,0.0,0,No Rain
2025-05-13,LOC003,20.91,55.04,931.49,13.54,72.0,12.64,3.5,0.0,0,No Rain
2025-05-14,LOC003,24.6,59.16,938.56,11.63,29.8,16.52,31.2,9.13,0,Light
2025-05-15,LOC003,24.91,59.84,934.02,20.4,45.9,15.06,5.3,0.0,0,No Rain
2025-05-16,LOC003,25.43,51.47,932.72,13.91,51.4,15.71,8.6,0.0,0,No Rain
2025-05-17,LOC003,24.44,59.32,932.84,12.3,35.5,15.47,13.0,0.0,0,No Rain
2025-05-18,LOC003,22.72,58.48,933.19,23.26,97.6,15.14,40.5,0.0,0,No Rain
2025-05-19,LOC003,22.88,59.39,933.05,15.04,38.3,13.19,21.1,0.0,0,No Rain
2025-05-20,LOC003,23.52,57.95,934.47,14.93,45.3,13.91,18.6,0.0,0,No Rain
2025-05-21,LOC003,23.9,59.73,930.61,13.41,99.1,16.68,17.7,0.0,0,No Rain
2025-05-22,LOC003,21.14,61.63,933.2,14.7,62.5,13.84,25.9,0.0,0,No Rain
2025-05-23,LOC003,26.78,49.84,934.04,14.93,75.1,16.29,30.7,0.0,0,No Rain
2025-05-24,LOC003,27.98,53.59,930.35,17.58,124.4,18.76,18.9,0.0,0,No Rain
2025-05-25,LOC003,24.58,59.42,933.42,12.6,86.1,16.76,26.8,0.0,0,No Rain
2025-05-26,LOC003,25.75,60.3,932.4,13.42,73.1,17.57,16.6,0.0,0,No Rain
2025-05-27,LOC003,26.96,48.81,931.2,12.69,81.5,15.06,13.2,0.0,0,No Rain
2025-05-28,LOC003,24.2,65.44,935.62,12.24,35.2,17.09,36.4,6.23,0,Light
2025-05-29,LOC003,24.79,54.46,935.76,12.02,88.8,16.2,22.4,0.0,0,No Rain
2025-05-30,LOC003,27.3,61.99,933.98,11.28,69.8,19.43,25.4,0.0,0,No Rain
2025-05-31,LOC003,24.96,59.72,932.51,15.5,87.5,15.62,9.4,0.0,0,No Rain
2025-06-01,LOC003,23.3,79.42,926.38,18.54,140.1,19.34,58.6,0.0,0,No Rain
2025-06-02,LOC003,24.17,79.8,928.51,17.17,27.3,20.16,48.8,0.0,0,No Rain
2025-06-03,LOC003,21.43,62.2,928.19,19.02,135.8,15.01,50.4,4.98,0,Light
2025-06-04,LOC003,21.53,58.92,928.81,38.26,76.4,12.1,44.9,0.0,0,No Rain
2025-06-05,LOC003,24.51,74.1,931.09,19.58,31.1,19.34,31.0,0.0,0,No Rain
2025-06-06,LOC003,20.2,69.41,924.93,17.34,23.1,14.5,43.8,95.44,1,Heavy
2025-06-07,LOC003,21.87,76.48,926.08,23.89,52.7,17.6,60.2,16.74,0,Moderate
2025-06-08,LOC003,20.56,70.78,926.93,16.34,135.9,16.09,17.2,0.0,0,No Rain
2025-06-09,LOC003,22.77,70.38,927.04,18.54,46.0,16.85,49.0,0.0,0,No Rain
2025-06-10,LOC003,25.22,71.93,930.05,16.85,73.1,19.76,44.8,0.0,0,No Rain
2025-06-11,LOC003,24.53,58.99,923.27,17.41,53.9,17.21,52.4,0.0,0,No Rain
2025-06-12,LOC003,24.21,67.14,931.04,18.52,53.6,17.27,41.4,0.0,0,No Rain
2025-06-13,LOC003,24.33,70.91,928.41,26.28,87.3,18.67,41.5,0.0,0,No Rain
2025-06-14,LOC003,25.66,56.73,927.27,17.1,30.0,17.72,46.6,0.0,0,No Rain
2025-06-15,LOC003,22.03,64.14,932.29,19.55,349.4,13.24,50.9,0.0,0,No Rain
2025-06-16,LOC003,22.73,75.43,926.95,18.62,43.2,17.71,33.4,16.0,0,Moderate
2025-06-17,LOC003,24.16,71.52,930.88,20.46,37.5,20.35,55.0,22.66,0,Moderate
2025-06-18,LOC003,25.89,74.19,924.67,24.71,67.7,20.56,45.7,2.7,0,Light
2025-06-19,LOC003,25.34,68.14,921.33,21.82,58.9,18.17,57.6,16.0,0,Moderate
2025-06-20,LOC003,22.09,69.84,924.45,22.23,36.1,17.33,54.5,0.0,0,No Rain
2025-06-21,LOC003,23.0,67.84,928.76,17.44,139.2,16.72,46.3,0.0,0,No Rain
2025-06-22,LOC003,25.66,63.12,926.09,18.48,321.4,16.76,41.5,0.78,0,Light
2025-06-23,LOC003,28.24,74.16,932.98,16.75,66.3,23.53,40.9,0.0,0,No Rain
2025-06-24,LOC003,25.31,66.28,932.19,20.39,70.0,18.22,38.5,0.0,0,No Rain
2025-06-25,LOC003,24.67,71.18,931.19,24.84,86.7,18.54,41.8,0.0,0,No Rain
2025-06-26,LOC003,21.56,74.01,924.97,22.07,11.3,16.92,49.1,0.0,0,No Rain
2025-06-27,LOC003,22.21,66.22,926.43,16.56,122.2,15.67,57.8,5.07,0,Light
2025-06-28,LOC003,24.83,75.72,931.13,16.49,103.5,20.73,47.1,0.0,0,No Rain
2025-06-29,LOC003,28.26,64.93,929.3,21.03,42.8,21.5,32.4,0.0,0,No Rain
2025-06-30,LOC003,26.34,73.89,926.08,16.13,26.1,21.35,51.3,0.0,0,No Rain
2025-07-01,LOC003,23.11,90.82,921.37,32.8,351.2,20.49,78.6,12.5,0,Light
2025-07-02,LOC003,25.47,96.59,921.51,32.74,52.5,24.46,76.1,3.1,0,Light
2025-07-03,LOC003,19.11,83.61,920.0,34.76,96.3,16.06,85.8,20.11,0,Moderate
2025-07-04,LOC003,24.8,78.25,923.73,24.54,98.4,21.19,78.5,1.92,0,Light
2025-07-05,LOC003,22.47,75.5,922.15,25.02,54.5,17.71,82.2,16.0,0,Moderate
2025-07-06,LOC003,23.92,93.91,923.18,27.21,35.3,23.38,92.7,0.5,0,Light
2025-07-07,LOC003,24.61,87.46,922.4,23.81,108.4,21.8,86.6,65.0,1,Heavy
2025-07-08,LOC003,23.89,90.03,920.0,24.89,64.0,23.28,84.0,2.52,0,Light
2025-07-09,LOC003,19.51,88.05,921.62,29.72,33.2,16.02,79.8,16.0,0,Moderate
2025-07-10,LOC003,21.78,91.38,925.26,23.6,44.5,19.66,75.9,72.93,1,Heavy
2025-07-11,LOC003,24.02,95.05,924.46,30.95,22.4,21.46,87.3,11.96,0,Light
2025-07-12,LOC003,21.67,91.48,920.82,25.35,76.9,20.08,91.6,3.57,0,Light
2025-07-13,LOC003,25.74,77.91,923.22,23.83,14.1,20.52,98.9,5.82,0,Light
2025-07-14,LOC003,28.69,87.54,926.78,29.8,118.5,26.08,88.0,65.0,1,Heavy
2025-07-15,LOC003,20.02,97.18,923.1,26.07,52.6,19.67,82.2,4.99,0,Light
2025-07-16,LOC003,22.72,91.76,920.77,25.59,100.8,21.46,89.6,45.06,0,Moderate
2025-07-17,LOC003,23.86,81.87,925.16,29.45,114.2,19.36,78.1,65.0,1,Heavy
2025-07-18,LOC003,23.28,91.6,923.51,24.74,49.0,21.34,83.3,10.33,0,Light
2025-07-19,LOC003,24.79,82.74,920.0,32.5,68.4,22.18,78.1,0.0,0,No Rain
2025-07-20,LOC003,21.19,94.65,924.12,26.61,129.4,19.64,83.1,53.1,0,Moderate
2025-07-21,LOC003,26.03,82.97,924.88,24.31,70.1,23.66,88.9,8.01,0,Light
2025-07-22,LOC003,26.34,79.72,922.19,27.21,127.4,21.35,80.0,162.68,1,Very/Extremely Heavy
2025-07-23,LOC003,24.88,86.24,921.0,24.26,23.9,21.51,69.1,0.5,0,Light
2025-07-24,LOC003,23.24,84.44,923.41,24.94,97.8,20.87,85.2,23.26,0,Moderate
2025-07-25,LOC003,20.87,91.6,926.52,26.24,7.3,17.72,73.9,24.12,0,Moderate
2025-07-26,LOC003,25.81,79.11,923.73,25.42,36.0,22.44,100.0,2.38,0,Light
2025-07-27,LOC003,23.82,89.79,922.85,32.99,57.2,20.72,80.2,0.0,0,No Rain
2025-07-28,LOC003,25.81,82.04,920.0,24.73,56.1,21.42,88.5,16.0,0,Moderate
2025-07-29,LOC003,24.7,93.15,926.29,24.14,71.8,23.78,97.9,29.23,0,Moderate
2025-07-30,LOC003,26.47,90.56,922.72,31.53,78.4,23.32,100.0,22.18,0,Moderate
2025-07-31,LOC003,22.9,79.66,920.0,41.28,133.2,18.77,70.8,69.04,1,Heavy
2025-08-01,LOC003,25.47,93.31,926.11,24.96,7.7,25.54,87.3,4.86,0,Light
2025-08-02,LOC003,23.32,79.78,927.44,28.26,62.9,20.64,95.2,20.49,0,Moderate
2025-08-03,LOC003,25.39,88.15,921.78,24.63,19.2,23.63,65.3,1.52,0,Light
2025-08-04,LOC003,25.7,94.62,922.19,43.8,62.4,25.09,74.2,35.04,0,Moderate
2025-08-05,LOC003,28.12,87.62,920.78,33.51,355.8,25.58,75.3,1.44,0,Light
2025-08-06,LOC003,27.04,77.49,920.0,24.31,87.0,20.15,96.1,7.18,0,Light
2025-08-07,LOC003,25.64,93.26,920.0,25.25,128.7,24.81,100.0,72.16,1,Heavy
2025-08-08,LOC003,26.66,90.1,920.0,24.03,33.9,24.71,82.6,64.0,0,Moderate
2025-08-09,LOC003,23.87,83.85,922.37,37.72,65.4,20.74,89.1,64.0,0,Moderate
2025-08-10,LOC003,28.07,80.35,924.83,30.1,30.2,23.66,77.0,9.71,0,Light
2025-08-11,LOC003,25.11,76.91,923.01,25.44,102.2,20.17,90.6,0.5,0,Light
2025-08-12,LOC003,29.26,96.1,920.0,25.9,21.2,29.54,74.9,11.54,0,Light
2025-08-13,LOC003,26.47,86.42,923.56,30.36,132.2,24.95,81.6,0.0,0,No Rain
2025-08-14,LOC003,27.73,91.08,924.28,25.4,132.4,25.84,78.4,64.0,0,Moderate
2025-08-15,LOC003,26.58,91.9,923.32,31.36,57.8,24.23,67.3,28.85,0,Moderate
2025-08-16,LOC003,25.95,82.04,920.0,23.59,96.3,22.63,71.6,0.0,0,No Rain
2025-08-17,LOC003,29.07,85.73,925.18,37.28,58.6,26.49,78.2,43.38,0,Moderate
2025-08-18,LOC003,23.17,87.05,922.02,33.38,101.7,21.61,70.8,0.0,0,No Rain
2025-08-19,LOC003,29.58,80.86,924.12,39.08,355.6,26.32,82.1,0.0,0,No Rain
2025-08-20,LOC003,25.31,77.79,920.54,43.84,61.6,20.56,98.6,142.43,1,Very/Extremely Heavy
2025-08-21,LOC003,26.56,89.06,920.0,25.23,60.4,23.78,82.4,24.9,0,Moderate
2025-08-22,LOC003,27.92,86.63,921.5,23.65,127.6,26.28,97.2,1.03,0,Light
2025-08-23,LOC003,22.55,74.06,924.19,25.39,86.9,17.2,77.0,0.0,0,No Rain
2025-08-24,LOC003,31.09,82.2,922.51,26.72,12.8,27.42,87.6,0.0,0,No Rain
2025-08-25,LOC003,23.74,88.24,922.47,23.66,14.8,21.6,82.6,16.0,0,Moderate
2025-08-26,LOC003,26.55,85.64,920.0,26.46,39.7,24.18,95.3,17.81,0,Moderate
2025-08-27,LOC003,27.25,88.54,920.0,23.63,64.0,24.88,100.0,3.21,0,Light
2025-08-28,LOC003,23.8,83.21,920.0,24.58,99.0,19.89,82.5,0.0,0,No Rain
2025-08-29,LOC003,24.86,83.6,926.68,28.92,58.2,21.45,85.1,0.0,0,No Rain
2025-08-30,LOC003,28.01,85.77,923.24,26.25,59.3,26.64,87.7,0.0,0,No Rain
2025-08-31,LOC003,26.08,90.83,923.51,24.37,30.2,24.65,79.7,0.5,0,Light
2025-09-01,LOC003,26.92,58.74,921.2,22.21,359.1,19.25,51.9,0.0,0,No Rain
2025-09-02,LOC003,28.52,77.16,924.32,17.54,62.8,23.54,41.5,170.65,1,Very/Extremely Heavy
2025-09-03,LOC003,30.01,69.32,931.16,16.71,52.5,23.82,41.7,1.21,0,Light
2025-09-04,LOC003,29.19,73.88,921.11,18.06,45.9,24.63,39.6,0.0,0,No Rain
2025-09-05,LOC003,27.49,77.9,926.05,20.93,36.2,21.43,64.0,1.2,0,Light
2025-09-06,LOC003,30.83,62.01,928.4,16.82,343.3,22.04,36.9,0.0,0,No Rain
2025-09-07,LOC003,30.99,65.54,924.05,20.03,23.4,22.86,53.5,0.71,0,Light
2025-09-08,LOC003,26.55,63.0,927.05,19.0,125.7,19.18,32.6,0.0,0,No Rain
2025-09-09,LOC003,27.89,66.36,931.83,24.71,80.4,21.64,57.1,0.0,0,No Rain
2025-09-10,LOC003,31.51,64.93,928.54,16.29,87.9,23.17,56.6,0.0,0,No Rain
2025-09-11,LOC003,27.8,74.54,928.38,23.43,39.4,23.47,34.9,0.0,0,No Rain
2025-09-12,LOC003,27.97,66.26,931.23,16.7,61.7,21.22,40.3,0.88,0,Light
2025-09-13,LOC003,29.08,65.22,931.24,18.3,50.5,21.79,55.6,0.0,0,No Rain
2025-09-14,LOC003,29.58,79.43,927.74,17.77,97.1,26.38,60.2,0.0,0,No Rain
2025-09-15,LOC003,33.36,75.04,928.06,24.71,26.5,28.09,28.8,0.0,0,No Rain
2025-09-16,LOC003,33.16,80.38,926.91,17.04,119.8,27.98,54.6,0.0,0,No Rain
2025-09-17,LOC003,34.21,71.87,929.31,16.35,28.3,28.26,65.1,0.0,0,No Rain
2025-09-18,LOC003,35.97,61.91,926.8,19.25,359.8,28.58,55.6,3.31,0,Light
2025-09-19,LOC003,32.53,61.69,926.88,16.52,57.8,24.85,52.2,0.0,0,No Rain
2025-09-20,LOC003,27.25,63.33,926.44,30.69,46.9,19.82,60.1,0.0,0,No Rain
2025-09-21,LOC003,31.38,68.47,932.5,18.93,158.3,25.11,50.8,0.0,0,No Rain
2025-09-22,LOC003,28.78,61.11,930.38,17.04,58.6,21.86,34.7,0.0,0,No Rain
2025-09-23,LOC003,32.31,58.3,929.55,17.39,37.8,24.72,45.6,0.0,0,No Rain
2025-09-24,LOC003,31.19,67.97,927.35,20.36,38.7,23.88,52.4,0.0,0,No Rain
2025-09-25,LOC003,28.23,63.21,927.19,16.97,54.3,21.53,32.3,0.0,0,No Rain
2025-09-26,LOC003,30.0,67.19,933.69,26.13,58.0,23.71,36.0,240.0,1,Very/Extremely Heavy
2025-09-27,LOC003,33.22,70.49,930.2,17.28,34.3,26.94,33.6,0.0,0,No Rain
2025-09-28,LOC003,31.93,74.86,930.35,16.58,61.8,26.7,34.5,25.59,0,Moderate
2025-09-29,LOC003,30.0,57.85,921.4,19.14,3.8,20.34,46.1,0.0,0,No Rain
2025-09-30,LOC003,28.66,64.79,927.57,18.94,62.5,22.13,47.2,4.74,0,Light
2025-10-01,LOC003,31.88,55.41,933.29,11.82,78.4,22.82,26.3,26.06,0,Moderate
2025-10-02,LOC003,34.47,52.81,932.47,26.77,42.9,24.38,32.1,0.0,0,No Rain
2025-10-03,LOC003,32.42,49.44,936.54,16.97,49.0,22.93,21.4,0.0,0,No Rain
2025-10-04,LOC003,34.06,49.59,933.02,13.11,39.4,24.58,27.2,0.0,0,No Rain
2025-10-05,LOC003,31.24,62.85,931.01,14.5,33.9,23.91,26.6,0.0,0,No Rain
2025-10-06,LOC003,35.63,66.73,933.74,13.48,18.5,29.0,17.5,0.0,0,No Rain
2025-10-07,LOC003,33.59,57.33,931.33,12.51,73.4,26.59,35.8,0.0,0,No Rain
2025-10-08,LOC003,35.86,68.14,928.95,11.94,49.5,30.75,13.8,16.0,0,Moderate
2025-10-09,LOC003,34.13,66.56,934.0,14.68,61.4,27.13,26.1,0.0,0,No Rain
2025-10-10,LOC003,38.01,54.04,926.92,22.04,102.4,29.04,21.7,0.0,0,No Rain
2025-10-11,LOC003,35.51,53.11,937.83,13.13,93.9,26.52,30.1,0.0,0,No Rain
2025-10-12,LOC003,37.12,52.76,932.35,13.5,75.5,29.31,16.5,0.0,0,No Rain
2025-10-13,LOC003,34.12,56.67,936.99,11.68,29.4,25.54,42.6,0.0,0,No Rain
2025-10-14,LOC003,37.05,52.26,934.82,14.64,14.1,27.8,28.9,0.0,0,No Rain
2025-10-15,LOC003,32.6,60.75,930.33,12.58,13.7,24.48,16.8,0.0,0,No Rain
2025-10-16,LOC003,31.02,53.35,935.48,15.38,351.0,19.75,6.8,0.0,0,No Rain
2025-10-17,LOC003,32.58,71.42,938.33,13.01,83.9,28.19,20.1,0.0,0,No Rain
2025-10-18,LOC003,34.45,60.71,935.47,11.59,344.5,27.16,40.7,0.0,0,No Rain
2025-10-19,LOC003,31.15,59.61,932.65,11.93,84.2,22.37,20.9,0.0,0,No Rain
2025-10-20,LOC003,32.38,67.28,931.67,11.95,31.4,24.77,22.5,0.0,0,No Rain
2025-10-21,LOC003,32.3,57.01,931.11,12.86,341.0,24.29,34.5,0.0,0,No Rain
2025-10-22,LOC003,33.01,58.55,938.69,16.43,12.1,26.88,31.8,0.0,0,No Rain
2025-10-23,LOC003,34.98,63.35,933.5,14.25,54.2,27.56,37.7,0.0,0,No Rain
2025-10-24,LOC003,34.26,57.12,937.89,12.6,358.1,24.72,12.9,2.53,0,Light
2025-10-25,LOC003,34.5,56.16,929.92,20.05,47.1,25.85,9.6,0.0,0,No Rain
2025-10-26,LOC003,35.42,61.45,931.07,15.02,13.7,28.3,41.7,0.0,0,No Rain
2025-10-27,LOC003,32.23,53.84,935.02,13.55,39.4,24.58,29.0,0.0,0,No Rain
2025-10-28,LOC003,37.56,55.67,931.71,16.28,81.8,27.5,33.2,0.0,0,No Rain
2025-10-29,LOC003,34.24,55.05,934.07,11.4,67.0,24.97,21.8,0.0,0,No Rain
2025-10-30,LOC003,33.28,55.02,932.4,21.85,83.9,25.61,10.8,0.0,0,No Rain
2025-10-31,LOC003,35.56,70.38,926.99,17.28,81.7,29.77,26.7,0.0,0,No Rain
2025-11-01,LOC003,36.08,53.47,932.32,10.7,14.6,26.62,14.7,0.0,0,No Rain
2025-11-02,LOC003,34.08,46.27,932.26,11.53,66.1,24.44,8.9,0.0,0,No Rain
2025-11-03,LOC003,36.14,59.21,933.85,21.15,85.0,28.64,20.4,0.0,0,No Rain
2025-11-04,LOC003,37.05,57.1,932.96,11.07,21.1,30.17,16.7,0.0,0,No Rain
2025-11-05,LOC003,31.99,54.81,931.32,10.3,0.3,22.47,12.9,0.0,0,No Rain
2025-11-06,LOC003,33.85,48.43,933.12,11.53,38.4,24.49,12.4,0.0,0,No Rain
2025-11-07,LOC003,32.2,55.76,932.84,10.15,107.9,24.14,0.9,0.0,0,No Rain
2025-11-08,LOC003,36.88,64.47,931.45,10.45,115.1,30.62,24.6,0.0,0,No Rain
2025-11-09,LOC003,33.88,65.44,932.49,12.93,90.8,26.82,8.0,0.0,0,No Rain
2025-11-10,LOC003,32.83,58.04,932.72,24.22,83.0,23.9,29.7,0.0,0,No Rain
2025-11-11,LOC003,36.53,57.13,935.44,22.65,73.8,28.18,0.0,0.0,0,No Rain
2025-11-12,LOC003,36.81,48.96,931.66,11.09,84.0,26.59,10.2,0.0,0,No Rain
2025-11-13,LOC003,36.8,49.01,935.26,10.75,58.3,27.02,14.4,0.0,0,No Rain
2025-11-14,LOC003,36.87,67.25,931.17,15.9,104.8,29.93,18.5,0.0,0,No Rain
2025-11-15,LOC003,33.26,52.66,936.88,21.0,86.6,24.77,15.1,8.08,0,Light
2025-11-16,LOC003,30.81,70.62,932.1,11.59,90.5,25.27,10.0,0.0,0,No Rain
2025-11-17,LOC003,32.25,54.48,932.99,12.44,92.7,23.34,24.6,0.0,0,No Rain
2025-11-18,LOC003,33.69,55.29,932.13,12.11,49.8,25.07,5.2,2.37,0,Light
2025-11-19,LOC003,36.73,60.17,934.21,10.97,60.6,30.16,15.2,0.0,0,No Rain
2025-11-20,LOC003,37.93,53.38,940.57,18.56,55.5,29.37,25.5,0.0,0,No Rain
2025-11-21,LOC003,28.74,56.12,934.7,13.14,118.4,21.03,3.2,0.5,0,Light
2025-11-22,LOC003,35.21,52.1,936.27,10.78,58.9,25.08,15.3,0.0,0,No Rain
2025-11-23,LOC003,34.27,50.54,933.05,12.87,54.3,23.3,22.1,0.0,0,No Rain
2025-11-24,LOC003,31.42,58.17,935.53,14.03,47.3,22.66,11.4,0.0,0,No Rain
2025-11-25,LOC003,33.72,47.67,934.23,12.3,73.1,23.3,21.6,0.0,0,No Rain
2025-11-26,LOC003,34.72,55.26,926.45,11.94,80.8,23.49,0.5,0.0,0,No Rain
2025-11-27,LOC003,35.96,67.1,933.2,15.47,41.5,29.92,9.5,0.0,0,No Rain
2025-11-28,LOC003,32.52,57.74,934.91,11.38,356.4,24.62,18.8,0.0,0,No Rain
2025-11-29,LOC003,33.11,62.38,936.97,10.71,77.8,26.08,6.8,0.0,0,No Rain
2025-11-30,LOC003,38.11,60.17,937.1,12.49,66.4,29.33,8.5,3.52,0,Light
2025-12-01,LOC003,31.59,54.91,933.03,12.6,87.3,22.45,15.8,0.0,0,No Rain
2025-12-02,LOC003,34.06,51.44,933.8,10.54,177.2,25.82,15.5,0.0,0,No Rain
2025-12-03,LOC003,34.76,51.92,932.8,14.7,41.4,25.23,21.8,0.0,0,No Rain
2025-12-04,LOC003,36.94,44.93,935.57,10.78,98.4,26.75,10.4,19.43,0,Moderate
2025-12-05,LOC003,33.12,45.33,933.19,14.64,69.5,21.23,15.6,2.78,0,Light
2025-12-06,LOC003,35.22,66.83,937.92,10.9,99.4,28.24,0.0,0.0,0,No Rain
2025-12-07,LOC003,33.12,62.61,931.71,15.27,32.3,27.11,12.4,0.0,0,No Rain
2025-12-08,LOC003,36.01,57.39,934.27,11.2,119.8,28.12,12.1,2.2,0,Light
2025-12-09,LOC003,31.21,59.02,929.33,10.44,16.2,21.53,19.1,0.0,0,No Rain
2025-12-10,LOC003,32.87,44.08,933.71,10.1,69.8,22.55,16.2,0.0,0,No Rain
2025-12-11,LOC003,32.69,57.57,934.71,18.93,119.5,23.46,6.9,0.0,0,No Rain
2025-12-12,LOC003,36.07,52.7,940.66,11.62,99.3,27.17,9.3,0.0,0,No Rain
2025-12-13,LOC003,38.71,53.72,940.26,15.43,86.6,28.84,5.1,0.0,0,No Rain
2025-12-14,LOC003,33.49,54.16,933.37,14.99,60.7,24.06,12.4,0.0,0,No Rain
2025-12-15,LOC003,33.38,56.46,937.66,14.22,86.6,24.9,4.3,0.0,0,No Rain
2025-12-16,LOC003,36.78,43.27,935.32,10.35,94.3,25.36,0.0,0.0,0,No Rain
2025-12-17,LOC003,32.24,56.7,934.21,12.73,41.8,24.31,17.9,0.0,0,No Rain
2025-12-18,LOC003,34.64,54.85,933.8,11.48,43.8,27.94,16.8,0.0,0,No Rain
2025-12-19,LOC003,37.06,57.1,930.08,16.88,30.9,28.99,18.9,0.0,0,No Rain
2025-12-20,LOC003,34.12,47.61,934.66,10.16,55.2,23.57,0.0,0.0,0,No Rain
2025-12-21,LOC003,36.87,59.39,931.76,18.68,145.9,30.01,5.2,0.0,0,No Rain
2025-12-22,LOC003,32.35,46.65,933.95,12.8,31.5,23.87,11.8,0.0,0,No Rain
2025-12-23,LOC003,33.8,67.71,935.06,12.01,91.3,26.16,16.9,0.0,0,No Rain
2025-12-24,LOC003,36.08,49.57,934.84,10.39,65.6,26.11,8.8,0.0,0,No Rain
2025-12-25,LOC003,32.32,55.03,931.79,10.18,12.1,23.36,24.2,0.0,0,No Rain
2025-12-26,LOC003,35.46,56.27,934.16,10.32,69.1,27.19,3.9,0.0,0,No Rain
2025-12-27,LOC003,32.24,45.0,934.45,14.8,349.2,21.68,16.6,0.0,0,No Rain
2025-12-28,LOC003,30.6,56.74,935.87,22.85,79.9,22.43,39.0,23.74,0,Moderate
2025-12-29,LOC003,32.24,58.4,939.13,12.56,65.3,22.35,30.9,0.0,0,No Rain
2025-12-30,LOC003,32.44,44.83,934.89,19.48,62.1,22.34,8.0,0.0,0,No Rain
2025-12-31,LOC003,32.11,58.41,932.33,26.98,2.5,22.77,18.7,0.0,0,No Rain
2024-01-01,LOC004,35.88,61.04,1009.28,15.64,58.2,29.01,22.0,0.0,0,No Rain
2024-01-02,LOC004,40.09,53.21,1009.24,12.44,59.7,29.56,17.3,0.0,0,No Rain
2024-01-03,LOC004,37.14,52.58,1007.45,22.1,66.0,27.05,10.7,0.0,0,No Rain
2024-01-04,LOC004,40.0,51.9,1007.6,10.02,61.6,28.82,0.1,0.0,0,No Rain
2024-01-05,LOC004,33.51,61.13,1007.38,12.11,38.7,25.51,21.7,0.0,0,No Rain
2024-01-06,LOC004,35.29,50.46,1008.05,12.5,54.4,25.75,29.1,0.0,0,No Rain
2024-01-07,LOC004,38.58,66.9,1013.21,21.89,90.5,32.0,5.5,0.0,0,No Rain
2024-01-08,LOC004,37.04,49.59,1011.63,12.05,73.7,26.47,20.5,0.0,0,No Rain
2024-01-09,LOC004,36.73,47.79,1005.14,12.08,95.6,26.52,32.7,0.0,0,No Rain
2024-01-10,LOC004,34.6,63.87,1006.78,11.95,140.5,27.61,6.6,0.0,0,No Rain
2024-01-11,LOC004,37.69,51.02,1005.76,12.14,59.5,27.87,20.5,0.0,0,No Rain
2024-01-12,LOC004,36.09,70.15,1005.05,12.99,59.4,29.89,27.5,0.0,0,No Rain
2024-01-13,LOC004,32.54,59.31,1003.89,10.46,110.4,24.98,13.8,0.0,0,No Rain
2024-01-14,LOC004,30.77,54.18,1008.02,13.61,59.2,21.96,22.2,0.0,0,No Rain
2024-01-15,LOC004,36.22,51.05,1009.27,12.21,60.0,26.98,28.5,0.0,0,No Rain
2024-01-16,LOC004,37.62,64.23,1005.19,10.74,26.2,30.32,8.5,0.0,0,No Rain
2024-01-17,LOC004,31.9,50.6,1005.42,23.15,107.5,21.13,17.3,0.0,0,No Rain
2024-01-18,LOC004,34.27,59.08,1013.29,11.22,127.3,26.61,15.7,0.0,0,No Rain
2024-01-19,LOC004,33.49,57.03,1004.75,12.33,115.1,23.86,20.4,0.0,0,No Rain
2024-01-20,LOC004,34.3,49.74,1009.4,13.22,46.6,22.63,21.9,0.0,0,No Rain
2024-01-21,LOC004,32.33,51.01,1003.26,11.08,80.4,23.6,8.4,0.0,0,No Rain
2024-01-22,LOC004,32.62,51.24,1004.48,13.29,97.3,22.79,22.2,0.0,0,No Rain
2024-01-23,LOC004,32.48,60.76,1007.98,15.15,49.5,24.82,19.6,0.0,0,No Rain
2024-01-24,LOC004,34.52,53.54,1006.72,10.44,29.1,25.25,11.8,0.0,0,No Rain
2024-01-25,LOC004,31.04,65.48,1008.62,10.34,55.3,23.6,0.0,0.0,0,No Rain
2024-01-26,LOC004,32.45,59.64,1011.07,12.19,41.4,25.34,10.0,0.0,0,No Rain
2024-01-27,LOC004,35.23,48.61,1008.88,11.46,88.5,25.22,24.6,0.0,0,No Rain
2024-01-28,LOC004,34.77,43.45,1008.75,12.51,16.8,24.72,21.3,0.0,0,No Rain
2024-01-29,LOC004,35.27,60.72,1008.2,16.23,128.5,26.12,18.5,0.0,0,No Rain
2024-01-30,LOC004,34.15,53.27,1009.76,13.3,133.5,24.04,34.2,0.0,0,No Rain
2024-01-31,LOC004,33.19,51.48,1004.61,23.09,6.4,22.27,5.4,0.0,0,No Rain
2024-02-01,LOC004,37.06,55.2,1009.66,10.24,103.6,28.93,2.8,0.0,0,No Rain
2024-02-02,LOC004,32.11,66.24,1005.0,12.14,43.2,26.31,1.9,0.0,0,No Rain
2024-02-03,LOC004,34.19,55.7,1009.11,19.29,53.6,24.95,1.4,6.36,0,Light
2024-02-04,LOC004,36.54,49.54,1005.45,11.45,32.3,28.37,3.5,0.0,0,No Rain
2024-02-05,LOC004,30.1,58.44,1009.42,29.95,91.6,22.68,27.4,0.0,0,No Rain
2024-02-06,LOC004,28.75,59.14,1009.28,12.19,120.0,20.22,30.3,0.0,0,No Rain
2024-02-07,LOC004,33.66,55.51,1004.29,11.53,113.1,24.5,12.5,0.0,0,No Rain
2024-02-08,LOC004,32.51,48.94,1008.93,12.91,326.4,21.16,10.4,0.0,0,No Rain
2024-02-09,LOC004,36.48,53.87,1009.72,13.01,7.3,27.95,21.0,0.0,0,No Rain
2024-02-10,LOC004,34.79,58.01,1007.02,13.45,103.5,25.71,12.2,0.0,0,No Rain
2024-02-11,LOC004,35.21,64.37,1009.31,10.82,64.0,28.5,27.5,0.0,0,No Rain
2024-02-12,LOC004,31.58,50.53,1005.59,17.86,10.4,22.14,0.0,0.0,0,No Rain
2024-02-13,LOC004,35.29,65.45,1009.19,14.05,204.1,28.42,29.2,0.0,0,No Rain
2024-02-14,LOC004,34.35,48.19,1007.95,11.21,64.9,24.14,0.0,0.0,0,No Rain
2024-02-15,LOC004,32.92,56.05,1006.66,11.57,87.5,25.28,3.5,0.0,0,No Rain
2024-02-16,LOC004,29.83,44.04,1007.28,11.83,86.3,19.83,3.5,0.0,0,No Rain
2024-02-17,LOC004,33.28,53.84,1006.97,35.13,73.8,23.43,22.5,0.0,0,No Rain
2024-02-18,LOC004,32.51,51.41,1006.56,19.7,88.6,23.51,25.2,0.0,0,No Rain
2024-02-19,LOC004,32.07,56.38,1006.63,10.22,71.2,22.58,0.3,0.0,0,No Rain
2024-02-20,LOC004,33.11,63.42,1008.3,11.19,51.2,24.24,5.2,0.0,0,No Rain
2024-02-21,LOC004,31.59,65.33,1006.54,13.16,326.2,24.25,11.1,0.0,0,No Rain
2024-02-22,LOC004,30.96,63.73,1006.79,10.86,304.0,24.13,27.9,0.0,0,No Rain
2024-02-23,LOC004,26.94,53.74,1006.31,14.11,97.1,17.68,14.4,0.0,0,No Rain
2024-02-24,LOC004,33.82,54.2,1007.46,14.45,23.8,24.69,10.0,0.0,0,No Rain
2024-02-25,LOC004,29.5,51.52,1009.48,14.85,56.2,18.77,7.8,0.0,0,No Rain
2024-02-26,LOC004,24.89,63.81,1007.07,11.05,63.2,17.51,14.6,0.0,0,No Rain
2024-02-27,LOC004,32.0,52.08,1005.26,12.21,9.0,23.11,13.6,0.0,0,No Rain
2024-02-28,LOC004,30.11,58.24,1007.23,11.29,84.2,20.99,38.2,0.0,0,No Rain
2024-02-29,LOC004,32.66,55.91,1010.73,13.08,17.8,24.11,0.0,0.0,0,No Rain
2024-03-01,LOC004,29.16,52.6,1004.56,10.92,351.2,19.07,9.2,0.0,0,No Rain
2024-03-02,LOC004,29.65,48.48,1007.76,10.73,70.3,19.09,38.1,0.0,0,No Rain
2024-03-03,LOC004,30.64,45.2,1008.13,14.22,74.0,18.84,26.7,0.0,0,No Rain
2024-03-04,LOC004,27.5,55.81,1009.58,10.77,73.7,19.27,3.4,0.0,0,No Rain
2024-03-05,LOC004,29.64,45.08,1010.29,17.01,33.6,18.45,12.9,0.0,0,No Rain
2024-03-06,LOC004,32.08,55.94,1006.94,14.05,47.0,24.22,3.1,0.0,0,No Rain
2024-03-07,LOC004,33.41,52.63,1008.2,16.91,75.7,23.68,0.0,0.0,0,No Rain
2024-03-08,LOC004,30.3,47.46,1003.97,11.48,82.4,19.35,14.9,0.0,0,No Rain
2024-03-09,LOC004,33.1,55.55,1012.06,31.11,71.5,23.34,18.4,0.0,0,No Rain
2024-03-10,LOC004,31.62,47.59,1005.01,12.0,29.4,21.5,18.0,0.0,0,No Rain
2024-03-11,LOC004,33.3,66.58,1007.1,14.06,0.3,26.8,6.8,0.0,0,No Rain
2024-03-12,LOC004,32.16,67.02,1006.41,10.61,33.5,25.44,11.8,0.0,0,No Rain
2024-03-13,LOC004,33.11,60.38,1006.07,21.5,61.1,24.52,20.3,59.55,0,Moderate
2024-03-14,LOC004,35.78,48.99,1004.32,13.06,337.3,26.19,13.1,0.0,0,No Rain
2024-03-15,LOC004,28.58,52.27,1008.1,22.5,112.9,18.97,0.0,0.0,0,No Rain
2024-03-16,LOC004,30.83,59.68,1005.52,13.02,108.2,24.0,30.3,0.0,0,No Rain
2024-03-17,LOC004,28.59,56.2,1004.1,11.5,100.3,19.66,5.0,0.0,0,No Rain
2024-03-18,LOC004,30.12,44.15,1009.66,10.16,48.1,18.6,6.4,0.0,0,No Rain
2024-03-19,LOC004,27.7,57.09,1007.23,10.96,121.2,18.29,19.0,0.0,0,No Rain
2024-03-20,LOC004,29.87,60.45,1009.32,11.07,53.5,22.17,7.3,0.0,0,No Rain
2024-03-21,LOC004,27.09,43.66,1004.85,13.74,47.1,15.71,32.6,0.0,0,No Rain
2024-03-22,LOC004,30.73,68.36,1003.79,26.21,339.9,24.78,21.9,0.0,0,No Rain
2024-03-23,LOC004,30.12,56.58,1011.32,13.5,48.4,21.04,4.8,0.0,0,No Rain
2024-03-24,LOC004,27.5,47.5,1008.33,17.21,85.8,16.84,24.6,0.0,0,No Rain
2024-03-25,LOC004,29.24,54.14,1006.96,16.78,83.9,19.28,4.4,0.0,0,No Rain
2024-03-26,LOC004,29.02,55.7,1008.81,12.29,84.5,19.18,10.5,0.0,0,No Rain
2024-03-27,LOC004,26.9,50.1,1004.66,17.13,346.7,16.72,7.9,0.0,0,No Rain
2024-03-28,LOC004,30.95,59.87,1001.47,12.12,53.9,22.82,8.4,0.0,0,No Rain
2024-03-29,LOC004,29.16,48.18,1007.41,19.69,357.4,17.81,15.4,0.0,0,No Rain
2024-03-30,LOC004,27.99,55.44,1006.44,11.86,353.6,19.28,23.8,0.0,0,No Rain
2024-03-31,LOC004,26.91,55.35,1006.04,10.38,80.0,17.15,0.0,0.0,0,No Rain
2024-04-01,LOC004,27.82,51.52,1011.11,13.08,6.5,16.84,18.1,0.0,0,No Rain
2024-04-02,LOC004,28.44,52.68,1005.8,10.99,30.1,18.81,9.3,0.0,0,No Rain
2024-04-03,LOC004,27.35,42.34,1008.33,17.8,65.8,16.28,1.6,0.0,0,No Rain
2024-04-04,LOC004,28.88,55.36,1008.2,11.91,58.0,20.27,16.8,0.0,0,No Rain
2024-04-05,LOC004,29.0,58.36,1006.68,11.44,67.2,20.78,30.1,0.0,0,No Rain
2024-04-06,LOC004,32.35,53.71,1006.88,11.05,84.1,23.8,10.7,0.0,0,No Rain
2024-04-07,LOC004,29.52,42.49,1011.11,17.01,90.8,17.9,22.3,0.0,0,No Rain
2024-04-08,LOC004,27.91,48.74,1009.54,11.78,6.8,15.98,28.7,0.0,0,No Rain
2024-04-09,LOC004,28.45,51.57,1004.44,16.78,356.7,18.44,12.1,0.0,0,No Rain
2024-04-10,LOC004,30.38,65.11,1006.97,11.09,34.1,23.81,18.6,0.0,0,No Rain
2024-04-11,LOC004,27.55,52.64,1008.29,24.55,341.3,16.99,10.1,0.0,0,No Rain
2024-04-12,LOC004,27.08,52.13,1013.99,11.77,115.4,17.27,34.3,0.0,0,No Rain
2024-04-13,LOC004,28.52,54.03,1002.35,10.36,26.8,18.93,10.0,0.0,0,No Rain
2024-04-14,LOC004,30.62,52.28,1007.91,15.44,6.6,22.08,31.8,0.0,0,No Rain
2024-04-15,LOC004,27.83,54.99,1003.42,17.3,77.0,20.6,12.0,0.0,0,No Rain
2024-04-16,LOC004,28.38,58.06,1008.08,13.76,100.9,19.88,17.4,0.0,0,No Rain
2024-04-17,LOC004,31.05,55.53,1005.35,13.77,144.6,21.81,19.4,0.0,0,No Rain
2024-04-18,LOC004,27.16,63.65,1004.36,11.64,4.7,21.42,14.9,0.0,0,No Rain
2024-04-19,LOC004,30.89,48.6,1005.8,19.0,48.5,21.51,28.5,8.47,0,Light
2024-04-20,LOC004,26.69,59.41,1006.69,16.8,22.8,18.17,13.9,0.0,0,No Rain
2024-04-21,LOC004,27.71,56.26,1007.52,11.02,58.6,17.32,27.7,0.0,0,No Rain
2024-04-22,LOC004,26.78,60.2,1002.89,11.27,75.4,17.86,16.3,0.0,0,No Rain
2024-04-23,LOC004,25.88,53.0,1011.09,22.23,32.0,15.92,20.6,0.0,0,No Rain
2024-04-24,LOC004,26.31,40.68,1008.62,11.62,47.6,13.25,19.5,0.0,0,No Rain
2024-04-25,LOC004,25.95,60.95,1008.58,13.67,130.6,17.5,16.4,0.0,0,No Rain
2024-04-26,LOC004,22.33,47.55,1009.42,10.51,10.7,11.99,15.4,0.0,0,No Rain
2024-04-27,LOC004,23.98,59.71,1006.47,12.41,72.7,14.99,5.3,0.0,0,No Rain
2024-04-28,LOC004,23.68,49.68,1005.5,12.94,31.2,12.3,7.8,8.58,0,Light
2024-04-29,LOC004,28.36,46.52,1008.95,19.33,54.2,17.13,6.9,0.0,0,No Rain
2024-04-30,LOC004,30.02,67.05,1008.49,10.75,66.0,22.29,3.1,0.0,0,No Rain
2024-05-01,LOC004,30.47,55.36,1009.61,17.68,39.6,20.94,4.7,0.0,0,No Rain
2024-05-02,LOC004,26.72,51.84,1005.96,12.31,41.4,17.61,20.3,0.0,0,No Rain
2024-05-03,LOC004,27.67,64.83,1005.49,12.34,24.4,20.43,27.1,0.0,0,No Rain
2024-05-04,LOC004,24.96,59.15,1012.79,13.23,68.6,14.71,3.1,0.0,0,No Rain
2024-05-05,LOC004,30.03,41.37,1010.63,13.74,93.2,19.12,34.1,16.0,0,Moderate
2024-05-06,LOC004,26.64,53.16,1010.58,11.38,25.6,16.6,27.3,0.0,0,No Rain
2024-05-07,LOC004,27.96,56.99,1006.96,12.77,25.7,19.2,18.2,0.0,0,No Rain
2024-05-08,LOC004,28.96,70.03,1008.48,19.65,49.2,22.45,13.2,0.0,0,No Rain
2024-05-09,LOC004,26.67,47.19,1006.42,10.54,90.8,17.24,13.0,0.0,0,No Rain
2024-05-10,LOC004,25.74,52.05,1013.21,24.97,9.0,15.51,9.9,0.0,0,No Rain
2024-05-11,LOC004,26.12,50.75,1003.1,14.21,91.9,16.06,7.4,0.0,0,No Rain
2024-05-12,LOC004,28.5,55.19,1009.2,24.28,34.4,19.79,20.9,0.0,0,No Rain
2024-05-13,LOC004,24.08,54.6,1008.42,14.94,326.5,15.39,17.2,0.0,0,No Rain
2024-05-14,LOC004,25.53,49.39,1010.96,16.88,54.0,15.88,9.4,0.0,0,No Rain
2024-05-15,LOC004,30.13,46.34,1007.54,14.24,63.0,19.1,25.0,0.0,0,No Rain
2024-05-16,LOC004,24.55,60.08,1010.42,19.79,103.9,17.89,23.7,0.0,0,No Rain
2024-05-17,LOC004,27.31,53.14,1004.51,12.64,90.8,18.48,6.3,0.0,0,No Rain
2024-05-18,LOC004,26.97,62.03,1005.08,19.83,72.6,17.44,23.3,0.0,0,No Rain
2024-05-19,LOC004,26.86,54.29,1007.5,12.37,17.6,18.9,19.5,38.62,0,Moderate
2024-05-20,LOC004,28.84,57.1,1008.57,12.24,84.8,21.79,15.6,1.29,0,Light
2024-05-21,LOC004,26.47,58.83,1011.36,10.78,47.6,17.85,12.7,0.0,0,No Rain
2024-05-22,LOC004,29.08,48.66,1006.88,15.44,65.6,18.77,0.3,0.0,0,No Rain
2024-05-23,LOC004,26.54,59.25,1008.47,15.45,58.2,17.53,18.1,0.0,0,No Rain
2024-05-24,LOC004,29.85,59.92,1013.43,10.43,107.6,23.31,15.6,8.06,0,Light
2024-05-25,LOC004,28.13,52.38,1003.92,18.45,43.5,18.89,5.7,0.0,0,No Rain
2024-05-26,LOC004,27.43,41.82,1008.32,18.76,64.2,15.54,10.3,0.0,0,No Rain
2024-05-27,LOC004,25.92,60.04,1006.37,11.0,141.2,18.19,22.7,0.0,0,No Rain
2024-05-28,LOC004,29.1,60.48,1007.95,14.38,16.1,20.57,0.0,0.0,0,No Rain
2024-05-29,LOC004,26.96,68.57,1006.49,16.2,64.2,20.04,13.2,0.0,0,No Rain
2024-05-30,LOC004,28.9,47.65,1005.39,16.63,328.2,18.03,16.3,0.0,0,No Rain
2024-05-31,LOC004,23.87,52.99,1004.22,10.18,87.1,13.09,8.1,0.0,0,No Rain
2024-06-01,LOC004,30.62,55.03,1006.0,14.18,89.2,22.17,15.5,4.83,0,Light
2024-06-02,LOC004,25.72,54.42,998.87,16.59,104.0,16.9,23.9,0.0,0,No Rain
2024-06-03,LOC004,31.44,47.69,1009.88,25.85,108.5,19.8,37.8,0.0,0,No Rain
2024-06-04,LOC004,30.16,57.44,1005.28,28.0,119.3,21.22,20.4,0.0,0,No Rain
2024-06-05,LOC004,22.68,62.24,1003.23,15.62,120.4,15.69,30.7,0.0,0,No Rain
2024-06-06,LOC004,23.68,71.64,1005.08,12.01,93.0,17.67,12.4,0.0,0,No Rain
2024-06-07,LOC004,24.31,65.99,1006.38,12.32,80.8,18.48,46.3,0.0,0,No Rain
2024-06-08,LOC004,25.0,47.66,1010.43,11.79,68.0,13.72,24.8,0.0,0,No Rain
2024-06-09,LOC004,25.04,61.49,1008.39,12.01,113.0,16.44,25.6,0.0,0,No Rain
2024-06-10,LOC004,25.02,58.18,1007.11,18.71,37.6,16.65,23.7,0.0,0,No Rain
2024-06-11,LOC004,25.58,58.59,1002.56,18.02,74.8,17.33,22.1,1.48,0,Light
2024-06-12,LOC004,28.76,58.93,1009.76,17.67,5.6,19.66,19.6,0.0,0,No Rain
2024-06-13,LOC004,28.5,62.94,1005.23,11.93,82.4,19.58,21.3,0.0,0,No Rain
2024-06-14,LOC004,24.9,62.56,1007.46,13.21,108.1,18.35,30.4,0.0,0,No Rain
2024-06-15,LOC004,28.17,61.66,1006.31,18.51,30.0,19.5,18.6,0.0,0,No Rain
2024-06-16,LOC004,30.6,65.73,1009.09,12.18,117.7,24.23,9.7,1.23,0,Light
2024-06-17,LOC004,28.88,73.0,1008.13,13.85,56.8,23.19,24.1,1.94,0,Light
2024-06-18,LOC004,28.76,53.87,1004.88,13.24,358.1,18.12,32.5,0.0,0,No Rain
2024-06-19,LOC004,27.73,59.91,1007.89,17.78,140.2,18.93,24.4,0.0,0,No Rain
2024-06-20,LOC004,28.72,62.11,1003.6,14.46,18.3,20.89,13.3,0.0,0,No Rain
2024-06-21,LOC004,29.21,52.62,1006.06,11.77,44.7,19.93,18.1,0.0,0,No Rain
2024-06-22,LOC004,27.23,66.92,1004.65,12.2,32.7,20.11,30.0,0.0,0,No Rain
2024-06-23,LOC004,26.13,59.99,1007.35,12.57,131.7,18.67,17.3,0.0,0,No Rain
2024-06-24,LOC004,26.67,69.84,1006.09,12.19,78.0,19.28,13.8,0.0,0,No Rain
2024-06-25,LOC004,26.49,51.98,1006.98,16.44,6.4,17.93,32.9,0.0,0,No Rain
2024-06-26,LOC004,27.47,60.45,1006.28,12.05,43.2,19.89,33.0,4.87,0,Light
2024-06-27,LOC004,26.22,67.33,1008.7,12.79,57.6,19.75,3.7,11.61,0,Light
2024-06-28,LOC004,25.82,62.18,1012.07,22.07,47.9,19.46,14.5,0.0,0,No Rain
2024-06-29,LOC004,31.01,55.53,1008.57,11.9,72.6,23.39,12.7,1.1,0,Light
2024-06-30,LOC004,26.0,54.64,1008.94,17.24,96.5,16.84,18.7,0.0,0,No Rain
2024-07-01,LOC004,26.72,80.02,998.58,24.13,53.1,21.86,34.2,2.07,0,Light
2024-07-02,LOC004,22.66,77.77,999.84,23.74,156.9,19.3,60.7,1.13,0,Light
2024-07-03,LOC004,29.49,66.65,1005.42,32.3,8.2,22.53,64.4,0.0,0,No Rain
2024-07-04,LOC004,25.63,76.95,1001.48,24.15,74.0,21.05,47.6,2.81,0,Light
2024-07-05,LOC004,26.34,73.9,1001.11,21.89,92.4,22.87,59.0,0.0,0,No Rain
2024-07-06,LOC004,28.0,75.6,994.97,26.46,87.2,22.86,69.8,1.19,0,Light
2024-07-07,LOC004,32.01,69.76,1000.82,24.78,80.3,26.91,61.0,5.32,0,Light
2024-07-08,LOC004,25.96,87.17,997.8,21.03,66.0,24.92,35.8,9.68,0,Light
2024-07-09,LOC004,30.94,80.59,1000.91,20.62,18.1,27.22,72.1,0.0,0,No Rain
2024-07-10,LOC004,30.13,68.83,1002.34,34.33,36.3,24.01,73.4,3.15,0,Light
2024-07-11,LOC004,28.52,81.79,994.26,25.6,51.1,24.94,50.2,10.29,0,Light
2024-07-12,LOC004,25.28,65.87,996.23,20.57,6.3,18.09,61.4,0.5,0,Light
2024-07-13,LOC004,27.13,86.41,1002.15,19.08,67.8,25.66,64.2,195.29,1,Very/Extremely Heavy
2024-07-14,LOC004,26.78,77.84,1002.82,21.51,154.3,22.35,53.9,12.64,0,Light
2024-07-15,LOC004,27.1,74.54,994.09,18.61,50.9,21.14,52.8,0.9,0,Light
2024-07-16,LOC004,27.76,75.66,999.08,20.69,73.5,22.48,41.4,1.69,0,Light
2024-07-17,LOC004,29.85,74.03,999.3,28.75,109.2,24.32,52.3,0.0,0,No Rain
2024-07-18,LOC004,27.46,76.16,993.43,18.94,111.1,22.86,67.6,0.0,0,No Rain
2024-07-19,LOC004,25.37,79.83,1001.46,19.07,77.2,21.44,63.7,0.0,0,No Rain
2024-07-20,LOC004,27.5,76.49,1001.85,24.91,13.8,22.76,54.7,0.0,0,No Rain
2024-07-21,LOC004,29.23,75.09,995.68,19.29,93.9,24.3,62.5,3.7,0,Light
2024-07-22,LOC004,26.33,74.74,991.92,22.45,23.3,22.27,52.1,0.0,0,No Rain
2024-07-23,LOC004,26.29,77.1,995.94,23.91,80.2,21.17,59.7,17.95,0,Moderate
2024-07-24,LOC004,29.28,75.34,997.97,22.16,99.4,24.12,47.4,50.27,0,Moderate
2024-07-25,LOC004,27.25,77.93,1002.86,19.69,98.7,24.05,42.6,12.77,0,Light
2024-07-26,LOC004,27.34,69.62,996.47,30.06,22.1,19.91,58.6,0.0,0,No Rain
2024-07-27,LOC004,29.92,75.05,992.05,21.88,92.9,23.44,59.2,0.0,0,No Rain
2024-07-28,LOC004,27.24,75.76,1004.12,32.06,65.9,21.42,61.1,0.0,0,No Rain
2024-07-29,LOC004,24.3,76.63,998.7,24.48,49.3,19.2,49.0,0.0,0,No Rain
2024-07-30,LOC004,29.11,74.05,999.2,24.56,95.6,24.2,59.7,0.0,0,No Rain
2024-07-31,LOC004,32.15,80.1,1004.37,27.91,53.3,28.07,67.5,0.0,0,No Rain
2024-08-01,LOC004,25.98,92.84,993.87,27.88,97.3,24.27,83.7,0.94,0,Light
2024-08-02,LOC004,26.56,91.92,993.3,26.82,74.3,23.85,77.1,20.12,0,Moderate
2024-08-03,LOC004,29.47,81.06,1000.86,31.43,111.4,27.56,96.1,16.77,0,Moderate
2024-08-04,LOC004,26.52,79.39,987.67,35.46,47.3,22.98,89.8,91.2,1,Heavy
2024-08-05,LOC004,26.49,96.9,996.7,25.2,51.0,24.54,86.1,65.0,1,Heavy
2024-08-06,LOC004,24.24,93.65,992.25,37.31,129.4,23.99,70.9,2.01,0,Light
2024-08-07,LOC004,25.93,88.89,996.58,27.49,99.3,24.49,100.0,16.0,0,Moderate
2024-08-08,LOC004,31.14,92.93,997.12,25.08,30.4,29.28,93.0,5.28,0,Light
2024-08-09,LOC004,29.82,92.13,995.56,28.89,352.0,29.05,87.9,81.49,1,Heavy
2024-08-10,LOC004,24.81,92.11,990.31,33.65,35.7,23.69,88.1,11.23,0,Light
2024-08-11,LOC004,28.78,86.59,992.92,30.28,28.4,26.15,76.1,10.92,0,Light
2024-08-12,LOC004,27.01,90.69,993.02,26.29,127.7,25.59,88.3,54.2,0,Moderate
2024-08-13,LOC004,27.38,89.39,998.46,25.31,113.1,25.71,73.0,0.5,0,Light
2024-08-14,LOC004,26.74,87.38,994.94,28.0,77.4,24.73,84.9,6.36,0,Light
2024-08-15,LOC004,26.9,87.87,993.86,27.61,54.5,24.55,100.0,0.5,0,Light
2024-08-16,LOC004,27.98,86.62,995.55,26.35,87.5,24.59,100.0,0.5,0,Light
2024-08-17,LOC004,26.66,85.95,997.58,30.03,81.1,24.38,92.3,2.1,0,Light
2024-08-18,LOC004,25.77,87.73,997.2,26.99,60.7,22.51,81.8,3.99,0,Light
2024-08-19,LOC004,26.2,83.36,995.7,25.11,83.5,22.36,100.0,0.0,0,No Rain
2024-08-20,LOC004,27.8,92.47,991.81,29.8,57.5,25.91,90.5,48.41,0,Moderate
2024-08-21,LOC004,25.16,99.0,996.58,26.36,35.0,24.3,86.1,33.09,0,Moderate
2024-08-22,LOC004,26.71,89.05,992.72,31.95,67.3,24.71,87.4,30.84,0,Moderate
2024-08-23,LOC004,28.31,89.5,995.15,27.71,15.7,27.63,78.2,1.74,0,Light
2024-08-24,LOC004,27.69,91.67,1001.09,32.03,323.2,26.08,93.6,76.0,1,Heavy
2024-08-25,LOC004,31.68,88.13,994.02,25.23,86.3,30.55,93.7,0.99,0,Light
2024-08-26,LOC004,29.75,86.29,996.22,32.16,99.2,26.59,92.6,16.0,0,Moderate
2024-08-27,LOC004,27.43,86.83,993.11,27.56,80.6,25.1,86.8,54.7,0,Moderate
2024-08-28,LOC004,31.59,93.34,995.67,28.95,53.1,30.73,96.6,82.17,1,Heavy
2024-08-29,LOC004,26.22,92.33,996.88,26.67,28.7,25.0,100.0,16.0,0,Moderate
2024-08-30,LOC004,31.55,96.07,1000.29,30.95,49.5,31.28,99.8,35.58,0,Moderate
2024-08-31,LOC004,30.62,87.47,995.09,27.18,91.2,28.09,90.5,2.6,0,Light
2024-09-01,LOC004,29.19,75.09,1000.42,21.85,85.0,23.2,48.6,16.0,0,Moderate
2024-09-02,LOC004,33.26,80.09,997.17,19.05,21.6,28.16,48.4,0.0,0,No Rain
2024-09-03,LOC004,31.09,81.15,999.44,19.06,43.7,27.73,39.4,0.0,0,No Rain
2024-09-04,LOC004,30.39,82.59,1003.18,23.94,77.4,28.4,65.6,0.0,0,No Rain
2024-09-05,LOC004,30.91,72.92,999.63,34.23,104.0,25.16,44.1,16.0,0,Moderate
2024-09-06,LOC004,31.32,72.47,1002.33,28.3,62.5,25.73,50.8,0.0,0,No Rain
2024-09-07,LOC004,30.56,70.28,1004.26,28.18,23.0,25.37,53.2,1.05,0,Light
2024-09-08,LOC004,31.73,70.74,1002.84,19.87,5.0,25.6,47.4,237.05,1,Very/Extremely Heavy
2024-09-09,LOC004,32.49,67.56,1001.35,21.62,65.5,26.55,65.8,0.0,0,No Rain
2024-09-10,LOC004,33.03,72.13,991.36,30.76,23.3,26.33,73.0,0.0,0,No Rain
2024-09-11,LOC004,30.17,71.8,1003.48,21.05,70.2,24.07,67.6,0.0,0,No Rain
2024-09-12,LOC004,31.06,67.44,996.88,19.94,37.5,23.86,66.9,0.0,0,No Rain
2024-09-13,LOC004,30.11,82.92,1001.8,20.15,55.0,26.31,46.8,0.0,0,No Rain
2024-09-14,LOC004,33.15,76.39,994.4,24.11,348.4,28.23,64.3,2.95,0,Light
2024-09-15,LOC004,30.73,68.25,1000.12,18.65,121.9,23.69,73.6,0.0,0,No Rain
2024-09-16,LOC004,31.49,89.68,999.38,23.1,32.8,29.07,53.9,0.0,0,No Rain
2024-09-17,LOC004,32.13,65.47,1004.43,20.21,83.8,26.17,61.8,28.29,0,Moderate
2024-09-18,LOC004,30.44,75.37,998.01,23.84,87.7,25.12,58.0,0.0,0,No Rain
2024-09-19,LOC004,33.85,70.47,1000.46,18.97,4.4,28.64,46.5,0.0,0,No Rain
2024-09-20,LOC004,33.88,77.94,1002.61,19.54,66.1,28.51,49.1,0.0,0,No Rain
2024-09-21,LOC004,31.28,69.19,999.48,20.56,40.4,25.35,47.4,64.0,0,Moderate
2024-09-22,LOC004,35.21,68.18,990.32,19.86,110.8,28.99,62.6,0.0,0,No Rain
2024-09-23,LOC004,35.19,73.6,1002.14,20.86,357.5,29.93,47.4,15.5,0,Light
2024-09-24,LOC004,30.48,72.94,999.39,18.81,49.8,25.02,54.2,0.62,0,Light
2024-09-25,LOC004,33.35,79.83,995.95,23.82,43.7,28.43,57.6,25.97,0,Moderate
2024-09-26,LOC004,30.81,69.27,997.95,19.25,79.4,24.77,49.6,0.0,0,No Rain
2024-09-27,LOC004,32.3,80.67,1001.5,19.44,58.8,28.31,55.2,3.25,0,Light
2024-09-28,LOC004,32.51,70.0,1000.83,37.95,61.6,25.81,61.6,0.0,0,No Rain
2024-09-29,LOC004,29.61,81.78,1000.96,21.51,90.5,25.5,51.0,20.7,0,Moderate
2024-09-30,LOC004,33.55,66.16,1005.19,18.86,4.4,25.5,49.8,4.48,0,Light
2024-10-01,LOC004,34.05,54.07,1000.81,13.23,145.3,24.76,24.1,0.0,0,No Rain
2024-10-02,LOC004,35.67,56.39,1002.19,31.56,14.5,27.43,45.2,0.0,0,No Rain
2024-10-03,LOC004,33.06,57.99,1006.14,13.26,350.0,23.66,21.4,0.0,0,No Rain
2024-10-04,LOC004,36.48,54.38,1001.31,16.39,50.9,26.97,30.9,0.0,0,No Rain
2024-10-05,LOC004,33.27,62.39,1006.51,14.51,28.6,26.0,15.0,0.0,0,No Rain
2024-10-06,LOC004,34.11,51.64,1004.14,18.55,71.9,25.16,6.4,0.0,0,No Rain
2024-10-07,LOC004,37.23,64.53,1003.93,13.56,26.4,29.8,14.1,0.0,0,No Rain
2024-10-08,LOC004,34.47,64.65,1004.98,16.37,57.1,28.66,40.1,0.0,0,No Rain
2024-10-09,LOC004,34.61,68.12,1001.8,15.36,64.5,27.75,21.4,0.0,0,No Rain
2024-10-10,LOC004,36.63,59.68,1003.75,18.85,44.9,28.57,33.6,0.0,0,No Rain
2024-10-11,LOC004,36.09,52.77,1003.2,13.68,103.7,26.69,20.5,0.0,0,No Rain
2024-10-12,LOC004,36.11,62.75,1007.02,11.69,49.8,28.99,21.5,0.0,0,No Rain
2024-10-13,LOC004,32.86,59.74,1004.3,12.48,29.4,26.14,35.4,0.0,0,No Rain
2024-10-14,LOC004,36.17,74.01,1005.75,12.98,31.7,30.25,15.8,0.0,0,No Rain
2024-10-15,LOC004,33.1,52.55,1006.24,27.49,88.4,24.06,22.5,0.0,0,No Rain
2024-10-16,LOC004,37.21,52.67,1003.01,12.75,32.5,27.33,20.6,0.71,0,Light
2024-10-17,LOC004,35.62,53.35,1003.33,13.84,16.8,26.74,20.6,8.08,0,Light
2024-10-18,LOC004,33.76,64.38,1003.94,13.0,41.5,27.61,26.1,0.0,0,No Rain
2024-10-19,LOC004,35.1,46.1,1003.94,15.16,106.3,25.53,15.4,0.0,0,No Rain
2024-10-20,LOC004,35.07,49.35,1007.13,12.06,63.0,23.06,11.6,0.0,0,No Rain
2024-10-21,LOC004,36.9,61.05,1007.1,13.56,65.9,30.52,22.5,0.0,0,No Rain
2024-10-22,LOC004,36.69,51.9,1008.59,11.99,55.2,27.14,19.3,0.0,0,No Rain
2024-10-23,LOC004,32.59,49.52,1005.0,25.92,3.2,23.91,23.8,0.0,0,No Rain
2024-10-24,LOC004,35.67,68.25,1011.24,15.38,39.8,30.11,15.5,0.0,0,No Rain
2024-10-25,LOC004,35.94,50.82,1007.98,12.97,56.3,25.49,26.3,0.0,0,No Rain
2024-10-26,LOC004,34.57,63.21,1010.99,12.11,70.7,27.19,23.5,24.31,0,Moderate
2024-10-27,LOC004,35.24,54.17,1001.25,14.53,59.5,26.97,30.0,0.0,0,No Rain
2024-10-28,LOC004,35.74,57.47,1000.87,17.27,72.7,29.51,27.2,0.0,0,No Rain
2024-10-29,LOC004,29.03,55.87,1004.85,12.36,52.8,20.42,33.9,0.0,0,No Rain
2024-10-30,LOC004,37.34,61.57,1005.14,15.04,48.4,30.36,2.8,0.0,0,No Rain
2024-10-31,LOC004,35.58,59.32,1003.79,15.85,84.7,27.74,23.5,0.0,0,No Rain
2024-11-01,LOC004,40.34,47.26,1010.79,14.0,31.7,28.74,14.9,0.0,0,No Rain
2024-11-02,LOC004,38.4,51.83,1006.1,11.16,55.3,27.89,40.0,0.0,0,No Rain
2024-11-03,LOC004,41.12,52.22,1008.4,11.7,93.5,31.52,28.3,0.0,0,No Rain
2024-11-04,LOC004,37.29,52.4,1008.53,10.71,103.5,27.56,8.5,0.0,0,No Rain
2024-11-05,LOC004,37.71,64.24,1010.58,11.39,67.7,30.36,19.1,2.43,0,Light
2024-11-06,LOC004,37.18,63.8,1006.33,16.58,112.5,30.15,7.7,0.0,0,No Rain
2024-11-07,LOC004,36.5,56.96,1002.18,10.55,14.7,27.97,14.4,0.0,0,No Rain
2024-11-08,LOC004,39.17,52.81,1009.52,17.4,72.9,30.82,8.4,0.0,0,No Rain
2024-11-09,LOC004,37.15,62.61,1007.55,13.3,29.8,30.92,24.3,0.0,0,No Rain
2024-11-10,LOC004,35.61,59.28,1007.89,18.67,23.5,27.48,29.9,0.0,0,No Rain
2024-11-11,LOC004,37.77,54.73,1005.16,11.08,66.1,28.1,25.9,0.0,0,No Rain
2024-11-12,LOC004,44.0,56.33,1001.39,12.25,93.8,32.0,27.6,0.0,0,No Rain
2024-11-13,LOC004,39.91,55.22,1005.89,11.06,23.9,30.71,6.2,0.0,0,No Rain
2024-11-14,LOC004,37.31,51.05,1007.69,10.89,3.0,27.9,21.3,0.0,0,No Rain
2024-11-15,LOC004,35.88,58.92,1010.56,10.62,12.6,27.52,5.3,0.0,0,No Rain
2024-11-16,LOC004,36.74,63.56,1004.96,11.84,115.0,30.07,22.6,16.0,0,Moderate
2024-11-17,LOC004,35.08,52.57,1008.33,11.94,155.2,25.68,15.2,0.0,0,No Rain
2024-11-18,LOC004,37.06,47.16,1011.19,10.6,348.2,26.92,21.1,0.0,0,No Rain
2024-11-19,LOC004,34.5,34.59,1004.23,16.46,67.4,21.31,9.2,0.0,0,No Rain
2024-11-20,LOC004,39.16,49.66,1004.09,10.29,37.1,28.83,22.5,0.0,0,No Rain
2024-11-21,LOC004,35.97,57.99,1006.31,15.71,74.4,28.4,0.0,0.0,0,No Rain
2024-11-22,LOC004,37.01,61.04,1007.51,20.18,115.0,28.42,28.9,0.0,0,No Rain
2024-11-23,LOC004,39.3,52.24,1006.17,10.29,321.1,28.89,27.7,0.0,0,No Rain
2024-11-24,LOC004,35.74,53.97,1009.19,19.01,31.1,26.88,20.4,0.0,0,No Rain
2024-11-25,LOC004,38.28,46.84,1009.81,12.03,54.4,27.83,0.0,0.0,0,No Rain
2024-11-26,LOC004,39.01,59.88,1007.44,11.1,34.5,32.0,15.6,0.0,0,No Rain
2024-11-27,LOC004,34.37,55.78,1010.6,11.43,13.4,25.96,20.7,0.0,0,No Rain
2024-11-28,LOC004,38.81,54.06,1009.04,14.43,346.2,30.28,4.7,0.0,0,No Rain
2024-11-29,LOC004,33.55,60.92,1010.44,12.13,4.3,25.04,13.3,0.0,0,No Rain
2024-11-30,LOC004,36.07,64.3,1007.81,21.69,71.6,29.67,5.5,0.0,0,No Rain
2024-12-01,LOC004,37.39,56.05,1013.55,12.35,322.5,29.06,21.5,0.0,0,No Rain
2024-12-02,LOC004,37.59,53.56,1008.33,10.88,123.5,28.0,4.1,0.0,0,No Rain
2024-12-03,LOC004,40.45,44.66,1008.17,10.92,331.8,30.25,16.5,0.0,0,No Rain
2024-12-04,LOC004,32.96,53.95,1011.76,10.13,99.6,23.43,7.5,0.0,0,No Rain
2024-12-05,LOC004,32.27,53.73,1006.95,12.38,99.1,24.78,21.4,0.0,0,No Rain
2024-12-06,LOC004,38.27,41.7,1007.2,10.23,49.5,25.71,19.6,0.0,0,No Rain
2024-12-07,LOC004,40.15,59.03,1000.65,10.46,100.8,31.14,9.3,0.0,0,No Rain
2024-12-08,LOC004,41.79,44.08,1008.63,19.09,124.4,31.26,31.1,0.0,0,No Rain
2024-12-09,LOC004,36.21,50.32,1006.18,15.1,101.9,27.13,12.6,0.0,0,No Rain
2024-12-10,LOC004,37.95,56.27,1007.36,22.53,77.3,28.74,26.3,35.3,0,Moderate
2024-12-11,LOC004,38.23,56.24,1006.48,11.07,57.8,29.87,15.9,0.0,0,No Rain
2024-12-12,LOC004,37.3,50.86,1009.07,10.55,36.5,27.28,8.8,0.0,0,No Rain
2024-12-13,LOC004,40.43,56.7,1004.23,10.12,117.0,31.7,7.3,0.0,0,No Rain
2024-12-14,LOC004,37.14,47.21,1006.14,15.69,45.9,25.68,7.2,0.0,0,No Rain
2024-12-15,LOC004,34.65,60.72,1004.54,12.23,112.5,26.09,21.9,0.0,0,No Rain
2024-12-16,LOC004,37.48,67.46,1003.75,12.11,68.6,32.0,16.7,0.0,0,No Rain
2024-12-17,LOC004,37.17,54.63,1005.71,11.04,15.2,27.76,16.1,0.0,0,No Rain
2024-12-18,LOC004,38.37,48.09,1005.88,13.34,80.3,27.83,28.7,0.0,0,No Rain
2024-12-19,LOC004,33.56,53.34,1001.77,21.06,52.9,25.17,17.2,0.0,0,No Rain
2024-12-20,LOC004,36.16,67.77,1003.29,10.5,109.6,31.04,11.1,0.0,0,No Rain
2024-12-21,LOC004,37.67,41.93,1005.02,11.33,43.6,25.72,0.0,0.0,0,No Rain
2024-12-22,LOC004,35.91,59.08,1006.55,21.93,49.3,26.64,15.4,0.0,0,No Rain
2024-12-23,LOC004,37.25,58.0,1009.88,12.86,68.0,29.97,20.8,0.0,0,No Rain
2024-12-24,LOC004,35.62,51.41,1006.25,11.39,46.3,25.45,11.4,0.0,0,No Rain
2024-12-25,LOC004,37.2,54.05,1005.56,10.36,33.7,28.36,24.4,0.0,0,No Rain
2024-12-26,LOC004,34.96,47.32,1008.12,17.31,93.2,25.87,12.8,0.0,0,No Rain
2024-12-27,LOC004,40.29,57.06,1003.25,13.0,349.3,31.7,11.1,0.0,0,No Rain
2024-12-28,LOC004,37.14,54.65,1009.06,11.32,126.2,27.48,12.6,0.0,0,No Rain
2024-12-29,LOC004,38.12,47.63,1013.21,16.48,358.0,27.27,1.8,0.0,0,No Rain
2024-12-30,LOC004,36.07,50.73,1004.46,10.22,64.2,26.15,4.6,0.0,0,No Rain
2024-12-31,LOC004,33.74,57.3,1005.03,16.47,325.3,24.48,10.8,0.0,0,No Rain
2025-01-01,LOC004,34.29,49.26,1009.76,10.81,84.7,23.45,11.6,0.0,0,No Rain
2025-01-02,LOC004,37.65,48.26,1006.97,22.7,33.1,26.85,14.0,0.0,0,No Rain
2025-01-03,LOC004,33.89,57.39,1007.13,10.94,32.6,25.22,6.7,0.0,0,No Rain
2025-01-04,LOC004,38.76,56.48,1012.48,22.59,5.4,29.12,17.5,0.0,0,No Rain
2025-01-05,LOC004,34.45,40.35,1004.24,15.45,60.1,21.92,16.7,0.0,0,No Rain
2025-01-06,LOC004,32.27,60.85,1003.76,19.53,117.9,25.02,5.1,0.0,0,No Rain
2025-01-07,LOC004,34.82,52.82,1005.65,12.72,97.7,25.36,29.9,0.0,0,No Rain
2025-01-08,LOC004,35.29,53.6,1005.29,14.49,94.0,27.0,30.5,0.0,0,No Rain
2025-01-09,LOC004,36.45,52.51,1008.26,16.79,12.5,28.05,2.3,0.0,0,No Rain
2025-01-10,LOC004,35.43,51.33,1004.86,10.04,131.1,24.96,17.8,0.0,0,No Rain
2025-01-11,LOC004,33.48,47.01,1009.15,11.09,337.9,23.66,18.8,0.0,0,No Rain
2025-01-12,LOC004,39.35,55.7,1010.75,10.11,6.8,30.94,0.0,6.41,0,Light
2025-01-13,LOC004,31.63,62.58,1009.7,12.94,67.5,23.18,28.8,0.0,0,No Rain
2025-01-14,LOC004,36.82,48.75,1006.0,17.69,13.5,25.9,27.1,0.0,0,No Rain
2025-01-15,LOC004,35.25,51.1,1010.61,15.66,102.4,25.89,2.6,0.0,0,No Rain
2025-01-16,LOC004,35.01,52.05,1008.61,10.25,352.6,24.72,13.4,0.0,0,No Rain
2025-01-17,LOC004,34.05,57.75,1006.94,11.39,41.2,26.12,2.7,0.0,0,No Rain
2025-01-18,LOC004,35.33,60.25,1006.56,11.63,179.9,27.63,32.9,0.0,0,No Rain
2025-01-19,LOC004,32.9,48.58,1001.55,10.3,4.4,22.92,0.0,15.5,0,Light
2025-01-20,LOC004,37.18,72.66,1007.04,11.72,59.7,31.8,12.9,0.0,0,No Rain
2025-01-21,LOC004,30.92,58.43,1008.92,11.07,70.6,24.21,36.7,0.0,0,No Rain
2025-01-22,LOC004,34.02,51.4,1007.73,10.48,82.3,22.9,22.9,0.0,0,No Rain
2025-01-23,LOC004,30.1,45.62,1005.42,20.33,105.4,19.19,12.3,0.0,0,No Rain
2025-01-24,LOC004,32.15,49.7,1004.35,18.63,74.1,21.23,29.1,0.0,0,No Rain
2025-01-25,LOC004,33.82,49.0,1006.95,10.65,47.4,24.78,26.0,0.0,0,No Rain
2025-01-26,LOC004,36.59,54.86,1004.9,15.09,93.2,26.94,8.1,0.0,0,No Rain
2025-01-27,LOC004,33.11,55.87,1008.39,13.71,74.6,25.21,12.6,0.0,0,No Rain
2025-01-28,LOC004,30.22,59.68,1003.09,11.66,34.7,21.13,15.6,0.0,0,No Rain
2025-01-29,LOC004,33.54,47.99,1001.62,12.58,50.3,24.11,20.4,3.85,0,Light
2025-01-30,LOC004,33.75,64.86,1007.97,13.46,103.2,27.45,19.1,0.0,0,No Rain
2025-01-31,LOC004,33.17,46.22,1008.98,16.71,63.5,21.45,28.3,0.0,0,No Rain
2025-02-01,LOC004,31.6,66.64,1005.28,14.85,103.2,23.29,14.4,0.0,0,No Rain
2025-02-02,LOC004,32.78,59.74,1004.28,13.15,35.5,24.97,11.6,0.0,0,No Rain
2025-02-03,LOC004,31.3,56.53,1010.48,15.86,52.7,23.27,20.4,0.0,0,No Rain
2025-02-04,LOC004,30.86,60.29,1006.5,11.81,25.5,24.49,26.1,0.0,0,No Rain
2025-02-05,LOC004,33.75,55.71,1007.2,29.71,30.2,26.03,0.0,0.0,0,No Rain
2025-02-06,LOC004,30.87,48.43,1005.93,17.57,101.8,20.09,19.2,0.0,0,No Rain
2025-02-07,LOC004,31.78,48.02,1011.66,14.11,4.9,21.5,31.6,0.0,0,No Rain
2025-02-08,LOC004,35.7,60.55,1004.22,13.18,24.5,28.3,0.0,0.0,0,No Rain
2025-02-09,LOC004,36.37,65.37,1010.57,11.32,45.9,30.41,21.6,0.0,0,No Rain
2025-02-10,LOC004,33.7,55.17,1006.03,13.81,28.9,25.62,12.2,0.0,0,No Rain
2025-02-11,LOC004,31.81,54.02,1008.92,11.97,59.4,21.83,34.1,32.06,0,Moderate
2025-02-12,LOC004,33.46,50.05,1007.98,16.92,37.5,24.14,16.6,0.0,0,No Rain
2025-02-13,LOC004,28.97,53.68,1008.87,20.17,89.3,19.28,6.5,0.0,0,No Rain
2025-02-14,LOC004,29.8,62.35,1007.29,10.53,76.1,21.0,31.5,3.21,0,Light
2025-02-15,LOC004,35.82,57.72,1007.83,14.49,21.6,28.07,26.5,0.0,0,No Rain
2025-02-16,LOC004,32.71,56.5,1009.3,13.9,105.5,23.74,24.4,0.0,0,No Rain
2025-02-17,LOC004,31.98,57.69,1005.56,17.3,85.7,23.63,17.9,0.0,0,No Rain
2025-02-18,LOC004,29.93,54.33,1006.98,10.2,69.2,21.02,15.7,0.0,0,No Rain
2025-02-19,LOC004,30.67,47.4,1004.02,14.49,29.7,20.37,35.4,0.0,0,No Rain
2025-02-20,LOC004,31.01,60.99,1008.61,13.83,13.9,22.9,9.7,0.0,0,No Rain
2025-02-21,LOC004,32.89,63.45,1008.37,29.17,30.0,24.89,34.6,0.0,0,No Rain
2025-02-22,LOC004,30.65,57.16,1009.28,14.96,30.8,22.55,14.6,0.0,0,No Rain
2025-02-23,LOC004,26.85,54.36,1007.95,13.03,81.6,16.68,8.4,0.0,0,No Rain
2025-02-24,LOC004,31.48,61.44,1008.18,12.49,49.2,24.22,13.3,0.0,0,No Rain
2025-02-25,LOC004,34.64,55.26,1007.31,14.41,95.4,26.39,12.0,0.0,0,No Rain
2025-02-26,LOC004,31.3,60.24,1006.13,10.44,4.8,23.01,19.1,0.0,0,No Rain
2025-02-27,LOC004,32.4,49.15,1008.63,11.89,79.3,21.96,3.3,0.0,0,No Rain
2025-02-28,LOC004,33.02,44.32,1007.77,12.12,76.4,21.75,8.6,0.0,0,No Rain
2025-03-01,LOC004,28.05,50.43,1005.49,17.99,89.7,19.01,20.6,0.0,0,No Rain
2025-03-02,LOC004,24.81,53.69,1005.85,10.24,51.0,15.23,2.0,0.0,0,No Rain
2025-03-03,LOC004,27.63,50.55,1005.1,11.58,68.0,17.41,0.0,0.0,0,No Rain
2025-03-04,LOC004,28.72,50.66,1005.38,17.22,61.0,18.77,10.4,0.0,0,No Rain
2025-03-05,LOC004,30.14,54.02,1004.55,13.23,34.2,21.92,6.4,0.0,0,No Rain
2025-03-06,LOC004,29.56,51.44,1010.0,13.15,118.8,19.7,17.1,0.0,0,No Rain
2025-03-07,LOC004,29.93,59.24,1003.34,13.45,108.0,22.3,22.3,0.0,0,No Rain
2025-03-08,LOC004,29.37,52.08,1004.6,11.04,26.4,19.33,23.6,0.0,0,No Rain
2025-03-09,LOC004,33.97,62.14,1005.51,13.39,68.7,24.98,25.6,0.0,0,No Rain
2025-03-10,LOC004,29.0,50.59,1008.6,20.07,86.9,19.04,20.3,0.0,0,No Rain
2025-03-11,LOC004,29.96,59.76,1006.75,10.83,105.7,21.64,26.4,0.0,0,No Rain
2025-03-12,LOC004,30.64,54.75,1009.08,11.55,104.2,21.17,23.9,50.84,0,Moderate
2025-03-13,LOC004,30.11,53.79,1007.04,17.63,53.5,20.73,12.6,0.0,0,No Rain
2025-03-14,LOC004,29.01,59.05,1004.14,10.52,357.1,19.92,22.9,0.0,0,No Rain
2025-03-15,LOC004,28.82,47.02,1005.51,13.74,79.0,17.62,17.3,0.0,0,No Rain
2025-03-16,LOC004,29.35,44.86,1003.51,14.07,35.7,18.75,14.5,0.0,0,No Rain
2025-03-17,LOC004,33.07,59.39,1011.41,11.45,26.7,25.69,13.5,0.0,0,No Rain
2025-03-18,LOC004,28.02,63.61,1004.07,22.1,99.1,19.21,0.0,0.0,0,No Rain
2025-03-19,LOC004,29.3,64.42,1005.44,10.77,103.6,21.59,17.4,0.0,0,No Rain
2025-03-20,LOC004,29.75,54.75,1005.13,12.87,57.2,19.75,2.5,0.0,0,No Rain
2025-03-21,LOC004,30.4,51.33,1006.66,26.23,88.1,21.0,15.6,0.5,0,Light
2025-03-22,LOC004,32.02,57.08,1007.67,10.25,44.2,23.1,8.2,0.0,0,No Rain
2025-03-23,LOC004,28.57,49.12,1002.28,13.29,45.4,17.9,0.0,0.0,0,No Rain
2025-03-24,LOC004,28.5,64.26,1008.13,13.63,38.1,21.97,25.9,0.0,0,No Rain
2025-03-25,LOC004,30.28,56.33,1008.13,11.49,93.9,21.42,13.7,24.8,0,Moderate
2025-03-26,LOC004,28.44,58.45,1004.73,13.24,46.3,19.81,6.6,0.0,0,No Rain
2025-03-27,LOC004,28.56,47.04,1004.29,10.31,70.8,18.21,7.4,0.0,0,No Rain
2025-03-28,LOC004,31.06,53.81,1006.81,21.21,81.1,21.62,19.6,0.0,0,No Rain
2025-03-29,LOC004,28.36,54.96,1009.26,22.04,27.3,17.94,5.3,0.0,0,No Rain
2025-03-30,LOC004,30.94,55.26,1005.24,11.39,87.9,21.6,20.3,0.0,0,No Rain
2025-03-31,LOC004,27.69,45.47,1007.21,12.5,60.6,16.58,20.1,0.0,0,No Rain
2025-04-01,LOC004,28.84,56.81,1008.05,18.85,59.7,20.77,4.4,0.0,0,No Rain
2025-04-02,LOC004,25.02,58.15,1004.04,12.49,5.6,17.97,13.3,0.0,0,No Rain
2025-04-03,LOC004,27.5,45.7,1010.49,14.0,72.3,17.29,15.9,0.0,0,No Rain
2025-04-04,LOC004,31.21,56.34,1008.03,12.26,69.5,23.11,24.5,0.0,0,No Rain
2025-04-05,LOC004,29.28,61.08,1008.49,12.08,89.6,23.65,12.3,0.0,0,No Rain
2025-04-06,LOC004,27.44,57.85,1011.18,10.29,338.7,18.87,19.6,0.0,0,No Rain
2025-04-07,LOC004,29.87,62.75,1007.63,13.11,65.9,22.11,23.8,0.0,0,No Rain
2025-04-08,LOC004,27.52,53.12,1008.69,14.08,22.5,18.12,21.6,0.0,0,No Rain
2025-04-09,LOC004,31.92,62.77,1012.01,12.49,139.7,23.92,0.0,0.0,0,No Rain
2025-04-10,LOC004,27.09,50.79,1004.23,12.82,35.6,16.15,17.9,0.0,0,No Rain
2025-04-11,LOC004,27.97,51.97,1008.97,10.13,356.2,19.09,28.0,0.0,0,No Rain
2025-04-12,LOC004,27.57,60.11,1006.05,17.04,6.5,18.27,27.2,0.0,0,No Rain
2025-04-13,LOC004,27.23,62.58,1006.79,11.0,101.4,19.22,0.4,0.0,0,No Rain
2025-04-14,LOC004,25.3,46.65,1005.62,16.48,67.2,14.12,15.3,0.0,0,No Rain
2025-04-15,LOC004,26.8,53.06,1002.46,14.96,67.4,17.82,17.6,0.0,0,No Rain
2025-04-16,LOC004,29.29,52.11,1005.19,11.58,45.4,18.43,1.2,3.66,0,Light
2025-04-17,LOC004,29.87,60.86,1006.95,20.27,345.1,22.12,18.4,0.0,0,No Rain
2025-04-18,LOC004,23.36,48.68,1009.02,16.03,51.7,14.71,21.9,0.0,0,No Rain
2025-04-19,LOC004,25.84,49.97,1006.57,15.79,86.0,16.28,12.3,0.0,0,No Rain
2025-04-20,LOC004,29.98,40.65,1012.51,10.96,46.4,19.22,5.4,0.0,0,No Rain
2025-04-21,LOC004,26.19,59.27,1007.98,14.7,104.6,18.36,18.1,0.0,0,No Rain
2025-04-22,LOC004,29.9,58.12,1003.74,11.37,86.2,20.94,18.5,0.0,0,No Rain
2025-04-23,LOC004,25.7,59.06,1009.47,10.98,70.1,16.83,18.2,0.0,0,No Rain
2025-04-24,LOC004,29.97,58.91,1009.63,10.46,34.9,22.22,12.7,0.0,0,No Rain
2025-04-25,LOC004,28.08,63.0,1008.79,11.58,22.5,22.04,16.7,0.0,0,No Rain
2025-04-26,LOC004,25.97,51.52,1009.4,12.32,20.8,15.22,22.3,0.0,0,No Rain
2025-04-27,LOC004,27.45,47.9,1007.9,12.79,96.8,17.7,12.1,0.0,0,No Rain
2025-04-28,LOC004,26.96,55.54,1009.3,11.57,56.8,17.19,2.2,0.0,0,No Rain
2025-04-29,LOC004,27.33,54.64,1007.32,17.07,163.5,17.32,24.8,53.0,0,Moderate
2025-04-30,LOC004,30.62,41.85,1010.29,12.34,28.7,17.78,3.9,0.0,0,No Rain
2025-05-01,LOC004,29.17,46.32,1006.11,11.05,351.6,18.45,9.0,0.0,0,No Rain
2025-05-02,LOC004,28.53,55.61,1011.73,13.58,46.8,17.88,14.7,0.0,0,No Rain
2025-05-03,LOC004,30.0,45.9,1008.16,11.36,118.4,19.62,15.5,4.58,0,Light
2025-05-04,LOC004,28.9,57.2,1006.12,11.27,104.7,20.29,22.3,0.0,0,No Rain
2025-05-05,LOC004,30.33,56.71,1011.46,16.21,59.0,21.46,3.9,0.0,0,No Rain
2025-05-06,LOC004,26.85,49.64,1005.66,23.07,349.6,16.85,11.3,0.0,0,No Rain
2025-05-07,LOC004,28.69,61.01,1007.28,16.21,32.1,21.36,24.2,0.0,0,No Rain
2025-05-08,LOC004,30.35,54.52,1008.53,10.77,83.9,20.64,6.7,0.0,0,No Rain
2025-05-09,LOC004,27.02,63.51,1005.83,10.31,96.9,20.42,15.1,0.0,0,No Rain
2025-05-10,LOC004,25.88,54.16,1008.35,12.32,98.8,15.98,8.1,0.0,0,No Rain
2025-05-11,LOC004,24.05,61.43,1008.03,10.76,8.4,16.23,17.1,0.0,0,No Rain
2025-05-12,LOC004,31.99,56.96,1006.76,14.92,101.9,22.7,18.6,0.0,0,No Rain
2025-05-13,LOC004,28.87,55.94,1011.18,11.09,107.8,19.76,0.8,0.0,0,No Rain
2025-05-14,LOC004,23.18,63.43,1004.58,12.22,34.1,16.38,5.8,0.0,0,No Rain
2025-05-15,LOC004,28.18,56.8,1005.78,11.22,31.3,20.1,0.0,28.89,0,Moderate
2025-05-16,LOC004,27.06,43.81,1004.46,10.4,56.3,16.23,17.3,37.21,0,Moderate
2025-05-17,LOC004,27.15,47.86,1007.64,10.97,56.0,16.88,9.8,0.0,0,No Rain
2025-05-18,LOC004,30.69,67.01,1004.09,13.1,81.1,23.52,23.4,0.0,0,No Rain
2025-05-19,LOC004,24.1,57.5,1008.72,11.22,81.5,15.05,18.3,29.6,0,Moderate
2025-05-20,LOC004,26.26,58.86,1009.88,11.57,85.6,16.83,20.9,0.0,0,No Rain
2025-05-21,LOC004,25.95,58.81,1003.9,10.44,41.5,16.02,18.4,0.0,0,No Rain
2025-05-22,LOC004,32.56,50.11,1007.03,10.12,4.3,22.11,15.0,0.0,0,No Rain
2025-05-23,LOC004,23.88,48.6,1010.78,12.58,14.6,13.71,22.0,0.0,0,No Rain
2025-05-24,LOC004,27.7,58.56,1005.45,10.27,5.7,19.91,21.0,0.0,0,No Rain
2025-05-25,LOC004,26.42,55.29,1010.5,15.39,43.4,18.84,23.8,12.2,0,Light
2025-05-26,LOC004,28.96,62.42,1003.48,15.07,122.0,22.04,20.4,0.0,0,No Rain
2025-05-27,LOC004,25.5,48.77,1008.96,14.49,81.6,14.41,0.0,0.0,0,No Rain
2025-05-28,LOC004,26.7,55.31,1008.81,22.02,74.1,17.86,26.0,0.0,0,No Rain
2025-05-29,LOC004,25.92,51.49,1003.24,10.52,42.2,16.46,13.2,0.0,0,No Rain
2025-05-30,LOC004,27.91,53.16,1005.71,12.77,141.0,16.55,20.3,0.0,0,No Rain
2025-05-31,LOC004,24.48,52.28,1005.57,10.38,13.3,15.85,6.8,0.0,0,No Rain
2025-06-01,LOC004,25.99,66.53,1003.05,15.14,62.8,17.86,27.1,0.0,0,No Rain
2025-06-02,LOC004,26.25,62.0,1005.91,13.22,63.9,17.93,7.4,0.0,0,No Rain
2025-06-03,LOC004,29.85,55.84,1009.57,16.19,70.9,21.29,25.5,0.0,0,No Rain
2025-06-04,LOC004,27.28,63.88,1006.37,17.74,87.2,19.37,27.4,0.0,0,No Rain
2025-06-05,LOC004,24.97,60.46,1009.65,16.52,358.3,16.26,23.2,0.0,0,No Rain
2025-06-06,LOC004,26.88,68.13,1006.31,15.91,59.8,20.57,32.5,0.0,0,No Rain
2025-06-07,LOC004,28.15,61.71,1005.82,13.26,56.0,20.49,20.2,0.0,0,No Rain
2025-06-08,LOC004,28.0,55.38,1007.98,18.52,85.3,19.6,0.0,0.0,0,No Rain
2025-06-09,LOC004,26.93,57.99,1001.18,12.49,113.6,19.45,23.9,0.0,0,No Rain
2025-06-10,LOC004,27.07,56.64,1006.31,18.32,33.1,17.41,19.8,0.0,0,No Rain
2025-06-11,LOC004,26.19,56.66,1001.78,16.16,27.2,18.61,16.3,0.0,0,No Rain
2025-06-12,LOC004,28.51,57.14,1005.48,12.15,40.3,19.15,31.7,0.0,0,No Rain
2025-06-13,LOC004,26.68,63.43,1007.62,14.48,52.9,19.87,36.0,31.65,0,Moderate
2025-06-14,LOC004,25.62,51.85,1005.48,12.54,17.4,17.03,8.8,0.0,0,No Rain
2025-06-15,LOC004,27.58,59.76,1005.46,15.65,91.8,18.15,5.0,0.0,0,No Rain
2025-06-16,LOC004,29.5,55.33,1003.29,25.6,89.8,19.69,28.9,0.0,0,No Rain
2025-06-17,LOC004,32.36,66.78,1007.09,12.97,53.7,26.57,11.4,0.0,0,No Rain
2025-06-18,LOC004,22.91,64.5,1010.77,23.21,358.2,15.5,34.2,0.0,0,No Rain
2025-06-19,LOC004,24.62,48.73,1009.51,12.47,149.2,14.73,23.5,0.0,0,No Rain
2025-06-20,LOC004,29.02,58.56,1006.29,12.42,16.1,20.0,3.4,0.0,0,No Rain
2025-06-21,LOC004,29.18,54.81,1009.5,11.95,359.5,21.03,17.5,0.0,0,No Rain
2025-06-22,LOC004,27.73,64.0,1005.85,14.96,74.0,20.15,28.8,0.0,0,No Rain
2025-06-23,LOC004,30.59,62.63,1004.04,18.17,102.6,21.7,23.9,0.0,0,No Rain
2025-06-24,LOC004,30.32,51.1,1005.66,13.01,61.7,20.42,31.5,0.0,0,No Rain
2025-06-25,LOC004,29.57,63.13,1006.18,16.2,95.5,22.4,15.5,0.0,0,No Rain
2025-06-26,LOC004,28.72,54.23,1003.96,15.92,48.3,19.56,18.2,0.0,0,No Rain
2025-06-27,LOC004,26.9,58.67,1006.0,14.91,55.7,19.17,10.8,0.0,0,No Rain
2025-06-28,LOC004,29.28,55.63,1005.69,14.46,45.5,19.67,33.2,0.0,0,No Rain
2025-06-29,LOC004,25.73,67.64,1005.8,14.36,6.4,19.87,32.2,0.0,0,No Rain
2025-06-30,LOC004,27.22,59.15,1004.59,18.85,116.5,19.11,26.2,53.31,0,Moderate
2025-07-01,LOC004,27.01,78.84,996.84,19.85,74.3,23.46,59.0,0.0,0,No Rain
2025-07-02,LOC004,27.49,71.79,996.45,21.54,0.4,21.84,50.4,1.73,0,Light
2025-07-03,LOC004,27.05,70.18,997.28,20.67,53.5,21.28,49.8,2.51,0,Light
2025-07-04,LOC004,27.27,80.29,1004.38,29.83,44.9,23.22,47.7,16.0,0,Moderate
2025-07-05,LOC004,27.45,69.05,999.2,19.34,34.9,20.61,75.9,0.0,0,No Rain
2025-07-06,LOC004,25.64,68.69,1001.33,23.32,25.5,19.83,77.2,0.0,0,No Rain
2025-07-07,LOC004,20.62,77.63,1000.62,20.12,23.3,14.99,59.2,0.0,0,No Rain
2025-07-08,LOC004,25.09,79.54,1002.92,19.53,95.0,20.8,69.3,15.36,0,Light
2025-07-09,LOC004,26.25,70.13,1003.48,20.46,79.5,18.91,49.7,8.19,0,Light
2025-07-10,LOC004,26.66,80.69,1003.62,18.92,90.0,22.59,46.9,2.07,0,Light
2025-07-11,LOC004,27.16,70.88,1002.3,21.75,85.2,21.66,53.2,11.52,0,Light
2025-07-12,LOC004,28.05,73.4,1000.95,19.45,39.5,22.09,54.0,5.45,0,Light
2025-07-13,LOC004,29.18,81.65,992.72,24.01,17.2,25.67,56.8,0.0,0,No Rain
2025-07-14,LOC004,29.08,70.73,998.44,19.83,73.2,24.17,58.6,95.7,1,Heavy
2025-07-15,LOC004,25.54,80.52,1001.69,24.76,49.0,20.85,73.7,0.0,0,No Rain
2025-07-16,LOC004,28.75,68.46,999.96,31.49,98.2,22.94,49.3,0.5,0,Light
2025-07-17,LOC004,26.95,75.06,1001.87,21.79,69.6,21.3,53.4,3.16,0,Light
2025-07-18,LOC004,28.56,82.92,999.8,18.97,102.4,25.21,42.7,0.0,0,No Rain
2025-07-19,LOC004,27.41,77.17,999.93,19.34,33.9,22.84,58.0,68.57,1,Heavy
2025-07-20,LOC004,22.66,71.97,1004.52,23.11,85.3,16.24,55.1,0.0,0,No Rain
2025-07-21,LOC004,27.42,80.99,998.21,20.01,104.3,25.06,61.0,111.07,1,Heavy
2025-07-22,LOC004,27.27,76.47,998.63,28.2,340.0,22.41,74.5,0.0,0,No Rain
2025-07-23,LOC004,29.64,72.4,1001.48,23.24,45.1,22.87,59.1,0.0,0,No Rain
2025-07-24,LOC004,28.58,80.85,1002.73,19.22,353.2,24.86,64.1,0.0,0,No Rain
2025-07-25,LOC004,25.26,74.65,1003.78,21.11,27.3,19.61,56.8,1.32,0,Light
2025-07-26,LOC004,28.78,81.36,999.69,21.96,325.7,25.71,53.8,64.0,0,Moderate
2025-07-27,LOC004,31.42,79.02,998.81,22.85,75.7,25.82,65.5,0.98,0,Light
2025-07-28,LOC004,28.25,72.18,1000.73,20.69,354.8,23.06,45.7,0.0,0,No Rain
2025-07-29,LOC004,29.82,62.62,997.41,21.63,122.9,21.98,59.6,18.71,0,Moderate
2025-07-30,LOC004,27.01,74.68,995.73,21.43,57.9,22.29,57.5,0.0,0,No Rain
2025-07-31,LOC004,29.59,78.84,1002.49,20.76,60.9,25.26,61.7,0.0,0,No Rain
2025-08-01,LOC004,28.73,91.65,996.31,38.38,70.2,27.3,88.4,21.8,0,Moderate
2025-08-02,LOC004,29.15,85.58,989.68,26.86,89.7,24.88,77.0,16.0,0,Moderate
2025-08-03,LOC004,26.47,81.34,994.87,26.3,142.6,23.27,87.9,4.66,0,Light
2025-08-04,LOC004,28.6,87.88,996.0,25.91,47.7,26.7,95.9,5.43,0,Light
2025-08-05,LOC004,26.8,98.09,993.17,25.52,130.8,26.56,82.1,240.0,1,Very/Extremely Heavy
2025-08-06,LOC004,25.75,88.01,996.55,33.21,35.8,23.56,65.6,0.0,0,No Rain
2025-08-07,LOC004,27.8,90.07,995.21,25.09,105.4,26.2,88.7,42.52,0,Moderate
2025-08-08,LOC004,26.11,94.36,992.54,32.39,32.7,23.79,99.7,16.0,0,Moderate
2025-08-09,LOC004,27.35,89.4,989.58,26.66,29.2,25.81,86.9,16.0,0,Moderate
2025-08-10,LOC004,24.0,95.33,993.84,30.43,85.6,22.78,77.7,0.0,0,No Rain
2025-08-11,LOC004,27.25,91.58,992.08,26.87,23.5,25.49,84.0,0.85,0,Light
2025-08-12,LOC004,30.56,88.42,998.04,32.55,25.2,27.0,97.3,11.22,0,Light
2025-08-13,LOC004,26.01,91.33,996.2,28.77,93.9,24.82,94.3,0.5,0,Light
2025-08-14,LOC004,25.84,93.28,992.62,30.33,96.7,23.48,91.8,0.0,0,No Rain
2025-08-15,LOC004,25.54,87.03,990.58,25.68,70.7,24.38,81.3,2.82,0,Light
2025-08-16,LOC004,27.11,73.08,993.74,26.82,156.2,22.2,99.5,24.6,0,Moderate
2025-08-17,LOC004,27.24,93.03,995.29,25.83,79.6,26.62,84.7,3.13,0,Light
2025-08-18,LOC004,27.03,96.32,992.95,26.28,80.5,27.34,100.0,9.59,0,Light
2025-08-19,LOC004,26.71,96.75,997.04,25.79,72.3,25.23,90.4,40.58,0,Moderate
2025-08-20,LOC004,29.14,94.2,988.24,25.38,90.9,27.85,80.6,27.14,0,Moderate
2025-08-21,LOC004,23.51,75.96,995.01,31.88,116.5,18.28,99.5,0.51,0,Light
2025-08-22,LOC004,28.79,87.17,993.89,26.57,67.4,25.95,67.0,13.24,0,Light
2025-08-23,LOC004,29.03,94.2,994.31,34.24,40.7,27.13,96.0,16.0,0,Moderate
2025-08-24,LOC004,26.7,87.58,995.02,25.8,47.6,23.38,88.8,17.56,0,Moderate
2025-08-25,LOC004,27.79,91.78,993.07,27.37,88.1,27.27,96.9,16.0,0,Moderate
2025-08-26,LOC004,30.4,78.41,997.45,28.27,18.2,26.18,100.0,8.94,0,Light
2025-08-27,LOC004,28.66,85.62,990.94,32.14,51.3,27.08,88.7,2.73,0,Light
2025-08-28,LOC004,32.49,90.68,992.9,25.66,23.7,30.57,100.0,4.89,0,Light
2025-08-29,LOC004,29.94,93.29,992.77,31.89,329.3,28.87,98.4,3.67,0,Light
2025-08-30,LOC004,32.82,92.87,996.77,26.13,86.7,30.9,87.8,10.98,0,Light
2025-08-31,LOC004,31.13,90.8,993.94,26.47,53.9,30.21,86.7,16.13,0,Moderate
2025-09-01,LOC004,31.92,74.62,1003.63,20.01,45.4,27.52,45.4,39.35,0,Moderate
2025-09-02,LOC004,33.31,73.88,1002.57,28.2,61.6,29.07,49.8,0.0,0,No Rain
2025-09-03,LOC004,34.7,72.49,996.34,18.76,101.7,29.4,78.2,71.43,1,Heavy
2025-09-04,LOC004,33.98,67.76,1000.87,30.86,357.1,27.45,39.6,52.4,0,Moderate
2025-09-05,LOC004,31.86,69.65,1004.09,20.34,119.2,26.3,54.8,0.0,0,No Rain
2025-09-06,LOC004,33.99,80.72,1003.84,19.42,58.4,29.28,60.7,0.0,0,No Rain
2025-09-07,LOC004,29.24,71.82,1000.42,19.09,8.1,22.83,59.5,0.0,0,No Rain
2025-09-08,LOC004,30.67,71.38,1002.07,21.06,102.8,24.54,56.0,1.11,0,Light
2025-09-09,LOC004,29.89,76.56,998.26,18.92,2.8,24.9,44.7,16.0,0,Moderate
2025-09-10,LOC004,34.39,68.81,1002.73,25.75,26.1,27.64,63.9,0.0,0,No Rain
2025-09-11,LOC004,32.86,74.92,1000.53,22.8,359.6,29.69,43.6,3.12,0,Light
2025-09-12,LOC004,33.66,70.29,998.68,18.96,49.0,26.8,73.7,0.0,0,No Rain
2025-09-13,LOC004,28.3,75.99,1003.39,22.73,80.1,23.89,48.4,2.01,0,Light
2025-09-14,LOC004,28.98,82.85,1005.93,20.7,17.2,26.5,54.0,11.4,0,Light
2025-09-15,LOC004,34.07,73.82,1001.68,27.95,42.8,28.65,54.0,0.0,0,No Rain
2025-09-16,LOC004,26.25,79.16,1001.49,19.57,68.4,22.48,66.6,3.14,0,Light
2025-09-17,LOC004,29.24,76.06,998.61,20.45,1.3,23.94,60.7,35.29,0,Moderate
2025-09-18,LOC004,29.86,73.13,1005.59,31.38,79.7,23.71,60.6,36.65,0,Moderate
2025-09-19,LOC004,35.47,79.53,1001.78,19.21,90.6,32.0,44.1,0.0,0,No Rain
2025-09-20,LOC004,31.53,77.69,1001.31,22.32,105.4,29.2,50.0,0.0,0,No Rain
2025-09-21,LOC004,33.91,87.13,997.58,20.22,41.3,31.43,61.0,21.71,0,Moderate
2025-09-22,LOC004,36.35,75.88,1004.69,23.49,67.6,30.24,39.9,64.0,0,Moderate
2025-09-23,LOC004,33.3,78.38,1004.78,34.65,87.1,30.18,49.9,10.46,0,Light
2025-09-24,LOC004,32.6,68.52,1002.51,19.86,22.1,26.08,61.1,0.5,0,Light
2025-09-25,LOC004,33.57,81.7,995.68,28.27,103.5,30.16,61.3,0.0,0,No Rain
2025-09-26,LOC004,31.09,80.97,999.76,18.95,138.7,27.62,51.9,6.26,0,Light
2025-09-27,LOC004,36.13,78.52,1002.68,30.15,47.1,31.18,57.1,64.0,0,Moderate
2025-09-28,LOC004,32.76,76.68,1002.51,36.06,85.5,28.25,48.3,0.0,0,No Rain
2025-09-29,LOC004,31.62,65.77,1000.47,18.73,43.0,26.29,55.7,0.0,0,No Rain
2025-09-30,LOC004,37.19,76.2,999.24,25.51,84.5,32.0,56.9,0.0,0,No Rain
2025-10-01,LOC004,31.97,56.76,1005.31,28.14,124.8,24.0,37.6,0.0,0,No Rain
2025-10-02,LOC004,35.67,45.1,1008.96,25.62,68.7,23.86,24.8,0.0,0,No Rain
2025-10-03,LOC004,38.0,51.16,1008.08,31.08,96.1,28.49,28.6,0.0,0,No Rain
2025-10-04,LOC004,37.36,64.15,1002.46,15.52,38.8,29.56,30.6,0.0,0,No Rain
2025-10-05,LOC004,32.1,65.66,1005.06,12.7,25.5,24.65,34.3,0.0,0,No Rain
2025-10-06,LOC004,34.19,61.2,1009.39,12.66,77.7,26.88,23.3,2.91,0,Light
2025-10-07,LOC004,35.29,62.14,1008.38,12.65,33.6,27.42,33.2,0.0,0,No Rain
2025-10-08,LOC004,33.53,58.11,1009.06,13.75,66.0,26.64,28.4,9.98,0,Light
2025-10-09,LOC004,41.88,45.86,1007.0,16.21,54.5,31.0,21.3,0.5,0,Light
2025-10-10,LOC004,39.69,56.37,1007.89,17.33,343.0,31.16,20.0,0.0,0,No Rain
2025-10-11,LOC004,35.44,67.19,1003.73,15.84,81.8,29.85,4.8,1.27,0,Light
2025-10-12,LOC004,32.91,60.34,1008.55,11.7,121.6,23.95,22.3,0.0,0,No Rain
2025-10-13,LOC004,33.92,61.08,1010.34,11.8,34.1,26.37,17.4,0.0,0,No Rain
2025-10-14,LOC004,34.66,62.75,1003.47,11.7,29.5,27.69,18.4,0.0,0,No Rain
2025-10-15,LOC004,37.9,51.02,1010.62,16.43,21.6,27.41,17.0,56.87,0,Moderate
2025-10-16,LOC004,40.43,51.95,1003.25,18.06,44.5,29.84,13.5,0.0,0,No Rain
2025-10-17,LOC004,35.88,51.99,1006.41,25.37,54.1,25.71,26.8,0.0,0,No Rain
2025-10-18,LOC004,36.49,66.48,1006.45,14.62,52.5,29.07,37.6,0.0,0,No Rain
2025-10-19,LOC004,34.02,61.88,1007.23,16.04,77.2,26.02,16.9,0.0,0,No Rain
2025-10-20,LOC004,37.72,55.36,1004.72,14.09,37.6,27.35,31.0,0.0,0,No Rain
2025-10-21,LOC004,37.35,74.94,1007.82,14.09,71.4,32.0,43.4,0.0,0,No Rain
2025-10-22,LOC004,34.32,56.15,1005.24,14.33,356.0,27.52,17.4,2.49,0,Light
2025-10-23,LOC004,33.69,65.61,1009.27,16.08,350.9,27.55,26.8,0.0,0,No Rain
2025-10-24,LOC004,34.58,60.4,1002.46,13.61,76.4,26.43,25.9,0.0,0,No Rain
2025-10-25,LOC004,36.2,63.35,1004.74,12.61,81.0,29.5,31.2,7.95,0,Light
2025-10-26,LOC004,37.71,57.97,1007.59,13.62,105.0,29.4,16.0,0.0,0,No Rain
2025-10-27,LOC004,38.94,52.39,1004.47,12.28,117.9,29.92,22.6,0.0,0,No Rain
2025-10-28,LOC004,35.34,51.11,1005.04,12.84,38.2,24.03,38.3,28.99,0,Moderate
2025-10-29,LOC004,41.27,59.93,1004.46,13.74,126.2,32.0,30.7,0.0,0,No Rain
2025-10-30,LOC004,34.11,63.64,1008.09,13.52,100.6,26.46,20.8,0.0,0,No Rain
2025-10-31,LOC004,33.22,57.73,1007.91,16.34,117.9,23.83,34.0,0.0,0,No Rain
2025-11-01,LOC004,35.65,58.17,1008.16,20.41,97.9,27.54,5.4,0.0,0,No Rain
2025-11-02,LOC004,38.03,56.85,1005.74,10.76,67.3,29.6,26.1,0.0,0,No Rain
2025-11-03,LOC004,39.41,56.38,1007.42,12.48,58.5,31.09,2.4,0.0,0,No Rain
2025-11-04,LOC004,39.75,60.12,1010.74,11.53,88.6,31.97,19.3,0.0,0,No Rain
2025-11-05,LOC004,37.11,63.88,1006.68,12.02,345.4,29.64,8.7,0.0,0,No Rain
2025-11-06,LOC004,36.45,61.79,1005.63,11.8,63.8,28.23,25.4,0.0,0,No Rain
2025-11-07,LOC004,37.48,50.97,1006.1,23.99,48.9,27.76,15.1,0.0,0,No Rain
2025-11-08,LOC004,34.64,57.17,1010.48,12.59,82.3,24.86,7.1,0.0,0,No Rain
2025-11-09,LOC004,39.75,53.93,1007.68,11.81,31.9,30.78,16.8,0.0,0,No Rain
2025-11-10,LOC004,36.41,55.52,1009.57,15.01,53.0,27.46,8.1,0.0,0,No Rain
2025-11-11,LOC004,35.4,46.38,1006.25,18.62,80.3,22.1,13.2,0.0,0,No Rain
2025-11-12,LOC004,34.84,60.08,1006.38,24.42,132.9,27.2,20.8,0.0,0,No Rain
2025-11-13,LOC004,34.8,50.09,1005.91,14.64,85.9,23.93,19.3,0.0,0,No Rain
2025-11-14,LOC004,38.78,43.76,1010.46,11.64,64.6,27.69,14.8,0.0,0,No Rain
2025-11-15,LOC004,34.75,48.6,1003.77,12.71,85.3,23.56,27.6,0.0,0,No Rain
2025-11-16,LOC004,34.36,61.45,1010.24,14.98,19.5,26.57,9.8,0.5,0,Light
2025-11-17,LOC004,35.56,58.53,1009.54,11.24,54.3,26.32,14.3,0.0,0,No Rain
2025-11-18,LOC004,37.27,55.9,1008.08,15.14,73.5,29.42,15.9,0.0,0,No Rain
2025-11-19,LOC004,39.15,55.25,1008.74,13.86,83.7,30.61,22.5,0.0,0,No Rain
2025-11-20,LOC004,38.95,54.81,1005.76,20.97,77.0,28.75,21.7,0.0,0,No Rain
2025-11-21,LOC004,38.46,59.72,1009.44,12.36,87.8,30.51,26.5,0.0,0,No Rain
2025-11-22,LOC004,42.14,55.73,1002.98,11.22,64.3,32.0,0.0,49.83,0,Moderate
2025-11-23,LOC004,39.78,65.98,1005.71,13.07,26.6,32.0,29.5,0.0,0,No Rain
2025-11-24,LOC004,37.47,51.36,1008.07,11.03,28.3,26.18,16.4,0.0,0,No Rain
2025-11-25,LOC004,36.09,46.56,1009.88,11.62,5.2,25.63,7.0,0.0,0,No Rain
2025-11-26,LOC004,41.22,50.4,1011.65,11.3,6.8,30.52,0.0,0.0,0,No Rain
2025-11-27,LOC004,39.45,46.73,1009.06,15.85,9.1,27.17,10.8,0.0,0,No Rain
2025-11-28,LOC004,37.74,51.12,1008.18,15.31,67.2,27.17,2.0,0.0,0,No Rain
2025-11-29,LOC004,37.31,52.58,1007.61,15.27,107.6,28.67,7.0,0.0,0,No Rain
2025-11-30,LOC004,36.85,43.25,1005.18,10.72,87.1,25.37,0.0,0.0,0,No Rain
2025-12-01,LOC004,40.61,50.14,1010.65,11.32,122.7,29.22,3.3,0.0,0,No Rain
2025-12-02,LOC004,32.12,52.15,1001.77,10.57,4.0,22.83,6.1,0.0,0,No Rain
2025-12-03,LOC004,41.37,58.57,1008.8,27.03,100.2,32.0,19.1,0.0,0,No Rain
2025-12-04,LOC004,34.59,50.22,1009.72,24.25,357.9,25.75,39.7,27.54,0,Moderate
2025-12-05,LOC004,38.59,55.88,1007.19,11.26,69.6,29.01,16.6,0.0,0,No Rain
2025-12-06,LOC004,36.28,49.62,1007.55,16.75,102.9,26.29,8.6,0.0,0,No Rain
2025-12-07,LOC004,38.47,65.32,1004.59,15.94,23.9,32.0,20.0,0.0,0,No Rain
2025-12-08,LOC004,40.5,53.92,1008.16,10.83,46.3,30.94,23.2,0.0,0,No Rain
2025-12-09,LOC004,36.9,59.06,1002.58,19.65,52.6,26.82,29.9,0.0,0,No Rain
2025-12-10,LOC004,37.01,52.07,1006.38,16.47,81.2,29.46,21.4,16.0,0,Moderate
2025-12-11,LOC004,35.19,52.07,1011.23,11.0,137.1,24.81,12.6,0.0,0,No Rain
2025-12-12,LOC004,38.95,50.28,1007.57,10.36,76.8,29.7,15.9,10.1,0,Light
2025-12-13,LOC004,36.76,49.77,1009.62,19.99,86.4,26.38,13.8,0.0,0,No Rain
2025-12-14,LOC004,34.35,58.92,1011.67,11.72,62.5,25.82,30.9,0.0,0,No Rain
2025-12-15,LOC004,37.01,51.94,1007.44,11.72,94.4,26.7,11.4,0.0,0,No Rain
2025-12-16,LOC004,39.11,57.19,1005.85,11.4,48.5,30.94,14.2,0.0,0,No Rain
2025-12-17,LOC004,35.07,61.53,1005.07,13.5,25.5,28.1,11.0,0.0,0,No Rain
2025-12-18,LOC004,38.95,49.08,1008.83,11.71,27.5,28.2,0.0,0.0,0,No Rain
2025-12-19,LOC004,35.13,54.21,1008.67,15.45,76.9,26.11,18.0,0.0,0,No Rain
2025-12-20,LOC004,36.28,46.62,1009.11,10.13,74.5,25.92,22.3,0.0,0,No Rain
2025-12-21,LOC004,36.73,58.67,1009.0,12.49,56.5,28.1,11.1,0.0,0,No Rain
2025-12-22,LOC004,34.29,52.22,1008.73,13.06,46.7,25.27,17.1,0.0,0,No Rain
2025-12-23,LOC004,35.18,60.54,1007.73,14.32,44.8,26.94,2.8,0.0,0,No Rain
2025-12-24,LOC004,36.45,49.91,1011.4,10.17,147.8,26.47,3.6,0.0,0,No Rain
2025-12-25,LOC004,35.34,59.95,1011.92,14.66,81.4,28.0,14.5,0.0,0,No Rain
2025-12-26,LOC004,34.35,55.95,1009.76,10.47,38.0,24.85,31.8,0.0,0,No Rain
2025-12-27,LOC004,36.89,47.34,1011.03,10.05,126.8,26.52,14.4,0.0,0,No Rain
2025-12-28,LOC004,36.28,57.89,1007.73,13.24,44.7,28.09,5.5,0.0,0,No Rain
2025-12-29,LOC004,34.2,59.89,1009.61,10.71,38.7,25.76,10.1,0.0,0,No Rain
2025-12-30,LOC004,36.27,61.62,1008.15,10.43,77.1,29.66,23.7,0.0,0,No Rain
2025-12-31,LOC004,34.14,58.2,1006.38,11.6,99.6,24.99,0.0,0.0,0,No Rain
2024-01-01,LOC005,34.08,55.75,1007.91,11.0,92.5,25.27,0.0,0.0,0,No Rain
2024-01-02,LOC005,37.61,39.23,1002.63,20.94,69.2,25.21,38.3,0.0,0,No Rain
2024-01-03,LOC005,34.24,57.81,1007.25,14.59,81.5,25.53,24.8,0.0,0,No Rain
2024-01-04,LOC005,33.98,65.71,1004.55,16.36,62.2,28.23,18.0,0.0,0,No Rain
2024-01-05,LOC005,38.53,56.34,1008.7,10.74,40.3,29.65,13.6,0.0,0,No Rain
2024-01-06,LOC005,36.23,45.79,1010.23,10.73,330.0,24.89,11.0,0.0,0,No Rain
2024-01-07,LOC005,32.08,59.03,1005.73,12.01,15.5,24.08,21.3,23.11,0,Moderate
2024-01-08,LOC005,31.23,49.01,1003.31,10.04,32.5,20.71,22.6,0.0,0,No Rain
2024-01-09,LOC005,35.13,52.67,1006.93,14.1,49.5,27.17,13.2,0.0,0,No Rain
2024-01-10,LOC005,36.75,56.22,1011.86,11.53,54.3,27.3,5.8,0.0,0,No Rain
2024-01-11,LOC005,35.56,53.15,1008.91,18.94,34.0,26.44,32.1,0.0,0,No Rain
2024-01-12,LOC005,33.15,61.74,1012.01,11.55,111.5,25.11,6.7,0.0,0,No Rain
2024-01-13,LOC005,32.96,39.98,1005.96,10.86,52.4,20.46,41.4,0.0,0,No Rain
2024-01-14,LOC005,36.89,45.44,1007.81,10.37,85.4,25.34,14.5,0.0,0,No Rain
2024-01-15,LOC005,31.13,41.97,1007.3,11.77,94.2,19.74,24.4,0.0,0,No Rain
2024-01-16,LOC005,38.6,63.36,1007.01,18.66,104.6,31.5,18.6,0.0,0,No Rain
2024-01-17,LOC005,33.36,61.25,1010.73,12.89,78.4,24.25,11.6,0.0,0,No Rain
2024-01-18,LOC005,34.91,45.99,1009.21,12.94,332.3,24.69,34.9,0.0,0,No Rain
2024-01-19,LOC005,37.13,58.23,1007.35,18.77,37.5,29.26,13.1,0.0,0,No Rain
2024-01-20,LOC005,32.0,52.43,1008.45,14.17,348.0,20.77,40.2,0.0,0,No Rain
2024-01-21,LOC005,30.48,44.88,1007.29,11.29,93.4,19.27,19.7,0.0,0,No Rain
2024-01-22,LOC005,35.24,55.54,1012.26,10.23,42.1,26.68,2.7,0.0,0,No Rain
2024-01-23,LOC005,33.28,58.11,1011.87,14.08,31.2,25.51,3.6,0.0,0,No Rain
2024-01-24,LOC005,33.6,61.33,1009.83,11.48,12.8,27.02,13.4,0.0,0,No Rain
2024-01-25,LOC005,34.91,57.21,1007.62,11.79,346.8,25.77,20.5,0.0,0,No Rain
2024-01-26,LOC005,34.3,60.53,1007.4,12.72,42.0,26.42,17.0,0.0,0,No Rain
2024-01-27,LOC005,32.02,57.54,1005.69,17.4,56.0,23.42,20.2,0.0,0,No Rain
2024-01-28,LOC005,35.33,43.28,1007.58,14.07,106.1,23.42,16.3,0.5,0,Light
2024-01-29,LOC005,33.3,47.59,1007.21,17.14,28.8,23.29,14.7,0.0,0,No Rain
2024-01-30,LOC005,29.73,50.9,1008.82,12.64,79.3,19.23,30.8,35.75,0,Moderate
2024-01-31,LOC005,32.95,55.66,1007.41,19.05,29.7,25.78,26.4,0.0,0,No Rain
2024-02-01,LOC005,34.14,55.86,1004.99,11.46,111.7,25.74,10.1,0.0,0,No Rain
2024-02-02,LOC005,31.73,44.22,1003.5,17.04,4.6,19.72,7.5,0.0,0,No Rain
2024-02-03,LOC005,33.08,55.24,1003.96,14.26,30.3,24.76,0.0,0.0,0,No Rain
2024-02-04,LOC005,31.75,49.86,1007.42,14.48,37.4,22.03,3.9,0.0,0,No Rain
2024-02-05,LOC005,33.05,50.2,1005.97,10.63,105.7,22.46,14.9,0.0,0,No Rain
2024-02-06,LOC005,26.98,49.73,1004.28,15.32,40.7,17.31,2.7,0.0,0,No Rain
2024-02-07,LOC005,33.98,67.35,1004.9,16.9,130.3,27.69,32.2,0.0,0,No Rain
2024-02-08,LOC005,33.08,62.7,1002.18,13.11,95.5,26.68,28.4,0.0,0,No Rain
2024-02-09,LOC005,31.34,56.96,1003.97,15.76,129.9,22.55,12.4,0.0,0,No Rain
2024-02-10,LOC005,29.17,55.05,1007.45,17.98,25.5,20.79,19.5,0.0,0,No Rain
2024-02-11,LOC005,30.4,52.83,1007.71,14.54,63.4,20.94,18.0,0.0,0,No Rain
2024-02-12,LOC005,31.9,53.64,1003.37,14.46,18.6,23.27,0.0,0.0,0,No Rain
2024-02-13,LOC005,31.04,61.23,1004.05,10.98,78.7,23.69,0.0,0.0,0,No Rain
2024-02-14,LOC005,34.19,48.46,1006.8,13.61,38.5,23.64,15.6,0.0,0,No Rain
2024-02-15,LOC005,32.45,50.91,1005.89,11.61,22.2,22.25,20.1,0.0,0,No Rain
2024-02-16,LOC005,33.29,57.95,1009.27,15.43,37.9,24.57,16.8,6.69,0,Light
2024-02-17,LOC005,32.4,62.55,1009.99,14.51,99.5,24.79,20.1,41.08,0,Moderate
2024-02-18,LOC005,32.75,52.04,1009.48,10.3,112.2,24.07,34.8,0.0,0,No Rain
2024-02-19,LOC005,31.71,63.49,1000.63,26.97,53.6,24.01,6.5,0.0,0,No Rain
2024-02-20,LOC005,28.75,59.2,1006.49,17.72,341.8,20.77,0.0,0.0,0,No Rain
2024-02-21,LOC005,28.81,49.74,1005.57,13.92,120.3,18.12,2.6,0.0,0,No Rain
2024-02-22,LOC005,31.36,49.71,1008.82,11.9,77.9,22.22,20.4,0.0,0,No Rain
2024-02-23,LOC005,26.64,49.72,1004.37,12.8,61.9,18.19,9.0,0.0,0,No Rain
2024-02-24,LOC005,33.62,57.33,1007.51,15.99,27.7,26.0,22.7,0.0,0,No Rain
2024-02-25,LOC005,32.76,64.56,1007.61,11.65,81.4,26.08,22.8,0.0,0,No Rain
2024-02-26,LOC005,29.39,55.96,1004.9,10.15,61.0,21.62,15.9,0.0,0,No Rain
2024-02-27,LOC005,31.38,58.52,1008.19,11.46,92.3,22.4,11.7,0.0,0,No Rain
2024-02-28,LOC005,30.39,59.16,1007.99,12.04,27.2,21.05,16.4,0.0,0,No Rain
2024-02-29,LOC005,29.31,55.38,1006.71,17.2,80.3,20.38,16.1,0.0,0,No Rain
2024-03-01,LOC005,32.61,59.44,1007.21,29.89,24.3,24.15,21.7,0.0,0,No Rain
2024-03-02,LOC005,32.11,58.01,1010.62,12.91,60.5,24.32,0.0,0.0,0,No Rain
2024-03-03,LOC005,30.74,48.58,1006.17,13.23,55.1,20.95,25.4,0.0,0,No Rain
2024-03-04,LOC005,31.01,62.14,1008.89,10.84,330.6,23.48,27.2,0.0,0,No Rain
2024-03-05,LOC005,30.61,52.66,1010.01,13.72,79.2,21.46,17.0,0.0,0,No Rain
2024-03-06,LOC005,31.82,56.48,1010.23,16.87,68.0,22.5,22.3,0.0,0,No Rain
2024-03-07,LOC005,30.38,56.34,1006.63,14.76,83.9,20.24,2.6,0.0,0,No Rain
2024-03-08,LOC005,34.0,53.54,1004.49,14.11,26.0,24.55,14.5,0.0,0,No Rain
2024-03-09,LOC005,31.47,46.54,1006.27,10.77,42.6,20.39,34.2,0.0,0,No Rain
2024-03-10,LOC005,27.78,63.66,1003.99,16.92,40.9,19.77,41.3,0.0,0,No Rain
2024-03-11,LOC005,29.61,54.22,1004.71,18.36,120.2,21.96,13.9,0.0,0,No Rain
2024-03-12,LOC005,29.59,65.8,1006.73,10.66,11.6,22.57,8.8,0.0,0,No Rain
2024-03-13,LOC005,30.97,49.06,1008.8,13.44,64.8,20.29,7.8,0.0,0,No Rain
2024-03-14,LOC005,32.19,54.97,1008.89,10.8,98.3,24.24,8.9,0.0,0,No Rain
2024-03-15,LOC005,28.98,60.33,1006.58,10.66,90.8,19.76,12.1,0.0,0,No Rain
2024-03-16,LOC005,31.85,60.11,1004.3,11.4,57.2,23.68,6.4,5.15,0,Light
2024-03-17,LOC005,31.24,52.59,1010.42,16.46,111.0,21.62,1.2,0.0,0,No Rain
2024-03-18,LOC005,28.92,58.17,1010.87,12.83,357.4,20.8,0.9,0.0,0,No Rain
2024-03-19,LOC005,27.75,47.45,1006.96,12.07,68.3,16.75,19.2,0.0,0,No Rain
2024-03-20,LOC005,28.73,62.46,1006.04,10.73,15.7,20.19,0.0,0.0,0,No Rain
2024-03-21,LOC005,26.68,49.32,1009.01,12.81,32.3,16.48,15.9,0.0,0,No Rain
2024-03-22,LOC005,27.03,54.99,1007.09,12.5,1.8,17.97,25.8,0.0,0,No Rain
2024-03-23,LOC005,32.82,62.16,1007.67,14.35,45.6,24.73,25.9,0.0,0,No Rain
2024-03-24,LOC005,30.11,58.98,1009.54,18.48,148.0,22.01,0.0,0.0,0,No Rain
2024-03-25,LOC005,28.49,55.41,1007.01,10.94,37.7,19.75,7.5,0.0,0,No Rain
2024-03-26,LOC005,28.68,55.73,1006.27,12.79,45.6,18.28,25.8,0.0,0,No Rain
2024-03-27,LOC005,30.93,61.1,1005.84,26.49,90.4,22.96,13.9,0.0,0,No Rain
2024-03-28,LOC005,27.23,67.58,1004.53,18.17,95.9,20.84,17.1,0.0,0,No Rain
2024-03-29,LOC005,23.51,51.17,1005.37,13.07,56.2,12.48,34.6,6.16,0,Light
2024-03-30,LOC005,27.91,54.39,1009.37,10.55,38.8,18.63,21.1,0.0,0,No Rain
2024-03-31,LOC005,29.73,52.03,1006.1,18.52,89.6,19.0,7.2,16.0,0,Moderate
2024-04-01,LOC005,27.73,53.58,1006.77,12.46,52.6,17.55,13.8,0.0,0,No Rain
2024-04-02,LOC005,27.88,55.01,1008.04,11.54,75.0,17.66,18.0,0.0,0,No Rain
2024-04-03,LOC005,28.19,57.24,1003.8,13.15,16.6,20.76,15.6,0.0,0,No Rain
2024-04-04,LOC005,28.95,51.25,1006.57,12.7,53.7,18.31,1.9,0.0,0,No Rain
2024-04-05,LOC005,23.93,64.04,1005.46,15.9,84.1,16.08,1.2,0.0,0,No Rain
2024-04-06,LOC005,29.71,62.86,1006.21,13.82,100.1,22.03,23.3,0.0,0,No Rain
2024-04-07,LOC005,31.36,56.57,1009.39,18.45,144.3,23.28,24.0,0.0,0,No Rain
2024-04-08,LOC005,25.85,55.98,1003.7,11.21,66.0,17.98,32.0,0.0,0,No Rain
2024-04-09,LOC005,24.33,57.72,1006.96,17.38,86.3,15.08,10.3,0.0,0,No Rain
2024-04-10,LOC005,25.12,61.08,1003.55,15.36,87.7,17.29,19.4,0.0,0,No Rain
2024-04-11,LOC005,26.95,54.43,1006.14,12.05,142.1,18.53,1.9,0.0,0,No Rain
2024-04-12,LOC005,22.63,54.5,1009.65,15.37,45.8,13.25,13.8,0.0,0,No Rain
2024-04-13,LOC005,30.69,68.42,1007.29,19.97,74.6,23.9,31.2,0.0,0,No Rain
2024-04-14,LOC005,31.18,61.6,1002.6,18.5,151.2,23.88,27.6,0.0,0,No Rain
2024-04-15,LOC005,26.96,62.36,1003.35,12.44,79.2,19.37,7.5,16.0,0,Moderate
2024-04-16,LOC005,29.79,47.11,1009.67,11.37,67.3,19.24,31.4,44.63,0,Moderate
2024-04-17,LOC005,25.96,54.87,1009.54,19.15,31.8,17.54,33.3,0.0,0,No Rain
2024-04-18,LOC005,27.09,67.8,1008.58,23.91,13.3,21.31,22.1,4.49,0,Light
2024-04-19,LOC005,27.68,61.64,1006.88,20.58,2.0,20.14,13.6,0.0,0,No Rain
2024-04-20,LOC005,24.59,52.66,1005.32,14.87,48.9,16.03,31.0,0.0,0,No Rain
2024-04-21,LOC005,27.08,60.42,1004.36,11.55,107.6,18.52,24.6,0.0,0,No Rain
2024-04-22,LOC005,31.32,57.59,1010.43,12.58,97.1,22.35,38.8,0.0,0,No Rain
2024-04-23,LOC005,25.85,43.49,1005.44,16.0,338.8,14.54,30.2,2.43,0,Light
2024-04-24,LOC005,27.68,60.84,1007.91,11.35,4.4,19.93,31.8,0.0,0,No Rain
2024-04-25,LOC005,25.83,62.68,1004.14,11.79,82.0,19.34,22.5,0.0,0,No Rain
2024-04-26,LOC005,27.91,60.15,1005.27,12.93,64.6,19.39,15.9,0.0,0,No Rain
2024-04-27,LOC005,29.74,52.54,1006.31,11.1,31.9,20.27,35.4,0.0,0,No Rain
2024-04-28,LOC005,24.39,48.73,1003.18,17.13,60.7,13.74,17.7,0.0,0,No Rain
2024-04-29,LOC005,26.4,56.97,1003.2,17.54,15.8,17.48,24.8,14.92,0,Light
2024-04-30,LOC005,28.52,60.79,1003.26,11.41,99.9,19.69,20.1,0.0,0,No Rain
2024-05-01,LOC005,27.43,69.8,1007.74,17.02,47.4,22.78,66.4,7.42,0,Light
2024-05-02,LOC005,24.66,68.89,1001.68,21.38,70.2,18.45,25.1,0.0,0,No Rain
2024-05-03,LOC005,22.35,77.17,1003.54,17.82,18.0,18.31,38.4,0.0,0,No Rain
2024-05-04,LOC005,30.77,74.66,997.75,24.67,48.5,26.88,14.9,0.0,0,No Rain
2024-05-05,LOC005,30.24,67.91,1002.28,21.77,98.5,24.48,28.2,80.61,1,Heavy
2024-05-06,LOC005,24.66,58.15,1005.56,15.28,42.2,15.2,30.8,0.0,0,No Rain
2024-05-07,LOC005,25.3,72.85,1000.55,23.5,93.0,19.69,68.1,0.5,0,Light
2024-05-08,LOC005,29.7,85.68,1000.28,15.25,59.9,25.44,45.4,15.5,0,Light
2024-05-09,LOC005,23.94,67.24,992.43,15.48,333.8,16.72,33.5,0.0,0,No Rain
2024-05-10,LOC005,28.8,73.38,1002.9,16.11,69.9,22.18,32.8,0.0,0,No Rain
2024-05-11,LOC005,24.95,68.46,999.92,26.06,68.6,20.26,42.2,12.33,0,Light
2024-05-12,LOC005,27.83,71.88,1003.86,16.58,25.2,22.71,53.3,0.0,0,No Rain
2024-05-13,LOC005,25.07,63.62,1004.78,16.0,330.6,19.01,29.6,0.0,0,No Rain
2024-05-14,LOC005,26.17,70.93,1007.78,17.95,4.9,19.31,31.5,0.0,0,No Rain
2024-05-15,LOC005,26.07,62.51,1001.2,17.03,36.5,18.45,37.3,7.63,0,Light
2024-05-16,LOC005,24.72,70.52,1006.9,26.85,16.0,19.08,43.4,0.0,0,No Rain
2024-05-17,LOC005,23.46,68.15,1004.92,15.12,307.4,17.06,31.9,0.0,0,No Rain
2024-05-18,LOC005,28.81,74.06,1001.15,36.45,81.7,23.2,38.9,4.46,0,Light
2024-05-19,LOC005,23.35,73.04,1006.8,22.35,36.9,20.31,60.2,1.22,0,Light
2024-05-20,LOC005,26.42,80.76,1002.68,20.31,48.3,23.37,50.8,1.54,0,Light
2024-05-21,LOC005,27.65,74.02,1005.36,23.07,102.9,23.48,35.9,0.0,0,No Rain
2024-05-22,LOC005,23.05,71.25,1006.56,16.56,128.4,17.14,39.8,64.0,0,Moderate
2024-05-23,LOC005,25.53,58.97,1005.07,23.03,91.9,17.27,46.6,0.0,0,No Rain
2024-05-24,LOC005,29.92,63.85,1002.66,16.9,103.0,23.27,31.1,31.46,0,Moderate
2024-05-25,LOC005,23.43,58.55,1002.54,16.61,10.7,14.51,27.1,0.0,0,No Rain
2024-05-26,LOC005,21.03,64.18,1003.24,15.47,28.0,15.09,29.3,0.0,0,No Rain
2024-05-27,LOC005,21.16,59.58,1002.36,16.08,67.9,12.18,48.0,0.0,0,No Rain
2024-05-28,LOC005,29.57,66.5,1000.43,29.6,56.3,22.7,19.9,0.0,0,No Rain
2024-05-29,LOC005,28.41,59.51,1002.88,21.97,39.3,21.73,39.7,65.0,1,Heavy
2024-05-30,LOC005,23.61,66.23,999.84,15.44,38.8,17.52,58.2,3.04,0,Light
2024-05-31,LOC005,23.57,71.58,1007.28,17.66,11.7,19.27,39.4,0.0,0,No Rain
2024-06-01,LOC005,23.03,72.67,994.58,26.99,82.1,17.21,78.8,0.0,0,No Rain
2024-06-02,LOC005,24.73,88.03,1001.84,28.74,53.0,20.96,77.3,0.59,0,Light
2024-06-03,LOC005,21.21,76.75,992.75,27.46,59.7,16.09,71.6,31.65,0,Moderate
2024-06-04,LOC005,22.43,79.36,997.28,25.24,7.3,18.99,84.3,0.0,0,No Rain
2024-06-05,LOC005,23.11,94.43,1000.25,29.87,79.1,23.13,76.3,96.61,1,Heavy
2024-06-06,LOC005,24.74,80.42,997.69,27.6,56.1,19.81,66.2,0.0,0,No Rain
2024-06-07,LOC005,25.46,88.05,998.7,27.66,43.4,24.66,100.0,8.73,0,Light
2024-06-08,LOC005,29.17,84.1,991.56,26.0,359.2,25.45,68.3,9.76,0,Light
2024-06-09,LOC005,21.91,87.39,989.23,23.91,83.5,19.93,83.8,1.65,0,Light
2024-06-10,LOC005,25.85,90.59,996.34,23.23,47.3,24.26,64.8,7.59,0,Light
2024-06-11,LOC005,24.31,84.41,996.89,27.8,146.3,20.37,73.5,0.0,0,No Rain
2024-06-12,LOC005,24.7,67.21,999.93,24.78,76.5,16.81,61.7,0.0,0,No Rain
2024-06-13,LOC005,26.62,92.34,994.37,23.66,68.5,24.81,76.0,16.0,0,Moderate
2024-06-14,LOC005,25.5,75.6,1000.4,22.8,61.4,21.63,85.6,103.14,1,Heavy
2024-06-15,LOC005,24.82,82.24,996.16,22.75,44.3,21.34,77.8,0.5,0,Light
2024-06-16,LOC005,27.31,93.95,995.26,25.31,30.3,26.75,76.8,0.0,0,No Rain
2024-06-17,LOC005,27.03,84.88,993.39,23.01,93.5,23.67,76.6,0.0,0,No Rain
2024-06-18,LOC005,23.95,84.6,994.65,31.39,62.0,20.49,63.4,11.89,0,Light
2024-06-19,LOC005,26.18,77.19,991.04,25.67,68.1,20.64,67.0,0.0,0,No Rain
2024-06-20,LOC005,27.71,78.72,995.93,25.86,9.1,23.7,81.7,0.0,0,No Rain
2024-06-21,LOC005,26.13,76.17,993.91,26.15,68.0,22.12,70.6,29.42,0,Moderate
2024-06-22,LOC005,23.56,89.31,994.07,22.69,86.0,21.37,71.5,8.17,0,Light
2024-06-23,LOC005,25.63,77.39,997.33,22.31,64.2,21.04,88.4,0.0,0,No Rain
2024-06-24,LOC005,26.71,75.45,991.05,25.01,66.7,21.8,85.9,0.0,0,No Rain
2024-06-25,LOC005,24.48,81.55,991.88,24.34,60.0,20.68,88.7,0.0,0,No Rain
2024-06-26,LOC005,26.34,79.4,995.94,24.28,45.4,22.46,74.7,4.82,0,Light
2024-06-27,LOC005,22.63,78.2,996.0,24.52,359.8,18.79,72.4,29.88,0,Moderate
2024-06-28,LOC005,28.43,90.69,998.03,24.04,82.7,27.26,73.6,0.5,0,Light
2024-06-29,LOC005,26.89,84.3,992.66,26.34,64.7,24.32,66.8,0.0,0,No Rain
2024-06-30,LOC005,22.02,84.38,994.84,27.2,86.3,20.31,89.4,3.97,0,Light
2024-07-01,LOC005,22.33,83.51,996.34,30.57,59.6,19.04,100.0,2.46,0,Light
2024-07-02,LOC005,23.77,98.65,996.31,26.0,41.5,23.71,87.6,73.37,1,Heavy
2024-07-03,LOC005,23.59,84.55,992.54,25.26,43.0,20.67,100.0,0.0,0,No Rain
2024-07-04,LOC005,20.52,80.89,989.87,28.88,77.2,16.08,90.3,7.65,0,Light
2024-07-05,LOC005,24.34,94.47,995.44,31.06,4.1,21.63,100.0,1.36,0,Light
2024-07-06,LOC005,26.12,88.12,997.06,24.93,32.3,22.78,76.9,52.05,0,Moderate
2024-07-07,LOC005,26.49,85.34,996.29,27.17,56.5,23.4,93.3,3.95,0,Light
2024-07-08,LOC005,26.82,85.58,993.6,24.96,90.8,24.36,87.3,0.5,0,Light
2024-07-09,LOC005,25.44,85.08,996.72,26.2,57.9,20.53,86.7,31.6,0,Moderate
2024-07-10,LOC005,26.1,88.16,999.04,26.76,51.0,23.06,85.5,5.5,0,Light
2024-07-11,LOC005,23.29,94.56,995.27,29.46,74.1,22.31,74.4,8.18,0,Light
2024-07-12,LOC005,23.63,84.86,993.98,25.23,17.0,19.95,96.7,105.24,1,Heavy
2024-07-13,LOC005,28.24,86.69,991.28,28.46,54.7,24.86,80.4,23.99,0,Moderate
2024-07-14,LOC005,21.47,93.49,998.04,29.18,30.1,19.01,82.7,3.0,0,Light
2024-07-15,LOC005,26.1,88.22,994.71,26.72,54.3,23.75,96.8,0.5,0,Light
2024-07-16,LOC005,25.03,78.16,995.97,31.07,33.8,22.24,100.0,0.0,0,No Rain
2024-07-17,LOC005,26.77,86.05,992.91,25.63,68.1,25.06,100.0,0.5,0,Light
2024-07-18,LOC005,22.75,79.3,998.09,27.0,102.0,20.15,86.1,15.5,0,Light
2024-07-19,LOC005,25.97,87.3,994.0,25.88,56.3,23.07,79.0,0.0,0,No Rain
2024-07-20,LOC005,24.33,86.48,994.31,31.37,32.8,21.94,96.1,0.96,0,Light
2024-07-21,LOC005,24.59,87.01,997.3,26.39,34.7,22.41,85.5,24.47,0,Moderate
2024-07-22,LOC005,28.09,93.08,994.83,25.23,114.2,26.83,100.0,0.5,0,Light
2024-07-23,LOC005,25.57,93.61,993.57,29.44,21.9,25.85,78.2,6.76,0,Light
2024-07-24,LOC005,27.1,99.0,991.65,26.52,341.2,26.33,92.8,0.0,0,No Rain
2024-07-25,LOC005,25.09,95.47,997.73,38.06,96.3,23.94,87.2,0.5,0,Light
2024-07-26,LOC005,25.59,91.65,996.71,24.95,61.7,23.62,87.2,0.63,0,Light
2024-07-27,LOC005,21.66,87.91,997.88,34.32,79.4,18.56,98.7,47.6,0,Moderate
2024-07-28,LOC005,27.54,90.47,992.87,28.59,46.4,25.43,100.0,28.55,0,Moderate
2024-07-29,LOC005,28.88,87.4,992.92,28.16,24.6,25.65,76.7,143.49,1,Very/Extremely Heavy
2024-07-30,LOC005,30.27,93.28,994.57,30.25,346.0,29.75,90.8,5.93,0,Light
2024-07-31,LOC005,25.54,82.65,992.0,35.54,80.7,21.95,82.5,4.49,0,Light
2024-08-01,LOC005,29.39,81.06,997.53,26.18,22.2,24.17,83.9,0.0,0,No Rain
2024-08-02,LOC005,27.34,80.9,1000.04,21.31,338.5,23.56,77.9,87.79,1,Heavy
2024-08-03,LOC005,28.83,76.88,997.29,19.93,61.1,23.11,67.0,0.0,0,No Rain
2024-08-04,LOC005,25.6,77.11,1000.43,27.03,63.0,20.41,55.2,0.0,0,No Rain
2024-08-05,LOC005,27.77,83.22,997.34,20.18,66.3,24.15,46.1,0.5,0,Light
2024-08-06,LOC005,30.92,79.15,1001.48,20.32,141.8,27.17,68.8,16.0,0,Moderate
2024-08-07,LOC005,29.57,79.17,995.85,24.46,79.3,25.7,65.3,0.0,0,No Rain
2024-08-08,LOC005,29.05,70.61,998.73,21.08,97.0,22.91,59.1,65.0,1,Heavy
2024-08-09,LOC005,29.3,84.86,997.67,25.02,109.0,28.08,59.0,0.0,0,No Rain
2024-08-10,LOC005,24.13,71.39,989.6,20.38,86.2,18.85,47.6,0.0,0,No Rain
2024-08-11,LOC005,31.02,73.72,1000.59,21.62,73.4,25.23,40.4,0.0,0,No Rain
2024-08-12,LOC005,31.83,72.99,996.9,19.72,71.8,25.77,50.0,2.44,0,Light
2024-08-13,LOC005,29.56,79.57,1000.09,22.61,60.7,26.08,50.7,0.0,0,No Rain
2024-08-14,LOC005,27.09,70.91,994.69,20.48,95.2,19.72,63.7,10.0,0,Light
2024-08-15,LOC005,32.76,80.34,1004.03,24.48,58.8,29.89,38.5,0.0,0,No Rain
2024-08-16,LOC005,32.49,84.58,999.78,32.1,19.3,28.3,52.0,0.0,0,No Rain
2024-08-17,LOC005,30.32,67.82,1004.2,21.45,117.1,22.78,55.0,40.55,0,Moderate
2024-08-18,LOC005,31.72,68.64,1000.74,21.06,60.9,25.5,60.8,1.67,0,Light
2024-08-19,LOC005,30.16,77.61,999.65,22.49,116.6,25.69,53.9,0.0,0,No Rain
2024-08-20,LOC005,28.92,81.49,999.21,22.61,66.0,24.99,71.9,59.29,0,Moderate
2024-08-21,LOC005,31.42,75.87,1000.28,20.07,36.5,27.13,58.1,8.7,0,Light
2024-08-22,LOC005,27.97,73.68,1005.94,19.42,75.1,23.66,58.3,1.39,0,Light
2024-08-23,LOC005,29.11,79.97,1000.28,22.19,261.3,25.17,46.0,9.03,0,Light
2024-08-24,LOC005,31.0,80.87,1002.79,19.44,70.7,25.17,60.4,5.78,0,Light
2024-08-25,LOC005,32.07,67.2,1001.75,22.54,69.5,25.24,78.3,0.0,0,No Rain
2024-08-26,LOC005,32.38,80.17,1000.99,20.6,77.5,29.83,42.6,32.12,0,Moderate
2024-08-27,LOC005,30.09,72.7,996.6,22.57,44.4,25.17,61.3,0.79,0,Light
2024-08-28,LOC005,27.38,74.75,997.14,28.48,60.9,21.21,73.5,0.0,0,No Rain
2024-08-29,LOC005,31.52,74.38,999.88,27.93,87.4,26.72,58.5,0.0,0,No Rain
2024-08-30,LOC005,31.06,77.26,997.14,21.21,61.3,25.61,49.2,0.0,0,No Rain
2024-08-31,LOC005,28.24,77.56,1002.09,23.6,345.3,24.16,46.4,0.0,0,No Rain
2024-09-01,LOC005,30.48,63.76,1002.72,21.69,90.5,24.44,20.9,0.0,0,No Rain
2024-09-02,LOC005,34.35,69.0,1003.87,13.94,83.3,27.48,50.5,0.0,0,No Rain
2024-09-03,LOC005,36.27,59.44,1006.09,20.05,44.5,28.7,27.5,0.0,0,No Rain
2024-09-04,LOC005,32.01,47.69,1001.92,13.2,96.9,22.94,20.5,0.0,0,No Rain
2024-09-05,LOC005,33.17,59.19,1000.77,13.51,56.6,23.99,28.4,0.0,0,No Rain
2024-09-06,LOC005,33.7,55.35,1005.36,23.63,83.0,24.03,16.2,0.0,0,No Rain
2024-09-07,LOC005,31.97,63.93,1002.58,17.51,15.0,23.71,24.6,0.0,0,No Rain
2024-09-08,LOC005,32.25,62.99,1004.17,14.96,321.6,24.54,6.4,0.0,0,No Rain
2024-09-09,LOC005,33.61,53.62,1008.11,13.08,20.8,24.52,36.9,0.0,0,No Rain
2024-09-10,LOC005,31.38,63.61,1001.7,14.25,116.2,24.67,28.7,0.0,0,No Rain
2024-09-11,LOC005,36.7,58.33,1006.08,17.36,125.0,27.81,21.6,0.0,0,No Rain
2024-09-12,LOC005,31.05,72.83,1000.76,13.78,56.8,25.22,39.5,0.0,0,No Rain
2024-09-13,LOC005,34.15,55.37,1003.55,13.85,108.9,24.98,32.8,0.0,0,No Rain
2024-09-14,LOC005,30.54,50.43,1004.74,14.29,59.8,20.94,38.6,0.0,0,No Rain
2024-09-15,LOC005,35.7,62.37,1000.64,15.45,24.2,27.82,45.4,0.0,0,No Rain
2024-09-16,LOC005,32.14,53.97,1004.43,15.16,3.4,21.92,29.4,0.0,0,No Rain
2024-09-17,LOC005,32.84,54.58,1008.06,26.27,15.9,25.2,31.5,0.0,0,No Rain
2024-09-18,LOC005,35.92,59.04,1004.89,13.32,10.1,27.48,34.2,0.0,0,No Rain
2024-09-19,LOC005,35.12,51.83,1004.47,17.09,100.5,26.19,15.6,0.0,0,No Rain
2024-09-20,LOC005,34.57,41.25,1005.62,13.46,27.6,22.11,22.3,0.0,0,No Rain
2024-09-21,LOC005,32.7,58.73,1007.15,20.42,1.4,25.15,20.5,0.0,0,No Rain
2024-09-22,LOC005,36.7,60.76,1005.88,15.45,113.1,29.37,20.3,0.0,0,No Rain
2024-09-23,LOC005,34.05,66.07,1005.44,16.28,41.6,26.13,42.3,0.0,0,No Rain
2024-09-24,LOC005,31.67,58.95,1005.94,13.26,32.5,23.04,42.4,0.0,0,No Rain
2024-09-25,LOC005,32.03,53.42,1001.82,32.93,83.9,22.59,17.2,18.54,0,Moderate
2024-09-26,LOC005,31.37,59.03,1003.95,15.91,109.1,23.26,6.9,0.0,0,No Rain
2024-09-27,LOC005,37.49,62.01,1006.5,13.6,90.9,30.23,35.9,1.33,0,Light
2024-09-28,LOC005,30.61,63.73,1001.91,18.19,53.4,22.79,24.7,0.0,0,No Rain
2024-09-29,LOC005,32.75,62.38,1005.14,15.5,73.8,25.91,21.3,0.0,0,No Rain
2024-09-30,LOC005,34.41,54.65,1001.82,25.12,350.9,25.3,12.9,0.0,0,No Rain
2024-10-01,LOC005,37.55,55.71,1002.05,12.77,38.6,29.52,4.3,0.0,0,No Rain
2024-10-02,LOC005,35.71,63.9,1003.35,12.19,46.7,29.15,29.9,0.0,0,No Rain
2024-10-03,LOC005,35.71,51.72,1004.22,14.79,105.7,26.3,17.8,0.0,0,No Rain
2024-10-04,LOC005,33.18,61.33,1007.19,16.72,98.6,24.7,16.3,0.0,0,No Rain
2024-10-05,LOC005,36.46,52.88,1007.21,18.78,30.0,27.12,36.7,0.0,0,No Rain
2024-10-06,LOC005,35.22,61.87,1008.16,28.83,81.6,27.21,17.5,0.0,0,No Rain
2024-10-07,LOC005,36.19,58.69,1007.09,12.03,358.6,30.27,14.3,6.67,0,Light
2024-10-08,LOC005,32.43,59.14,1007.38,11.55,12.3,23.99,30.9,0.0,0,No Rain
2024-10-09,LOC005,34.3,53.51,1002.79,11.09,48.4,26.29,23.2,0.0,0,No Rain
2024-10-10,LOC005,34.26,59.63,1008.66,11.76,109.0,25.95,13.1,0.0,0,No Rain
2024-10-11,LOC005,34.53,60.79,1006.46,11.28,24.7,26.24,5.3,0.0,0,No Rain
2024-10-12,LOC005,34.86,65.36,1006.77,18.64,347.4,28.0,20.5,0.0,0,No Rain
2024-10-13,LOC005,33.85,63.7,1004.62,10.81,24.1,28.07,4.9,0.0,0,No Rain
2024-10-14,LOC005,36.0,50.88,1005.09,10.78,92.6,26.0,25.9,0.0,0,No Rain
2024-10-15,LOC005,34.29,60.51,1007.45,28.54,99.9,26.11,8.3,0.0,0,No Rain
2024-10-16,LOC005,35.44,59.36,1007.64,11.58,39.7,27.22,10.2,0.0,0,No Rain
2024-10-17,LOC005,35.7,54.92,1005.99,11.89,93.9,27.63,27.8,0.0,0,No Rain
2024-10-18,LOC005,35.15,60.7,1006.74,14.29,15.2,27.02,4.3,0.0,0,No Rain
2024-10-19,LOC005,39.55,57.42,1006.0,12.0,44.1,31.85,18.8,0.0,0,No Rain
2024-10-20,LOC005,35.93,56.19,1007.27,13.16,39.5,27.47,4.7,0.0,0,No Rain
2024-10-21,LOC005,36.82,51.9,1009.14,11.39,14.8,27.43,19.3,0.0,0,No Rain
2024-10-22,LOC005,35.24,47.51,1008.95,10.8,109.2,25.18,19.5,4.96,0,Light
2024-10-23,LOC005,35.24,53.31,1006.91,21.08,77.7,26.37,20.2,0.0,0,No Rain
2024-10-24,LOC005,35.44,59.31,1001.66,10.67,67.7,26.14,11.1,0.0,0,No Rain
2024-10-25,LOC005,41.4,58.26,1003.83,12.83,44.6,32.0,12.5,27.47,0,Moderate
2024-10-26,LOC005,34.51,54.86,1007.53,10.62,59.9,24.6,24.3,0.0,0,No Rain
2024-10-27,LOC005,35.3,67.6,1002.09,19.39,6.8,29.42,11.0,0.0,0,No Rain
2024-10-28,LOC005,37.8,56.23,1006.44,12.59,117.0,29.86,21.9,0.0,0,No Rain
2024-10-29,LOC005,39.32,56.59,1006.88,17.5,62.8,30.83,24.9,0.0,0,No Rain
2024-10-30,LOC005,33.58,59.13,1011.53,14.34,87.9,24.7,6.8,0.0,0,No Rain
2024-10-31,LOC005,34.79,65.36,1007.11,15.99,344.3,29.2,17.4,0.0,0,No Rain
2024-11-01,LOC005,37.77,56.83,1008.1,19.26,170.7,28.68,30.1,0.0,0,No Rain
2024-11-02,LOC005,33.89,57.44,1006.78,10.49,56.0,25.17,7.0,0.0,0,No Rain
2024-11-03,LOC005,36.42,64.19,1008.27,13.91,85.8,30.21,10.2,0.0,0,No Rain
2024-11-04,LOC005,35.49,66.83,1010.82,14.01,76.1,29.08,20.3,0.0,0,No Rain
2024-11-05,LOC005,40.06,45.79,1006.81,13.08,63.3,29.23,15.6,1.53,0,Light
2024-11-06,LOC005,37.37,58.82,1013.86,21.91,6.8,29.61,30.0,0.0,0,No Rain
2024-11-07,LOC005,35.36,51.1,1005.91,11.47,32.3,24.88,29.2,0.0,0,No Rain
2024-11-08,LOC005,38.28,56.95,1012.74,16.43,12.4,29.12,9.4,0.0,0,No Rain
2024-11-09,LOC005,33.28,60.59,1007.66,12.41,86.0,26.02,28.1,0.0,0,No Rain
2024-11-10,LOC005,33.67,50.95,1003.72,27.63,104.6,23.81,27.6,0.0,0,No Rain
2024-11-11,LOC005,35.63,61.16,1008.03,20.63,73.1,28.06,8.9,0.0,0,No Rain
2024-11-12,LOC005,34.91,57.0,1005.67,10.26,69.6,26.44,21.7,0.0,0,No Rain
2024-11-13,LOC005,38.03,55.05,1009.54,10.48,80.7,29.95,31.4,0.0,0,No Rain
2024-11-14,LOC005,38.13,53.79,1007.62,10.11,44.2,28.4,13.2,0.0,0,No Rain
2024-11-15,LOC005,40.56,72.27,1005.28,16.04,28.3,32.0,4.2,0.0,0,No Rain
2024-11-16,LOC005,35.64,58.9,1010.61,10.8,339.0,28.06,36.5,0.0,0,No Rain
2024-11-17,LOC005,34.5,47.36,1009.01,20.03,37.0,24.7,10.2,0.0,0,No Rain
2024-11-18,LOC005,36.26,61.67,1003.45,18.56,329.2,29.29,25.2,0.0,0,No Rain
2024-11-19,LOC005,36.18,56.77,1002.31,10.76,157.1,28.51,31.0,0.0,0,No Rain
2024-11-20,LOC005,37.67,51.37,1012.82,12.97,53.4,28.34,0.0,0.0,0,No Rain
2024-11-21,LOC005,39.06,57.65,1010.62,14.08,43.9,29.41,9.7,1.93,0,Light
2024-11-22,LOC005,39.22,58.37,1005.03,15.84,43.9,31.36,24.6,0.0,0,No Rain
2024-11-23,LOC005,40.16,51.4,1006.78,22.81,103.4,29.84,4.0,0.0,0,No Rain
2024-11-24,LOC005,35.43,44.62,1004.24,10.5,106.9,23.92,32.0,0.0,0,No Rain
2024-11-25,LOC005,33.59,47.99,1003.68,14.96,91.6,24.07,13.4,0.0,0,No Rain
2024-11-26,LOC005,37.49,65.26,1004.93,13.14,64.1,29.69,12.3,0.0,0,No Rain
2024-11-27,LOC005,33.75,53.64,1009.18,12.92,75.7,25.18,0.0,0.0,0,No Rain
2024-11-28,LOC005,37.09,52.19,1010.09,16.09,7.4,26.7,26.5,0.0,0,No Rain
2024-11-29,LOC005,40.36,56.51,1010.91,13.64,68.6,31.84,6.0,0.0,0,No Rain
2024-11-30,LOC005,41.78,62.5,1006.65,12.53,34.4,32.0,7.3,0.0,0,No Rain
2024-12-01,LOC005,37.53,51.42,1007.14,17.96,43.0,28.59,20.3,6.98,0,Light
2024-12-02,LOC005,36.48,54.16,1008.14,14.45,95.4,27.64,12.8,9.75,0,Light
2024-12-03,LOC005,35.36,63.67,1009.97,14.37,142.2,27.6,23.3,0.0,0,No Rain
2024-12-04,LOC005,33.26,48.15,1007.52,11.88,95.9,23.71,17.4,0.0,0,No Rain
2024-12-05,LOC005,38.26,54.91,1010.82,15.51,52.0,29.05,22.8,0.0,0,No Rain
2024-12-06,LOC005,38.24,59.34,1006.03,17.18,85.6,31.45,18.3,0.0,0,No Rain
2024-12-07,LOC005,35.51,61.69,1004.83,13.28,25.4,27.61,21.9,0.0,0,No Rain
2024-12-08,LOC005,35.25,58.69,1004.19,13.66,67.1,27.87,12.1,0.0,0,No Rain
2024-12-09,LOC005,32.15,55.89,1007.43,12.59,28.7,24.07,24.2,18.72,0,Moderate
2024-12-10,LOC005,34.76,54.37,1006.68,14.7,97.2,25.18,23.8,0.0,0,No Rain
2024-12-11,LOC005,35.74,44.59,1005.78,14.0,347.0,25.54,33.2,0.0,0,No Rain
2024-12-12,LOC005,36.29,58.36,1011.06,10.05,74.1,28.61,9.5,0.0,0,No Rain
2024-12-13,LOC005,37.92,54.12,1003.14,10.3,105.8,29.19,2.5,7.13,0,Light
2024-12-14,LOC005,34.69,52.7,1007.94,28.37,56.8,24.35,12.2,0.0,0,No Rain
2024-12-15,LOC005,36.56,63.75,1009.32,10.82,55.3,29.31,23.3,0.0,0,No Rain
2024-12-16,LOC005,37.77,47.06,1007.08,13.33,24.8,25.66,0.0,0.0,0,No Rain
2024-12-17,LOC005,34.16,55.48,1008.13,13.01,28.1,26.35,11.8,0.0,0,No Rain
2024-12-18,LOC005,34.8,55.73,1009.46,18.63,84.9,26.45,19.7,0.0,0,No Rain
2024-12-19,LOC005,37.2,54.03,1001.78,18.04,90.7,27.29,10.5,0.0,0,No Rain
2024-12-20,LOC005,36.0,52.28,1008.02,22.48,52.6,28.46,26.2,0.0,0,No Rain
2024-12-21,LOC005,31.03,53.81,1010.11,14.41,90.8,22.45,26.6,0.0,0,No Rain
2024-12-22,LOC005,36.82,52.4,1007.42,13.79,62.2,27.37,8.4,0.0,0,No Rain
2024-12-23,LOC005,34.75,41.95,998.48,11.44,75.9,21.84,17.6,0.0,0,No Rain
2024-12-24,LOC005,34.56,62.28,1010.15,16.73,4.1,25.62,8.8,0.0,0,No Rain
2024-12-25,LOC005,36.35,68.97,1005.17,11.38,15.1,29.74,19.7,0.0,0,No Rain
2024-12-26,LOC005,36.08,51.19,1003.8,17.01,9.1,26.2,14.1,0.0,0,No Rain
2024-12-27,LOC005,33.62,61.21,1005.41,12.98,107.5,26.34,30.9,0.0,0,No Rain
2024-12-28,LOC005,37.8,59.71,1002.91,10.29,31.8,31.16,1.6,0.0,0,No Rain
2024-12-29,LOC005,37.77,46.63,1007.82,23.48,75.6,28.39,23.0,0.0,0,No Rain
2024-12-30,LOC005,36.72,59.66,1008.58,16.0,45.3,28.51,16.6,0.0,0,No Rain
2024-12-31,LOC005,38.03,53.43,1009.51,10.33,14.6,28.41,0.0,0.0,0,No Rain
2025-01-01,LOC005,35.04,59.49,1003.67,26.95,106.5,26.64,22.0,0.0,0,No Rain
2025-01-02,LOC005,35.77,45.58,1007.32,10.1,60.8,25.26,20.3,0.0,0,No Rain
2025-01-03,LOC005,37.09,53.01,1009.12,10.39,52.0,29.4,11.2,0.0,0,No Rain
2025-01-04,LOC005,36.36,45.19,1011.36,11.18,91.7,25.25,27.4,0.0,0,No Rain
2025-01-05,LOC005,35.29,53.48,1003.13,15.35,73.6,25.79,18.3,0.0,0,No Rain
2025-01-06,LOC005,34.7,60.31,1006.09,11.05,2.8,26.75,36.0,0.0,0,No Rain
2025-01-07,LOC005,35.41,43.12,1007.14,10.76,89.8,23.72,12.8,16.23,0,Moderate
2025-01-08,LOC005,37.28,63.66,1009.44,13.6,108.5,31.04,10.3,0.0,0,No Rain
2025-01-09,LOC005,35.75,67.18,1008.79,22.97,134.8,30.67,10.1,0.0,0,No Rain
2025-01-10,LOC005,32.15,49.18,1008.73,17.48,86.7,22.16,9.4,0.0,0,No Rain
2025-01-11,LOC005,36.28,64.25,1007.36,15.31,145.3,29.47,14.5,0.0,0,No Rain
2025-01-12,LOC005,38.78,52.21,1009.2,10.03,20.6,29.71,0.3,2.49,0,Light
2025-01-13,LOC005,34.69,50.52,1008.4,27.99,24.6,25.07,0.0,0.0,0,No Rain
2025-01-14,LOC005,30.02,48.17,1004.42,13.28,52.3,20.45,5.4,0.0,0,No Rain
2025-01-15,LOC005,36.75,63.29,1006.54,14.73,43.4,29.34,27.6,0.0,0,No Rain
2025-01-16,LOC005,30.28,54.11,1003.71,12.32,14.8,21.0,18.5,0.0,0,No Rain
2025-01-17,LOC005,33.95,49.72,1011.53,10.27,58.7,24.93,0.0,0.0,0,No Rain
2025-01-18,LOC005,32.86,53.63,1008.76,15.73,53.6,25.09,11.0,16.43,0,Moderate
2025-01-19,LOC005,37.64,58.3,1009.09,18.28,75.9,29.31,0.0,0.0,0,No Rain
2025-01-20,LOC005,33.57,50.81,1004.64,10.03,347.2,23.22,31.1,0.0,0,No Rain
2025-01-21,LOC005,37.48,50.96,1006.54,10.05,19.1,28.95,0.0,0.0,0,No Rain
2025-01-22,LOC005,37.38,61.79,1010.73,10.29,68.3,28.35,6.3,0.0,0,No Rain
2025-01-23,LOC005,33.01,49.12,1007.99,10.13,338.8,22.39,16.7,57.68,0,Moderate
2025-01-24,LOC005,37.43,58.53,1002.92,12.7,54.2,29.24,3.6,0.0,0,No Rain
2025-01-25,LOC005,31.11,59.57,1012.18,15.58,338.0,24.6,12.4,0.0,0,No Rain
2025-01-26,LOC005,35.84,45.8,1010.51,10.09,32.0,22.86,11.7,0.0,0,No Rain
2025-01-27,LOC005,36.29,45.53,1006.48,10.48,86.9,24.87,11.0,0.0,0,No Rain
2025-01-28,LOC005,33.2,51.52,1007.45,13.79,29.9,23.56,0.0,0.0,0,No Rain
2025-01-29,LOC005,37.66,53.38,1004.51,10.2,38.6,28.24,10.0,0.0,0,No Rain
2025-01-30,LOC005,38.79,41.4,1009.43,10.1,20.0,27.15,29.0,0.0,0,No Rain
2025-01-31,LOC005,32.89,57.0,1007.68,19.92,57.6,24.97,12.4,0.0,0,No Rain
2025-02-01,LOC005,36.2,49.6,1005.85,10.01,102.3,26.31,8.3,0.0,0,No Rain
2025-02-02,LOC005,31.09,58.79,1005.9,13.49,157.8,22.13,29.3,0.0,0,No Rain
2025-02-03,LOC005,33.12,53.55,1008.5,12.72,60.6,24.39,26.7,0.0,0,No Rain
2025-02-04,LOC005,31.89,58.99,1008.11,14.05,344.9,21.81,32.2,0.0,0,No Rain
2025-02-05,LOC005,30.4,54.23,1004.68,12.09,85.1,21.83,18.1,0.0,0,No Rain
2025-02-06,LOC005,31.57,53.7,1011.61,14.37,9.6,21.85,29.5,0.0,0,No Rain
2025-02-07,LOC005,31.92,60.2,1005.74,12.28,115.8,22.72,16.6,0.0,0,No Rain
2025-02-08,LOC005,32.12,47.94,1006.12,14.06,49.2,20.33,3.5,0.0,0,No Rain
2025-02-09,LOC005,31.94,68.24,1005.25,10.97,83.3,26.32,10.7,0.0,0,No Rain
2025-02-10,LOC005,33.3,61.6,1007.62,17.14,101.8,23.71,16.0,0.0,0,No Rain
2025-02-11,LOC005,29.42,39.59,1005.9,12.16,46.4,16.05,14.6,38.92,0,Moderate
2025-02-12,LOC005,31.58,59.61,1003.21,12.92,62.0,23.34,9.4,0.0,0,No Rain
2025-02-13,LOC005,33.79,48.0,1011.62,12.26,54.8,23.64,24.1,0.0,0,No Rain
2025-02-14,LOC005,32.86,54.23,1008.09,13.21,70.2,23.8,26.2,0.0,0,No Rain
2025-02-15,LOC005,29.96,53.96,1008.92,11.72,111.7,20.35,9.1,1.41,0,Light
2025-02-16,LOC005,31.61,51.03,1002.86,11.67,46.1,21.61,21.7,0.0,0,No Rain
2025-02-17,LOC005,29.08,61.95,1007.09,12.37,58.7,20.61,12.2,0.0,0,No Rain
2025-02-18,LOC005,33.0,57.8,1007.99,13.92,52.9,25.41,13.6,0.0,0,No Rain
2025-02-19,LOC005,33.65,62.61,1006.12,15.21,70.5,26.3,29.1,0.0,0,No Rain
2025-02-20,LOC005,32.23,49.8,1006.99,11.2,95.8,23.04,11.8,0.0,0,No Rain
2025-02-21,LOC005,32.26,52.76,1010.55,11.02,77.2,21.24,18.4,0.0,0,No Rain
2025-02-22,LOC005,29.93,56.51,1009.17,13.94,67.4,20.65,29.7,0.0,0,No Rain
2025-02-23,LOC005,29.81,52.11,1006.52,11.65,14.6,21.36,8.8,0.0,0,No Rain
2025-02-24,LOC005,27.14,66.05,1012.82,11.79,45.1,20.51,26.4,0.0,0,No Rain
2025-02-25,LOC005,28.81,63.46,1005.52,17.57,95.8,20.21,27.0,0.0,0,No Rain
2025-02-26,LOC005,33.99,60.72,1009.69,11.0,49.5,26.19,10.7,0.0,0,No Rain
2025-02-27,LOC005,31.99,46.59,1005.33,11.07,50.0,21.77,7.6,0.0,0,No Rain
2025-02-28,LOC005,31.11,61.17,1007.54,11.4,89.9,23.48,15.3,0.0,0,No Rain
2025-03-01,LOC005,31.2,53.73,1008.46,12.88,70.2,22.55,14.1,0.0,0,No Rain
2025-03-02,LOC005,30.44,51.57,1008.78,10.28,95.9,21.11,26.0,0.0,0,No Rain
2025-03-03,LOC005,27.54,57.53,1010.2,13.22,22.8,19.96,16.9,0.0,0,No Rain
2025-03-04,LOC005,29.96,61.36,1006.67,12.73,295.7,22.45,28.9,0.0,0,No Rain
2025-03-05,LOC005,27.59,55.76,1009.59,10.2,321.4,16.78,19.2,0.0,0,No Rain
2025-03-06,LOC005,31.62,60.81,1008.23,11.79,43.3,24.33,13.3,0.0,0,No Rain
2025-03-07,LOC005,31.31,59.62,1006.78,10.41,355.3,23.31,21.4,0.0,0,No Rain
2025-03-08,LOC005,27.87,66.44,1007.78,11.9,162.7,20.56,16.8,0.0,0,No Rain
2025-03-09,LOC005,29.53,54.11,1010.86,11.39,38.2,20.95,14.5,0.0,0,No Rain
2025-03-10,LOC005,29.3,57.78,1003.07,19.46,49.8,20.95,9.9,0.0,0,No Rain
2025-03-11,LOC005,30.42,53.97,1008.95,11.68,81.8,19.84,14.5,0.0,0,No Rain
2025-03-12,LOC005,29.55,55.08,1005.47,10.28,53.2,21.09,18.3,0.0,0,No Rain
2025-03-13,LOC005,31.19,58.39,1008.96,12.44,7.2,22.86,13.6,0.0,0,No Rain
2025-03-14,LOC005,27.98,57.91,1002.54,10.65,18.1,19.14,26.5,0.0,0,No Rain
2025-03-15,LOC005,33.3,62.0,1009.66,16.23,93.7,26.88,15.7,18.93,0,Moderate
2025-03-16,LOC005,29.29,55.2,1007.15,10.83,70.9,19.21,28.5,0.0,0,No Rain
2025-03-17,LOC005,27.01,53.56,1010.23,11.67,99.5,18.76,0.3,0.0,0,No Rain
2025-03-18,LOC005,28.23,56.5,1010.46,23.17,106.0,19.82,0.0,0.0,0,No Rain
2025-03-19,LOC005,29.75,51.61,1004.43,13.51,36.2,19.53,23.7,0.0,0,No Rain
2025-03-20,LOC005,31.29,54.15,1008.02,14.51,97.0,21.29,8.3,0.0,0,No Rain
2025-03-21,LOC005,32.36,59.07,1008.83,10.31,48.5,25.86,16.7,0.0,0,No Rain
2025-03-22,LOC005,30.24,60.63,1003.76,11.82,67.5,23.1,12.5,16.17,0,Moderate
2025-03-23,LOC005,27.95,55.98,1003.06,13.0,104.0,18.94,22.6,0.0,0,No Rain
2025-03-24,LOC005,28.1,61.08,1004.2,14.61,66.5,19.89,25.3,0.0,0,No Rain
2025-03-25,LOC005,30.12,59.1,1006.89,10.67,95.3,21.8,11.4,0.0,0,No Rain
2025-03-26,LOC005,28.4,55.43,1005.81,14.62,15.3,18.42,3.1,0.0,0,No Rain
2025-03-27,LOC005,29.21,66.16,1006.28,10.46,62.7,21.42,29.7,32.75,0,Moderate
2025-03-28,LOC005,26.92,45.45,1011.81,16.16,40.1,14.93,6.5,16.68,0,Moderate
2025-03-29,LOC005,28.64,55.11,1005.96,26.83,113.2,20.57,24.0,0.0,0,No Rain
2025-03-30,LOC005,30.3,48.81,1006.34,10.53,343.3,21.7,25.4,0.0,0,No Rain
2025-03-31,LOC005,25.37,57.05,1006.81,15.47,100.7,16.77,12.2,0.0,0,No Rain
2025-04-01,LOC005,24.25,58.53,1005.99,22.66,59.7,16.52,15.2,0.0,0,No Rain
2025-04-02,LOC005,28.16,50.1,1009.46,12.18,26.8,18.2,10.2,0.0,0,No Rain
2025-04-03,LOC005,30.56,62.17,1005.08,14.47,81.7,23.28,19.4,0.0,0,No Rain
2025-04-04,LOC005,28.09,68.47,1001.53,20.49,69.6,22.26,26.3,0.0,0,No Rain
2025-04-05,LOC005,28.58,54.65,1006.99,11.73,77.3,20.81,29.0,0.0,0,No Rain
2025-04-06,LOC005,25.0,58.05,1006.53,22.11,120.6,16.04,0.0,0.0,0,No Rain
2025-04-07,LOC005,28.4,52.27,1004.85,14.34,357.1,19.0,19.4,2.17,0,Light
2025-04-08,LOC005,30.31,56.94,1006.35,13.21,357.0,22.33,21.9,0.0,0,No Rain
2025-04-09,LOC005,26.44,51.43,1005.75,13.49,87.9,16.78,34.6,5.72,0,Light
2025-04-10,LOC005,26.19,59.5,1007.61,11.29,74.1,18.19,16.6,0.0,0,No Rain
2025-04-11,LOC005,28.16,50.41,1004.13,18.13,144.0,17.92,6.8,0.0,0,No Rain
2025-04-12,LOC005,29.43,57.62,1004.8,14.13,8.7,20.98,24.8,0.0,0,No Rain
2025-04-13,LOC005,28.56,58.01,1007.28,18.46,40.6,21.01,33.4,0.0,0,No Rain
2025-04-14,LOC005,30.32,62.29,1004.22,18.46,35.3,22.36,39.6,0.0,0,No Rain
2025-04-15,LOC005,28.55,59.02,1010.86,12.03,63.3,19.69,2.7,0.0,0,No Rain
2025-04-16,LOC005,21.67,41.59,1007.86,11.74,347.1,10.69,19.1,0.0,0,No Rain
2025-04-17,LOC005,25.51,55.15,1009.04,13.84,5.2,17.15,30.6,0.0,0,No Rain
2025-04-18,LOC005,28.5,60.06,1008.24,14.77,67.8,18.75,23.7,0.0,0,No Rain
2025-04-19,LOC005,27.29,51.24,1011.17,13.92,88.8,18.04,16.2,0.0,0,No Rain
2025-04-20,LOC005,26.52,61.74,1004.14,17.79,119.5,19.42,43.5,0.0,0,No Rain
2025-04-21,LOC005,28.37,52.09,1001.23,13.67,37.3,19.65,24.4,0.0,0,No Rain
2025-04-22,LOC005,27.04,45.37,1003.67,14.41,348.6,15.35,13.8,0.0,0,No Rain
2025-04-23,LOC005,26.41,56.72,1005.1,12.35,14.7,18.57,24.3,0.0,0,No Rain
2025-04-24,LOC005,31.22,60.57,1005.51,14.14,42.3,24.51,21.9,26.52,0,Moderate
2025-04-25,LOC005,26.38,55.38,1007.99,13.06,26.1,18.46,24.9,0.0,0,No Rain
2025-04-26,LOC005,25.89,55.6,1012.75,13.92,95.8,17.3,36.3,0.0,0,No Rain
2025-04-27,LOC005,29.37,49.85,1006.48,15.82,345.1,18.16,19.3,0.0,0,No Rain
2025-04-28,LOC005,31.14,51.49,1004.94,13.09,135.3,20.89,34.6,0.0,0,No Rain
2025-04-29,LOC005,26.62,53.94,1004.06,22.75,80.9,17.48,19.9,0.0,0,No Rain
2025-04-30,LOC005,30.39,63.35,1003.92,14.11,56.4,23.13,21.0,0.0,0,No Rain
2025-05-01,LOC005,24.71,64.08,997.36,22.19,14.4,18.48,43.1,0.0,0,No Rain
2025-05-02,LOC005,28.04,67.31,994.63,17.06,85.1,21.57,29.7,1.7,0,Light
2025-05-03,LOC005,26.63,62.62,1004.33,20.79,112.9,19.2,42.8,1.65,0,Light
2025-05-04,LOC005,25.87,71.33,1000.76,17.65,67.1,20.37,52.1,0.5,0,Light
2025-05-05,LOC005,24.97,66.68,1005.02,18.19,30.5,17.51,39.2,0.0,0,No Rain
2025-05-06,LOC005,24.11,67.62,1003.52,16.57,125.9,18.59,30.9,0.0,0,No Rain
2025-05-07,LOC005,24.53,70.11,1002.41,17.21,32.0,18.72,48.3,0.0,0,No Rain
2025-05-08,LOC005,27.43,67.46,1004.35,25.42,29.3,22.41,40.1,0.0,0,No Rain
2025-05-09,LOC005,26.96,77.45,1003.35,23.82,64.3,23.25,44.0,16.0,0,Moderate
2025-05-10,LOC005,27.74,63.82,1002.75,15.44,32.1,20.8,28.4,0.0,0,No Rain
2025-05-11,LOC005,25.73,63.46,1004.51,15.8,44.7,17.89,35.7,17.62,0,Moderate
2025-05-12,LOC005,29.18,54.6,1001.33,27.09,67.3,19.88,35.5,0.0,0,No Rain
2025-05-13,LOC005,23.37,62.43,1003.17,21.33,9.4,15.94,48.3,0.0,0,No Rain
2025-05-14,LOC005,25.64,72.09,1004.72,18.58,20.7,19.78,46.6,16.12,0,Moderate
2025-05-15,LOC005,28.95,65.55,1003.81,18.7,36.4,21.3,48.1,0.0,0,No Rain
2025-05-16,LOC005,30.63,64.25,1004.56,16.11,32.6,23.64,32.3,0.0,0,No Rain
2025-05-17,LOC005,28.97,75.51,1005.0,18.15,59.5,22.92,47.7,0.0,0,No Rain
2025-05-18,LOC005,25.91,64.42,998.85,20.15,109.0,18.75,37.5,0.0,0,No Rain
2025-05-19,LOC005,26.69,66.87,1003.36,16.25,32.2,21.01,37.2,10.59,0,Light
2025-05-20,LOC005,25.78,69.7,1000.89,16.12,105.2,19.66,45.4,0.83,0,Light
2025-05-21,LOC005,27.59,63.88,999.72,18.0,108.6,20.11,39.0,15.17,0,Light
2025-05-22,LOC005,24.78,70.69,997.82,15.28,16.1,18.29,41.1,0.0,0,No Rain
2025-05-23,LOC005,23.74,75.0,1001.05,16.6,24.9,18.25,46.7,0.0,0,No Rain
2025-05-24,LOC005,24.54,61.5,1003.98,20.2,146.9,16.25,43.9,4.42,0,Light
2025-05-25,LOC005,26.59,59.51,999.46,19.64,35.4,17.92,42.3,0.0,0,No Rain
2025-05-26,LOC005,29.13,66.44,1003.72,17.72,353.6,23.55,33.9,0.0,0,No Rain
2025-05-27,LOC005,24.28,69.73,1001.69,16.16,58.3,18.2,36.1,0.0,0,No Rain
2025-05-28,LOC005,25.87,74.74,1004.05,17.09,353.8,20.1,41.8,0.0,0,No Rain
2025-05-29,LOC005,29.27,65.65,1001.48,18.95,55.9,22.67,38.9,0.0,0,No Rain
2025-05-30,LOC005,23.25,72.38,995.4,20.85,150.3,17.43,49.6,0.0,0,No Rain
2025-05-31,LOC005,21.89,64.86,1005.14,19.3,61.8,14.44,35.9,0.0,0,No Rain
2025-06-01,LOC005,22.18,72.88,993.2,24.04,27.5,18.78,75.1,9.8,0,Light
2025-06-02,LOC005,23.65,84.36,992.57,25.03,67.3,21.19,67.5,0.0,0,No Rain
2025-06-03,LOC005,26.61,92.09,1000.72,22.19,25.7,26.04,82.2,79.68,1,Heavy
2025-06-04,LOC005,24.88,88.57,993.8,25.14,107.8,22.53,95.3,2.04,0,Light
2025-06-05,LOC005,27.53,76.01,995.32,25.69,65.2,22.83,74.8,4.75,0,Light
2025-06-06,LOC005,24.65,93.28,993.84,23.61,105.2,22.86,79.0,0.0,0,No Rain
2025-06-07,LOC005,24.56,73.53,997.13,27.31,358.2,19.1,59.5,0.0,0,No Rain
2025-06-08,LOC005,25.19,74.65,999.58,27.16,89.9,21.4,90.2,0.5,0,Light
2025-06-09,LOC005,27.67,78.02,996.46,25.87,358.4,23.94,72.1,65.0,1,Heavy
2025-06-10,LOC005,22.75,81.29,996.28,24.92,87.4,18.56,79.2,16.0,0,Moderate
2025-06-11,LOC005,23.48,99.0,998.93,28.51,115.7,23.74,54.5,0.0,0,No Rain
2025-06-12,LOC005,22.88,94.82,998.47,32.73,147.7,22.09,70.0,8.07,0,Light
2025-06-13,LOC005,23.06,73.59,997.89,26.01,70.7,17.74,81.9,37.54,0,Moderate
2025-06-14,LOC005,28.87,73.94,996.02,22.29,58.0,23.97,77.0,0.0,0,No Rain
2025-06-15,LOC005,23.31,82.99,1000.13,27.0,46.9,20.35,76.9,3.61,0,Light
2025-06-16,LOC005,23.17,79.27,997.41,25.83,56.7,18.35,100.0,0.0,0,No Rain
2025-06-17,LOC005,27.04,87.17,998.42,24.84,24.0,23.88,81.6,11.46,0,Light
2025-06-18,LOC005,25.9,88.95,989.92,23.09,65.6,23.71,87.4,0.0,0,No Rain
2025-06-19,LOC005,24.39,77.52,1003.04,26.45,71.0,19.07,61.2,32.78,0,Moderate
2025-06-20,LOC005,23.41,75.39,999.32,36.87,329.2,18.89,79.4,0.0,0,No Rain
2025-06-21,LOC005,24.72,76.86,999.22,23.88,75.7,19.89,60.8,0.0,0,No Rain
2025-06-22,LOC005,23.36,87.05,995.42,32.25,80.9,21.45,75.1,0.0,0,No Rain
2025-06-23,LOC005,21.02,78.85,995.9,22.36,132.9,16.94,88.9,0.0,0,No Rain
2025-06-24,LOC005,25.54,81.87,993.48,37.47,86.5,22.15,78.3,0.0,0,No Rain
2025-06-25,LOC005,27.37,74.58,993.68,22.7,95.1,21.03,82.1,0.0,0,No Rain
2025-06-26,LOC005,24.92,99.0,997.88,24.56,84.0,24.11,66.8,0.0,0,No Rain
2025-06-27,LOC005,26.84,75.07,998.83,23.18,87.7,21.48,74.5,0.0,0,No Rain
2025-06-28,LOC005,25.65,80.54,996.58,23.23,87.0,21.62,68.8,0.0,0,No Rain
2025-06-29,LOC005,22.7,89.69,994.49,22.99,22.4,19.55,95.0,2.1,0,Light
2025-06-30,LOC005,24.46,78.92,997.7,22.93,5.1,20.19,70.9,0.0,0,No Rain
2025-07-01,LOC005,25.26,92.95,987.51,25.94,53.4,24.36,93.5,19.24,0,Moderate
2025-07-02,LOC005,23.24,99.0,995.52,25.01,58.2,23.18,85.5,1.41,0,Light
2025-07-03,LOC005,24.93,87.56,997.51,30.02,346.6,21.6,97.9,40.02,0,Moderate
2025-07-04,LOC005,26.99,84.88,994.48,25.6,86.0,23.95,99.3,0.0,0,No Rain
2025-07-05,LOC005,21.87,80.94,993.59,25.63,117.4,18.15,81.5,1.08,0,Light
2025-07-06,LOC005,24.03,87.71,993.06,32.88,17.9,21.81,90.6,16.0,0,Moderate
2025-07-07,LOC005,26.05,89.1,989.66,26.5,41.4,24.49,100.0,40.12,0,Moderate
2025-07-08,LOC005,24.24,81.67,994.68,26.3,58.9,20.03,83.4,0.0,0,No Rain
2025-07-09,LOC005,26.97,85.35,996.16,25.46,23.3,24.36,100.0,16.0,0,Moderate
2025-07-10,LOC005,24.77,91.55,990.53,28.73,51.1,23.75,81.5,164.05,1,Very/Extremely Heavy
2025-07-11,LOC005,29.33,81.74,994.19,29.79,75.6,26.43,98.1,0.0,0,No Rain
2025-07-12,LOC005,28.65,84.21,992.94,27.46,49.3,25.11,94.9,0.0,0,No Rain
2025-07-13,LOC005,25.51,85.61,993.81,33.13,69.8,23.21,87.8,16.0,0,Moderate
2025-07-14,LOC005,25.37,95.79,995.25,25.99,355.1,24.96,85.9,0.5,0,Light
2025-07-15,LOC005,24.19,80.89,997.17,27.25,24.5,20.01,96.1,57.56,0,Moderate
2025-07-16,LOC005,24.96,80.0,994.28,25.6,46.9,22.02,85.2,16.0,0,Moderate
2025-07-17,LOC005,26.72,84.79,998.47,26.5,26.8,23.11,85.5,162.39,1,Very/Extremely Heavy
2025-07-18,LOC005,27.41,94.62,998.42,26.73,15.3,26.78,87.0,5.13,0,Light
2025-07-19,LOC005,19.99,93.25,992.36,25.29,354.3,19.63,94.5,54.88,0,Moderate
2025-07-20,LOC005,26.68,85.01,990.08,25.42,32.1,24.93,88.3,10.26,0,Light
2025-07-21,LOC005,28.3,88.94,993.83,25.39,19.4,27.72,95.1,64.0,0,Moderate
2025-07-22,LOC005,23.04,88.35,991.05,25.17,13.4,20.75,100.0,30.21,0,Moderate
2025-07-23,LOC005,28.4,88.95,998.13,26.57,7.4,26.02,83.7,16.0,0,Moderate
2025-07-24,LOC005,26.69,90.28,990.08,25.51,134.2,26.27,96.9,24.47,0,Moderate
2025-07-25,LOC005,22.63,88.82,994.78,25.71,52.0,19.76,80.5,28.08,0,Moderate
2025-07-26,LOC005,28.28,79.14,990.53,24.84,14.3,24.32,71.9,2.7,0,Light
2025-07-27,LOC005,26.82,98.6,999.78,31.88,57.9,27.09,90.5,16.0,0,Moderate
2025-07-28,LOC005,28.82,92.25,993.17,38.82,71.3,27.2,82.3,16.0,0,Moderate
2025-07-29,LOC005,25.7,94.01,991.7,28.74,27.8,23.03,95.8,8.77,0,Light
2025-07-30,LOC005,26.73,89.1,995.72,31.08,89.5,24.79,72.3,1.61,0,Light
2025-07-31,LOC005,24.29,80.56,994.71,25.05,25.0,21.59,100.0,0.0,0,No Rain
2025-08-01,LOC005,27.67,84.29,1001.76,22.84,7.7,23.98,53.2,21.03,0,Moderate
2025-08-02,LOC005,27.68,77.86,999.87,20.0,61.7,23.19,50.6,0.0,0,No Rain
2025-08-03,LOC005,29.69,75.02,1001.34,19.48,29.9,25.0,73.5,0.0,0,No Rain
2025-08-04,LOC005,28.42,69.21,991.1,19.38,87.4,22.82,50.4,0.0,0,No Rain
2025-08-05,LOC005,30.17,74.45,999.85,21.62,341.8,25.0,70.0,4.7,0,Light
2025-08-06,LOC005,27.05,71.93,999.53,24.07,23.1,21.22,64.3,41.54,0,Moderate
2025-08-07,LOC005,25.43,69.13,993.71,22.78,49.1,19.52,57.9,15.5,0,Light
2025-08-08,LOC005,31.43,73.69,1000.61,21.69,71.8,25.87,68.2,0.0,0,No Rain
2025-08-09,LOC005,29.04,71.97,999.73,26.86,59.1,23.53,66.2,0.0,0,No Rain
2025-08-10,LOC005,31.38,78.27,995.71,22.4,59.3,25.63,54.4,0.0,0,No Rain
2025-08-11,LOC005,29.55,80.66,1000.53,19.54,15.3,25.58,57.2,102.48,1,Heavy
2025-08-12,LOC005,26.11,78.63,992.66,19.65,63.3,20.34,54.3,0.0,0,No Rain
2025-08-13,LOC005,30.53,81.56,997.71,24.43,25.4,26.66,63.3,3.73,0,Light
2025-08-14,LOC005,32.03,79.96,1000.45,19.81,349.5,28.21,63.8,16.0,0,Moderate
2025-08-15,LOC005,29.78,82.66,998.53,21.18,51.5,25.56,57.2,0.0,0,No Rain
2025-08-16,LOC005,29.73,80.75,998.78,22.83,20.1,23.74,50.0,1.34,0,Light
2025-08-17,LOC005,30.76,74.67,998.54,23.09,15.4,26.64,60.3,0.0,0,No Rain
2025-08-18,LOC005,31.56,79.3,1000.02,20.75,83.6,25.94,49.5,0.0,0,No Rain
2025-08-19,LOC005,33.94,66.82,998.3,33.38,76.4,28.23,65.7,0.0,0,No Rain
2025-08-20,LOC005,30.81,82.76,994.34,32.73,50.8,24.9,43.9,0.0,0,No Rain
2025-08-21,LOC005,28.89,81.1,999.3,20.65,30.2,25.76,63.3,5.12,0,Light
2025-08-22,LOC005,29.25,80.83,999.55,28.24,35.9,24.68,58.3,0.0,0,No Rain
2025-08-23,LOC005,28.89,85.73,999.91,19.3,161.8,26.06,53.1,16.06,0,Moderate
2025-08-24,LOC005,26.53,70.78,993.69,27.7,64.7,21.46,57.8,0.0,0,No Rain
2025-08-25,LOC005,31.31,69.0,1001.64,26.56,24.8,24.78,68.0,0.0,0,No Rain
2025-08-26,LOC005,31.61,68.76,995.94,23.98,86.3,24.83,73.6,0.0,0,No Rain
2025-08-27,LOC005,30.76,76.38,998.22,28.9,73.8,26.41,46.3,5.55,0,Light
2025-08-28,LOC005,28.76,75.29,1004.66,19.82,75.4,24.98,78.0,0.5,0,Light
2025-08-29,LOC005,30.14,86.93,1000.2,20.85,69.3,29.34,60.0,2.09,0,Light
2025-08-30,LOC005,30.88,75.72,996.24,24.66,36.2,25.84,46.2,0.0,0,No Rain
2025-08-31,LOC005,31.3,79.23,1004.06,27.6,87.0,26.85,64.7,0.0,0,No Rain
2025-09-01,LOC005,32.79,62.97,1005.06,13.03,65.1,24.63,55.6,0.0,0,No Rain
2025-09-02,LOC005,32.5,62.08,1008.72,13.11,27.5,25.25,27.1,131.67,1,Very/Extremely Heavy
2025-09-03,LOC005,32.78,65.79,1004.44,14.71,113.1,25.76,27.7,0.0,0,No Rain
2025-09-04,LOC005,33.98,60.55,1008.33,15.36,120.0,25.71,29.8,0.0,0,No Rain
2025-09-05,LOC005,34.3,56.7,1007.67,17.38,57.3,25.4,18.0,16.0,0,Moderate
2025-09-06,LOC005,35.36,52.26,1002.64,16.09,35.7,24.24,25.0,0.0,0,No Rain
2025-09-07,LOC005,31.09,62.04,1002.9,15.73,39.3,21.46,24.7,0.0,0,No Rain
2025-09-08,LOC005,32.14,60.24,1003.32,14.38,130.5,24.07,41.5,0.0,0,No Rain
2025-09-09,LOC005,31.43,61.31,1002.63,16.61,53.6,24.05,31.4,2.69,0,Light
2025-09-10,LOC005,30.43,72.16,1005.2,14.08,45.5,25.23,36.6,55.22,0,Moderate
2025-09-11,LOC005,33.98,57.91,1001.24,16.14,340.8,25.37,7.9,0.0,0,No Rain
2025-09-12,LOC005,33.81,63.73,1000.41,13.86,56.7,26.11,25.8,0.0,0,No Rain
2025-09-13,LOC005,30.5,72.48,1005.4,13.24,37.6,24.92,37.4,8.02,0,Light
2025-09-14,LOC005,32.78,60.02,1002.82,14.15,91.3,23.88,27.3,0.0,0,No Rain
2025-09-15,LOC005,32.02,62.27,1007.67,13.54,51.7,24.88,30.5,0.0,0,No Rain
2025-09-16,LOC005,33.66,55.77,1004.71,20.64,25.9,26.25,18.2,0.0,0,No Rain
2025-09-17,LOC005,33.99,57.13,995.92,14.82,10.2,25.49,34.1,0.0,0,No Rain
2025-09-18,LOC005,37.04,65.58,1005.23,20.0,28.1,30.02,23.2,0.0,0,No Rain
2025-09-19,LOC005,32.83,66.5,995.73,13.2,42.7,26.39,30.1,0.0,0,No Rain
2025-09-20,LOC005,33.82,58.95,1002.09,22.47,43.8,24.26,31.2,0.0,0,No Rain
2025-09-21,LOC005,35.87,61.55,1006.62,14.04,32.6,29.01,23.4,0.0,0,No Rain
2025-09-22,LOC005,33.43,58.33,1003.56,14.14,322.8,25.16,30.6,0.0,0,No Rain
2025-09-23,LOC005,32.52,64.35,1004.81,19.87,196.4,26.11,9.6,0.0,0,No Rain
2025-09-24,LOC005,34.63,59.31,1004.98,18.15,11.9,26.01,29.5,1.77,0,Light
2025-09-25,LOC005,31.28,64.44,1000.67,14.0,63.9,24.96,38.8,0.0,0,No Rain
2025-09-26,LOC005,34.74,56.77,1007.89,16.81,79.5,26.9,18.7,16.0,0,Moderate
2025-09-27,LOC005,33.96,68.12,1008.89,15.18,28.9,29.39,40.7,26.74,0,Moderate
2025-09-28,LOC005,32.08,64.56,1003.17,23.12,17.8,24.72,34.0,0.0,0,No Rain
2025-09-29,LOC005,37.6,56.1,1003.65,13.11,98.5,28.82,28.7,48.46,0,Moderate
2025-09-30,LOC005,34.5,54.5,1004.28,15.36,119.3,23.09,26.5,0.0,0,No Rain
2025-10-01,LOC005,34.89,52.71,1003.35,11.92,53.5,24.58,11.2,0.0,0,No Rain
2025-10-02,LOC005,32.33,43.63,1010.62,10.63,127.1,20.67,22.6,0.0,0,No Rain
2025-10-03,LOC005,36.41,52.32,1008.51,10.93,109.4,26.93,0.0,0.0,0,No Rain
2025-10-04,LOC005,36.19,54.35,1009.67,14.44,31.8,26.29,10.4,0.0,0,No Rain
2025-10-05,LOC005,35.44,60.34,1005.23,19.28,40.0,28.29,17.4,0.76,0,Light
2025-10-06,LOC005,37.59,59.93,1004.46,12.49,42.0,29.55,2.2,0.0,0,No Rain
2025-10-07,LOC005,34.07,67.65,1008.83,16.38,6.8,27.5,25.8,0.0,0,No Rain
2025-10-08,LOC005,35.1,56.45,1000.66,12.34,37.3,26.8,27.0,0.0,0,No Rain
2025-10-09,LOC005,32.33,53.71,1008.97,11.31,78.6,23.13,27.9,0.0,0,No Rain
2025-10-10,LOC005,36.39,69.4,1010.0,13.74,41.1,30.55,15.7,0.0,0,No Rain
2025-10-11,LOC005,34.32,48.44,1011.67,25.46,63.4,23.54,22.4,0.0,0,No Rain
2025-10-12,LOC005,34.23,60.74,1004.19,11.43,91.6,26.92,21.1,5.08,0,Light
2025-10-13,LOC005,31.94,61.29,1009.36,19.0,12.0,24.27,8.5,0.0,0,No Rain
2025-10-14,LOC005,37.14,67.96,1006.57,11.35,38.0,31.66,18.7,0.0,0,No Rain
2025-10-15,LOC005,38.5,53.73,1003.52,10.82,359.2,28.95,29.9,0.0,0,No Rain
2025-10-16,LOC005,36.25,45.76,1007.13,11.89,58.9,25.56,14.5,0.0,0,No Rain
2025-10-17,LOC005,36.32,61.54,1008.58,14.66,102.9,27.66,45.0,0.0,0,No Rain
2025-10-18,LOC005,34.87,54.61,1007.08,10.9,1.0,26.24,19.0,0.0,0,No Rain
2025-10-19,LOC005,35.03,45.33,1004.2,10.82,116.0,24.2,24.2,0.0,0,No Rain
2025-10-20,LOC005,37.82,51.48,1011.23,24.78,349.6,27.97,29.2,0.0,0,No Rain
2025-10-21,LOC005,36.78,56.42,1008.39,18.26,15.9,26.88,5.1,0.0,0,No Rain
2025-10-22,LOC005,37.14,55.4,1006.9,13.76,340.0,26.73,29.2,0.0,0,No Rain
2025-10-23,LOC005,35.8,59.29,1004.97,10.78,67.8,28.71,34.9,3.56,0,Light
2025-10-24,LOC005,34.62,62.03,1006.51,13.44,99.4,27.9,18.3,0.0,0,No Rain
2025-10-25,LOC005,34.67,53.18,1006.94,11.73,57.8,25.14,13.8,0.0,0,No Rain
2025-10-26,LOC005,33.1,61.75,1007.48,12.59,6.3,25.23,28.6,0.0,0,No Rain
2025-10-27,LOC005,34.56,57.59,1004.95,15.11,94.9,23.73,20.3,0.0,0,No Rain
2025-10-28,LOC005,34.16,65.43,1008.46,10.77,34.9,25.8,23.4,0.0,0,No Rain
2025-10-29,LOC005,38.49,56.24,1007.81,15.28,113.0,30.34,16.3,0.0,0,No Rain
2025-10-30,LOC005,39.16,72.05,1004.2,12.47,100.7,32.0,25.4,37.11,0,Moderate
2025-10-31,LOC005,42.51,54.72,1005.86,11.78,66.0,32.0,8.1,0.0,0,No Rain
2025-11-01,LOC005,37.67,61.34,1007.09,12.87,57.5,29.43,28.8,0.0,0,No Rain
2025-11-02,LOC005,38.22,54.42,1003.86,11.8,350.6,27.62,23.7,0.0,0,No Rain
2025-11-03,LOC005,34.75,51.73,1007.37,11.16,102.6,25.58,0.0,0.0,0,No Rain
2025-11-04,LOC005,37.83,53.0,1004.3,10.05,45.1,28.26,5.4,0.0,0,No Rain
2025-11-05,LOC005,40.16,68.12,1007.19,14.11,35.6,32.0,16.3,0.0,0,No Rain
2025-11-06,LOC005,35.71,50.69,1008.65,10.84,102.4,26.12,5.8,0.0,0,No Rain
2025-11-07,LOC005,35.46,64.37,1004.71,17.45,75.6,28.63,5.5,0.0,0,No Rain
2025-11-08,LOC005,40.29,52.41,1009.54,11.73,34.3,30.83,10.4,0.0,0,No Rain
2025-11-09,LOC005,37.66,57.13,1003.69,11.88,69.8,29.98,18.7,0.0,0,No Rain
2025-11-10,LOC005,37.85,47.09,1011.79,17.12,66.2,27.5,7.5,0.0,0,No Rain
2025-11-11,LOC005,39.18,56.55,1007.83,10.31,102.9,32.0,16.7,0.0,0,No Rain
2025-11-12,LOC005,37.63,56.52,1006.44,14.28,22.3,29.06,13.7,0.0,0,No Rain
2025-11-13,LOC005,35.85,61.71,1010.64,17.85,61.3,24.62,7.8,0.0,0,No Rain
2025-11-14,LOC005,37.65,60.43,1007.12,13.53,66.7,29.0,28.5,15.5,0,Light
2025-11-15,LOC005,37.88,56.85,1006.41,17.4,26.8,30.54,5.8,0.0,0,No Rain
2025-11-16,LOC005,35.42,56.69,1008.05,16.12,85.1,26.26,0.5,0.0,0,No Rain
2025-11-17,LOC005,35.24,50.51,1007.79,11.44,55.3,25.3,10.4,0.0,0,No Rain
2025-11-18,LOC005,33.97,61.1,1005.22,11.42,80.4,24.72,24.7,0.0,0,No Rain
2025-11-19,LOC005,34.11,53.82,1003.78,12.64,111.8,24.34,32.2,0.0,0,No Rain
2025-11-20,LOC005,37.33,57.78,1008.94,15.08,100.1,28.65,24.5,0.0,0,No Rain
2025-11-21,LOC005,36.74,56.99,1006.28,11.5,352.7,29.24,16.5,0.0,0,No Rain
2025-11-22,LOC005,35.79,57.24,1005.08,10.76,74.6,26.11,47.9,0.0,0,No Rain
2025-11-23,LOC005,39.6,50.45,1008.9,10.42,114.6,29.49,12.4,0.0,0,No Rain
2025-11-24,LOC005,35.96,56.6,1006.07,17.27,69.2,29.4,23.4,0.0,0,No Rain
2025-11-25,LOC005,34.44,53.56,1008.87,17.7,97.2,25.98,23.1,0.0,0,No Rain
2025-11-26,LOC005,35.9,61.64,1006.62,14.29,155.6,27.53,14.7,0.0,0,No Rain
2025-11-27,LOC005,35.8,62.33,1006.95,18.66,125.4,27.62,15.6,0.0,0,No Rain
2025-11-28,LOC005,38.79,53.74,1005.27,13.03,131.3,29.89,14.3,0.0,0,No Rain
2025-11-29,LOC005,39.0,60.63,1005.91,13.99,16.5,32.0,36.5,0.0,0,No Rain
2025-11-30,LOC005,36.72,60.86,1004.16,10.1,103.1,30.12,16.7,0.0,0,No Rain
2025-12-01,LOC005,36.36,56.69,1003.56,20.11,25.3,28.55,11.9,0.88,0,Light
2025-12-02,LOC005,37.53,47.68,1009.37,11.57,116.1,27.14,0.0,0.0,0,No Rain
2025-12-03,LOC005,36.82,50.81,1009.06,18.31,36.4,27.04,12.0,0.0,0,No Rain
2025-12-04,LOC005,38.39,63.23,1010.09,10.62,144.3,31.74,14.5,0.0,0,No Rain
2025-12-05,LOC005,39.08,61.66,1003.43,16.66,115.8,32.0,31.1,0.0,0,No Rain
2025-12-06,LOC005,39.0,43.68,1006.34,14.34,354.7,26.98,22.1,0.0,0,No Rain
2025-12-07,LOC005,36.49,49.05,1005.71,14.29,0.6,26.23,29.6,0.0,0,No Rain
2025-12-08,LOC005,36.29,63.0,1006.07,15.05,77.7,29.08,14.9,0.0,0,No Rain
2025-12-09,LOC005,37.34,52.58,1010.12,13.11,45.0,27.64,4.7,0.0,0,No Rain
2025-12-10,LOC005,36.9,58.53,1004.82,13.45,25.2,27.53,7.4,0.0,0,No Rain
2025-12-11,LOC005,34.89,40.22,1007.37,12.89,79.5,22.54,3.0,0.0,0,No Rain
2025-12-12,LOC005,36.4,58.89,1009.42,11.46,146.2,27.68,16.5,0.0,0,No Rain
2025-12-13,LOC005,38.6,49.02,1008.15,14.8,103.3,27.42,0.0,0.0,0,No Rain
2025-12-14,LOC005,40.56,48.92,1010.54,15.36,82.9,31.29,0.0,0.0,0,No Rain
2025-12-15,LOC005,34.06,56.21,1006.47,13.98,204.1,25.16,22.4,0.0,0,No Rain
2025-12-16,LOC005,39.22,48.32,1004.61,10.92,44.2,28.56,20.5,0.0,0,No Rain
2025-12-17,LOC005,37.06,56.49,1004.42,10.27,59.0,28.71,24.9,0.0,0,No Rain
2025-12-18,LOC005,34.86,50.15,1004.92,15.24,75.9,25.25,4.5,0.0,0,No Rain
2025-12-19,LOC005,37.5,59.02,1007.45,12.9,52.2,28.35,19.8,0.0,0,No Rain
2025-12-20,LOC005,35.42,44.47,1003.1,15.67,334.1,25.53,23.8,0.0,0,No Rain
2025-12-21,LOC005,34.89,52.87,1005.25,10.98,28.1,26.53,16.5,0.0,0,No Rain
2025-12-22,LOC005,37.32,52.85,1005.58,22.95,50.3,27.89,12.3,0.0,0,No Rain
2025-12-23,LOC005,33.01,66.06,1008.25,15.26,41.7,27.0,21.2,0.0,0,No Rain
2025-12-24,LOC005,35.91,53.0,1002.06,12.1,59.4,26.99,17.3,0.0,0,No Rain
2025-12-25,LOC005,33.74,68.41,1005.45,10.01,53.3,27.33,24.9,33.84,0,Moderate
2025-12-26,LOC005,36.86,34.8,1009.06,11.6,72.3,22.59,25.9,0.0,0,No Rain
2025-12-27,LOC005,31.75,53.04,1006.98,11.0,83.5,21.9,34.9,0.0,0,No Rain
2025-12-28,LOC005,36.92,57.8,1008.26,11.88,120.5,28.64,17.8,0.0,0,No Rain
2025-12-29,LOC005,37.72,57.41,1008.43,20.08,33.8,30.12,8.6,0.0,0,No Rain
2025-12-30,LOC005,36.09,57.29,1008.6,18.92,82.2,27.61,14.2,0.0,0,No Rain
2025-12-31,LOC005,33.68,45.74,1005.33,14.35,111.4,22.67,11.1,0.0,0,No Rain
2024-01-01,LOC006,36.06,71.69,1009.67,13.3,229.1,28.3,14.2,4.51,0,Light
2024-01-02,LOC006,39.12,68.91,1011.23,14.27,243.2,32.0,27.7,0.0,0,No Rain
2024-01-03,LOC006,37.6,59.95,1011.26,17.28,200.2,29.43,0.0,0.0,0,No Rain
2024-01-04,LOC006,37.27,66.65,1004.79,11.4,236.7,30.89,9.1,0.0,0,No Rain
2024-01-05,LOC006,36.99,68.16,1010.7,10.89,216.9,31.12,11.1,0.0,0,No Rain
2024-01-06,LOC006,35.81,61.3,1017.58,12.22,198.5,28.15,13.2,0.0,0,No Rain
2024-01-07,LOC006,35.06,62.38,1015.09,14.72,304.3,27.46,19.0,0.0,0,No Rain
2024-01-08,LOC006,36.76,74.88,1015.38,13.52,279.5,31.75,0.5,0.0,0,No Rain
2024-01-09,LOC006,35.92,68.36,1011.29,10.47,182.4,29.13,23.8,0.0,0,No Rain
2024-01-10,LOC006,35.89,74.35,1009.24,10.56,208.6,31.17,7.3,0.0,0,No Rain
2024-01-11,LOC006,34.9,66.31,1014.72,10.99,215.1,28.55,25.1,0.0,0,No Rain
2024-01-12,LOC006,35.61,63.58,1015.47,14.29,267.1,28.94,11.3,0.0,0,No Rain
2024-01-13,LOC006,39.88,66.48,1009.69,25.95,195.2,32.0,16.5,0.0,0,No Rain
2024-01-14,LOC006,37.35,64.46,1012.94,10.33,220.6,30.44,45.0,0.65,0,Light
2024-01-15,LOC006,39.55,62.09,1006.21,10.56,263.5,31.59,0.0,0.0,0,No Rain
2024-01-16,LOC006,33.9,57.03,1009.45,13.18,212.2,25.55,21.4,0.0,0,No Rain
2024-01-17,LOC006,36.22,64.86,1015.34,12.55,210.3,28.59,7.2,0.0,0,No Rain
2024-01-18,LOC006,35.77,65.01,1007.98,10.87,209.2,29.52,19.3,0.0,0,No Rain
2024-01-19,LOC006,38.04,67.64,1014.89,14.62,196.2,30.64,24.1,0.0,0,No Rain
2024-01-20,LOC006,35.13,63.84,1011.26,16.92,269.7,27.65,25.7,0.0,0,No Rain
2024-01-21,LOC006,35.0,67.81,1015.14,10.96,214.1,29.25,22.0,0.0,0,No Rain
2024-01-22,LOC006,33.67,71.67,1013.77,10.88,309.0,27.41,2.8,0.0,0,No Rain
2024-01-23,LOC006,32.81,66.02,1013.78,10.53,182.6,26.24,31.6,0.0,0,No Rain
2024-01-24,LOC006,33.93,63.6,1008.48,10.32,263.5,26.45,20.1,0.0,0,No Rain
2024-01-25,LOC006,31.87,69.07,1007.71,19.84,182.8,25.09,0.0,30.06,0,Moderate
2024-01-26,LOC006,36.98,70.14,1014.42,11.09,268.4,32.0,6.8,0.0,0,No Rain
2024-01-27,LOC006,36.59,66.4,1013.29,15.74,214.4,29.84,2.6,0.0,0,No Rain
2024-01-28,LOC006,35.21,64.2,1007.8,18.59,159.5,28.46,24.9,0.0,0,No Rain
2024-01-29,LOC006,34.88,63.66,1011.22,11.07,241.5,28.4,13.9,0.0,0,No Rain
2024-01-30,LOC006,36.11,63.7,1011.81,17.89,176.3,28.52,11.8,0.0,0,No Rain
2024-01-31,LOC006,32.94,76.36,1012.94,13.18,281.4,27.38,14.6,0.0,0,No Rain
2024-02-01,LOC006,32.01,68.75,1011.79,11.38,258.0,25.18,3.7,0.0,0,No Rain
2024-02-02,LOC006,33.49,65.98,1011.66,10.68,151.3,26.66,2.5,0.0,0,No Rain
2024-02-03,LOC006,38.19,59.81,1010.93,14.83,219.0,29.0,2.9,0.0,0,No Rain
2024-02-04,LOC006,33.75,69.15,1012.49,13.42,172.1,28.19,22.5,0.0,0,No Rain
2024-02-05,LOC006,35.47,68.9,1014.79,20.06,244.3,29.17,4.3,0.0,0,No Rain
2024-02-06,LOC006,32.41,68.7,1013.23,18.46,200.2,28.09,17.5,0.0,0,No Rain
2024-02-07,LOC006,34.18,78.48,1012.44,11.31,253.8,30.35,28.7,0.0,0,No Rain
2024-02-08,LOC006,33.61,67.75,1014.57,10.11,239.7,26.8,17.5,0.0,0,No Rain
2024-02-09,LOC006,35.89,59.9,1012.25,12.6,280.1,29.49,7.4,0.0,0,No Rain
2024-02-10,LOC006,34.87,73.34,1010.2,10.78,229.8,29.83,18.2,0.0,0,No Rain
2024-02-11,LOC006,31.11,78.3,1011.65,11.83,215.3,25.89,0.0,0.0,0,No Rain
2024-02-12,LOC006,36.42,52.94,1011.69,11.17,255.7,26.27,20.7,0.0,0,No Rain
2024-02-13,LOC006,34.06,71.64,1009.12,10.19,19.1,29.01,16.1,0.0,0,No Rain
2024-02-14,LOC006,33.67,64.84,1009.44,12.43,169.7,26.31,0.0,0.0,0,No Rain
2024-02-15,LOC006,30.15,70.72,1015.36,12.02,184.9,24.9,17.6,0.0,0,No Rain
2024-02-16,LOC006,33.42,75.25,1009.74,18.6,250.8,27.9,14.2,0.0,0,No Rain
2024-02-17,LOC006,31.0,64.41,1009.77,12.76,289.9,23.9,24.2,0.0,0,No Rain
2024-02-18,LOC006,31.51,70.81,1012.01,11.3,208.9,24.98,20.9,0.0,0,No Rain
2024-02-19,LOC006,29.28,57.52,1012.63,12.27,235.4,20.78,7.6,0.0,0,No Rain
2024-02-20,LOC006,28.74,67.12,1012.14,11.35,184.7,22.8,23.4,0.0,0,No Rain
2024-02-21,LOC006,31.23,63.33,1009.98,12.63,277.7,24.48,18.2,0.0,0,No Rain
2024-02-22,LOC006,31.61,64.67,1011.38,10.81,201.8,23.13,0.0,0.0,0,No Rain
2024-02-23,LOC006,31.09,66.29,1009.78,17.01,294.3,24.16,14.1,0.0,0,No Rain
2024-02-24,LOC006,32.65,68.09,1015.75,10.16,287.5,26.03,25.7,0.0,0,No Rain
2024-02-25,LOC006,31.23,56.68,1009.59,11.21,221.2,21.9,10.9,0.0,0,No Rain
2024-02-26,LOC006,34.9,61.93,1008.22,14.5,194.0,27.47,11.9,0.5,0,Light
2024-02-27,LOC006,34.1,53.88,1014.72,12.54,225.3,24.65,14.7,0.0,0,No Rain
2024-02-28,LOC006,28.97,59.42,1013.99,16.72,194.3,18.82,5.9,0.0,0,No Rain
2024-02-29,LOC006,29.02,64.34,1011.99,10.46,304.0,22.29,7.2,0.0,0,No Rain
2024-03-01,LOC006,32.26,59.62,1011.79,13.68,283.9,23.38,17.9,0.0,0,No Rain
2024-03-02,LOC006,31.69,54.9,1011.85,11.39,243.2,22.39,32.6,0.0,0,No Rain
2024-03-03,LOC006,30.2,62.78,1009.92,15.21,245.7,22.62,14.0,0.0,0,No Rain
2024-03-04,LOC006,35.58,59.8,1012.98,15.17,275.8,28.33,20.2,0.0,0,No Rain
2024-03-05,LOC006,31.89,61.85,1013.4,12.08,177.5,23.41,19.1,0.0,0,No Rain
2024-03-06,LOC006,31.62,71.5,1006.21,20.99,203.8,25.66,11.9,0.0,0,No Rain
2024-03-07,LOC006,27.83,51.0,1012.43,17.3,250.1,18.63,16.1,37.12,0,Moderate
2024-03-08,LOC006,30.6,55.56,1012.37,25.13,229.1,22.54,17.4,0.0,0,No Rain
2024-03-09,LOC006,29.91,68.0,1009.4,11.74,281.5,24.51,13.9,0.0,0,No Rain
2024-03-10,LOC006,33.12,71.46,1012.02,14.03,255.9,28.65,22.0,0.0,0,No Rain
2024-03-11,LOC006,32.68,74.33,1013.1,17.74,216.0,27.42,11.8,0.0,0,No Rain
2024-03-12,LOC006,31.79,59.71,1010.63,14.5,206.0,24.57,0.0,0.0,0,No Rain
2024-03-13,LOC006,31.36,47.5,1011.19,14.72,174.1,20.46,7.5,16.84,0,Moderate
2024-03-14,LOC006,28.64,60.71,1010.69,14.66,204.1,20.37,15.0,0.0,0,No Rain
2024-03-15,LOC006,28.29,65.4,1009.91,13.59,223.4,20.95,18.4,0.0,0,No Rain
2024-03-16,LOC006,30.0,61.66,1009.6,12.55,318.0,23.09,14.0,0.0,0,No Rain
2024-03-17,LOC006,31.9,58.61,1013.01,10.08,220.1,24.16,14.3,3.2,0,Light
2024-03-18,LOC006,27.87,75.92,1013.97,12.27,175.1,23.86,0.0,0.0,0,No Rain
2024-03-19,LOC006,27.22,64.09,1011.4,13.08,268.8,20.15,1.9,0.0,0,No Rain
2024-03-20,LOC006,30.03,64.55,1014.17,11.01,285.0,24.03,20.7,0.0,0,No Rain
2024-03-21,LOC006,27.59,63.55,1006.2,12.96,177.4,21.72,0.0,0.0,0,No Rain
2024-03-22,LOC006,30.09,57.01,1013.15,10.29,209.7,23.43,24.4,0.0,0,No Rain
2024-03-23,LOC006,28.17,62.09,1015.33,11.69,259.8,20.63,14.1,0.0,0,No Rain
2024-03-24,LOC006,32.26,62.35,1007.65,10.15,182.1,22.51,17.1,0.0,0,No Rain
2024-03-25,LOC006,33.25,57.79,1007.23,10.91,293.9,24.08,23.4,0.0,0,No Rain
2024-03-26,LOC006,28.65,64.74,1008.61,14.12,242.7,21.98,2.7,0.0,0,No Rain
2024-03-27,LOC006,30.35,67.17,1015.07,14.16,247.7,23.22,16.4,0.0,0,No Rain
2024-03-28,LOC006,32.72,65.31,1015.24,20.03,248.3,26.94,20.4,0.0,0,No Rain
2024-03-29,LOC006,28.66,77.59,1012.84,10.87,192.3,23.35,8.7,0.0,0,No Rain
2024-03-30,LOC006,29.58,50.86,1012.83,12.88,202.1,18.31,22.3,0.0,0,No Rain
2024-03-31,LOC006,31.45,70.2,1013.1,31.29,302.1,25.33,21.9,0.0,0,No Rain
2024-04-01,LOC006,32.3,62.74,1008.09,10.84,241.4,25.51,0.0,0.0,0,No Rain
2024-04-02,LOC006,27.2,66.37,1012.69,10.33,189.9,20.03,22.1,0.0,0,No Rain
2024-04-03,LOC006,30.29,75.79,1010.6,11.9,153.0,26.28,39.4,0.0,0,No Rain
2024-04-04,LOC006,27.53,57.27,1011.88,17.22,271.0,18.61,2.9,0.0,0,No Rain
2024-04-05,LOC006,28.6,61.62,1012.23,10.05,185.1,19.92,3.2,2.29,0,Light
2024-04-06,LOC006,29.33,59.7,1005.47,12.65,231.4,20.17,0.0,0.0,0,No Rain
2024-04-07,LOC006,30.64,66.61,1011.47,16.47,197.7,24.87,7.2,0.0,0,No Rain
2024-04-08,LOC006,31.02,69.69,1014.46,12.49,167.7,24.11,2.2,0.0,0,No Rain
2024-04-09,LOC006,28.66,59.81,1012.53,10.18,200.0,21.55,22.2,0.0,0,No Rain
2024-04-10,LOC006,26.68,74.5,1010.45,13.26,216.0,21.28,11.6,0.0,0,No Rain
2024-04-11,LOC006,28.15,59.03,1007.09,18.4,201.0,21.61,0.0,0.0,0,No Rain
2024-04-12,LOC006,30.54,58.42,1007.19,10.36,248.8,21.99,19.9,0.0,0,No Rain
2024-04-13,LOC006,28.15,74.44,1009.87,13.03,302.6,24.34,22.4,0.0,0,No Rain
2024-04-14,LOC006,30.18,64.44,1013.13,10.08,209.2,22.95,3.4,0.0,0,No Rain
2024-04-15,LOC006,28.77,61.88,1014.9,10.85,237.8,22.22,9.1,0.0,0,No Rain
2024-04-16,LOC006,27.28,66.87,1014.15,12.77,226.3,21.36,19.9,0.0,0,No Rain
2024-04-17,LOC006,27.44,57.66,1009.39,13.3,250.6,19.99,11.2,0.0,0,No Rain
2024-04-18,LOC006,28.99,59.48,1013.09,10.44,202.2,20.58,15.4,0.0,0,No Rain
2024-04-19,LOC006,30.93,70.06,1013.69,11.32,257.5,25.05,23.8,0.0,0,No Rain
2024-04-20,LOC006,24.78,61.33,1010.0,15.68,191.5,16.85,0.6,0.0,0,No Rain
2024-04-21,LOC006,30.11,69.2,1011.32,10.89,266.7,24.15,16.3,3.12,0,Light
2024-04-22,LOC006,29.15,59.43,1013.93,13.49,237.3,21.98,26.9,13.67,0,Light
2024-04-23,LOC006,28.27,61.57,1012.73,11.78,213.1,19.27,2.8,8.57,0,Light
2024-04-24,LOC006,31.51,68.21,1009.24,19.66,201.8,24.89,11.2,0.0,0,No Rain
2024-04-25,LOC006,29.11,58.03,1011.5,11.98,214.6,19.34,28.4,0.0,0,No Rain
2024-04-26,LOC006,26.26,66.25,1012.75,11.66,250.1,20.28,27.0,0.0,0,No Rain
2024-04-27,LOC006,25.3,62.28,1010.5,15.01,236.1,20.42,12.4,0.0,0,No Rain
2024-04-28,LOC006,24.78,67.55,1013.89,18.98,217.9,17.44,14.2,0.0,0,No Rain
2024-04-29,LOC006,25.1,74.47,1012.7,10.43,273.3,20.3,19.0,0.0,0,No Rain
2024-04-30,LOC006,28.76,66.52,1011.13,14.67,132.2,22.9,21.7,0.0,0,No Rain
2024-05-01,LOC006,26.91,64.96,1013.69,35.21,232.1,18.97,19.1,0.0,0,No Rain
2024-05-02,LOC006,23.59,62.31,1010.74,12.55,244.4,15.5,16.5,0.0,0,No Rain
2024-05-03,LOC006,30.25,60.06,1007.94,18.26,224.3,21.72,22.0,4.75,0,Light
2024-05-04,LOC006,28.37,57.85,1009.85,16.47,170.7,19.34,13.0,0.0,0,No Rain
2024-05-05,LOC006,24.83,64.26,1012.28,12.41,239.5,18.49,10.4,0.0,0,No Rain
2024-05-06,LOC006,26.67,64.27,1004.99,14.74,234.3,19.78,5.6,0.0,0,No Rain
2024-05-07,LOC006,24.56,62.24,1007.63,18.52,277.4,18.47,37.4,0.0,0,No Rain
2024-05-08,LOC006,24.88,72.08,1013.54,11.31,241.7,20.44,13.8,3.33,0,Light
2024-05-09,LOC006,27.84,69.17,1012.92,10.99,161.7,21.9,10.4,7.95,0,Light
2024-05-10,LOC006,27.7,68.16,1014.4,11.06,210.2,21.11,39.9,0.0,0,No Rain
2024-05-11,LOC006,27.81,61.8,1013.66,13.11,305.4,21.55,13.3,0.0,0,No Rain
2024-05-12,LOC006,27.36,82.17,1012.62,13.56,203.8,23.84,9.0,0.0,0,No Rain
2024-05-13,LOC006,28.23,65.17,1006.23,17.22,208.2,21.63,19.5,0.0,0,No Rain
2024-05-14,LOC006,25.8,65.0,1012.85,13.65,203.7,19.47,18.9,0.0,0,No Rain
2024-05-15,LOC006,28.24,75.83,1011.48,17.08,123.0,24.41,21.4,0.0,0,No Rain
2024-05-16,LOC006,25.84,64.87,1010.54,15.0,201.8,18.44,18.2,0.0,0,No Rain
2024-05-17,LOC006,22.81,66.01,1005.36,17.58,262.7,15.25,2.1,0.0,0,No Rain
2024-05-18,LOC006,25.35,64.83,1014.93,10.9,286.2,17.89,29.5,0.0,0,No Rain
2024-05-19,LOC006,25.03,62.47,1010.96,17.93,203.8,18.31,24.2,0.0,0,No Rain
2024-05-20,LOC006,23.45,65.83,1011.67,15.81,211.0,15.49,24.2,0.0,0,No Rain
2024-05-21,LOC006,25.0,68.68,1013.09,14.99,243.3,19.51,26.0,0.0,0,No Rain
2024-05-22,LOC006,26.53,72.71,1010.35,10.81,210.9,22.85,14.4,0.0,0,No Rain
2024-05-23,LOC006,24.72,61.34,1012.87,16.19,220.3,17.13,25.0,0.0,0,No Rain
2024-05-24,LOC006,26.79,66.25,1008.19,13.33,298.7,19.17,15.8,0.0,0,No Rain
2024-05-25,LOC006,25.82,54.85,1012.49,22.04,216.0,15.93,21.6,0.0,0,No Rain
2024-05-26,LOC006,23.6,66.93,1014.48,16.81,211.1,16.47,5.2,0.0,0,No Rain
2024-05-27,LOC006,25.69,70.32,1008.71,10.74,310.7,19.26,22.4,0.0,0,No Rain
2024-05-28,LOC006,25.8,55.06,1011.95,17.18,222.1,17.54,5.6,0.0,0,No Rain
2024-05-29,LOC006,26.74,72.89,1011.47,12.96,217.1,21.25,16.1,0.0,0,No Rain
2024-05-30,LOC006,29.82,71.42,1009.36,13.88,241.7,25.26,13.4,0.0,0,No Rain
2024-05-31,LOC006,26.23,68.77,1012.27,11.04,226.8,20.14,30.8,0.0,0,No Rain
2024-06-01,LOC006,26.87,74.9,1007.94,20.01,222.3,20.91,34.6,16.0,0,Moderate
2024-06-02,LOC006,24.18,87.07,1001.27,15.46,198.5,21.85,36.0,0.0,0,No Rain
2024-06-03,LOC006,22.98,76.42,1003.93,19.8,287.5,17.78,45.5,0.0,0,No Rain
2024-06-04,LOC006,25.49,75.8,1005.76,14.88,219.8,19.26,45.9,0.84,0,Light
2024-06-05,LOC006,25.28,79.9,1008.29,16.35,240.8,20.92,38.5,0.0,0,No Rain
2024-06-06,LOC006,24.79,72.03,1005.65,18.08,225.0,19.06,38.8,0.0,0,No Rain
2024-06-07,LOC006,23.03,78.96,1011.12,18.33,202.1,18.93,50.1,15.5,0,Light
2024-06-08,LOC006,26.53,71.36,1012.61,16.58,243.5,19.98,26.8,16.0,0,Moderate
2024-06-09,LOC006,21.86,57.04,1008.24,22.52,175.8,13.19,34.5,0.0,0,No Rain
2024-06-10,LOC006,24.27,78.65,1005.73,18.27,202.5,19.7,35.1,2.94,0,Light
2024-06-11,LOC006,30.81,72.54,1009.73,16.04,244.8,26.29,35.5,0.0,0,No Rain
2024-06-12,LOC006,25.5,73.25,1005.7,17.47,217.9,19.45,59.6,45.06,0,Moderate
2024-06-13,LOC006,28.7,81.26,1012.04,17.62,235.9,25.13,35.6,65.0,1,Heavy
2024-06-14,LOC006,26.27,68.47,1004.64,21.83,241.9,19.59,52.1,0.0,0,No Rain
2024-06-15,LOC006,24.9,78.95,1000.42,16.43,181.7,19.86,42.4,0.0,0,No Rain
2024-06-16,LOC006,24.85,74.82,1008.78,25.92,202.4,20.58,39.1,14.3,0,Light
2024-06-17,LOC006,24.77,73.6,1011.29,15.95,268.4,19.89,46.9,1.77,0,Light
2024-06-18,LOC006,25.39,76.65,1013.74,19.54,265.0,19.64,54.7,0.0,0,No Rain
2024-06-19,LOC006,25.55,83.56,1005.2,21.7,243.4,22.14,20.6,0.0,0,No Rain
2024-06-20,LOC006,28.52,70.73,1006.73,16.42,144.5,22.15,39.7,21.93,0,Moderate
2024-06-21,LOC006,26.16,73.92,1007.24,16.55,180.3,21.21,43.5,0.0,0,No Rain
2024-06-22,LOC006,31.74,82.16,1005.69,16.78,145.1,27.52,40.2,0.0,0,No Rain
2024-06-23,LOC006,25.49,80.75,1007.29,17.36,233.1,22.32,38.6,0.0,0,No Rain
2024-06-24,LOC006,26.11,71.12,1004.38,18.15,292.5,21.52,21.7,0.0,0,No Rain
2024-06-25,LOC006,26.22,67.01,1002.38,16.02,266.6,19.59,42.0,0.0,0,No Rain
2024-06-26,LOC006,24.87,75.78,1006.65,22.64,148.1,20.37,27.0,0.5,0,Light
2024-06-27,LOC006,23.16,78.99,999.43,15.3,257.1,19.64,43.7,4.65,0,Light
2024-06-28,LOC006,28.26,66.78,1008.04,16.38,188.9,21.91,46.4,115.86,1,Very/Extremely Heavy
2024-06-29,LOC006,25.13,90.63,1005.85,16.39,194.5,24.38,28.3,0.0,0,No Rain
2024-06-30,LOC006,26.02,75.55,1011.17,22.16,227.9,20.51,40.6,0.0,0,No Rain
2024-07-01,LOC006,25.08,99.0,1002.91,23.88,227.4,26.37,76.8,1.16,0,Light
2024-07-02,LOC006,25.54,99.0,997.77,25.52,152.6,25.53,85.3,12.03,0,Light
2024-07-03,LOC006,26.68,80.45,997.3,23.51,240.7,23.29,87.9,0.0,0,No Rain
2024-07-04,LOC006,25.77,98.89,999.36,25.71,193.8,26.76,85.1,64.0,0,Moderate
2024-07-05,LOC006,30.81,99.0,999.88,23.51,289.2,30.7,100.0,19.98,0,Moderate
2024-07-06,LOC006,21.86,84.93,998.8,25.98,206.7,18.77,97.3,9.09,0,Light
2024-07-07,LOC006,28.69,94.89,1000.04,27.52,289.5,27.45,68.0,17.51,0,Moderate
2024-07-08,LOC006,25.04,95.5,1001.11,40.53,266.6,24.57,81.7,15.5,0,Light
2024-07-09,LOC006,26.14,99.0,999.28,24.73,220.7,25.4,66.8,16.0,0,Moderate
2024-07-10,LOC006,23.71,90.15,1000.56,24.05,201.9,21.0,85.0,2.22,0,Light
2024-07-11,LOC006,24.57,93.8,998.21,23.4,280.2,23.97,81.8,7.97,0,Light
2024-07-12,LOC006,28.44,86.23,998.51,23.34,223.3,26.58,100.0,15.5,0,Light
2024-07-13,LOC006,24.66,99.0,1003.82,25.9,257.5,23.83,100.0,1.12,0,Light
2024-07-14,LOC006,24.32,96.12,1003.84,25.11,218.4,22.94,73.6,10.64,0,Light
2024-07-15,LOC006,20.86,87.42,1003.1,28.0,191.3,17.65,97.7,1.57,0,Light
2024-07-16,LOC006,23.78,95.71,1002.36,23.46,181.0,22.27,86.0,0.0,0,No Rain
2024-07-17,LOC006,27.67,87.24,1006.03,26.74,172.5,26.38,83.0,37.22,0,Moderate
2024-07-18,LOC006,27.36,87.46,1000.36,24.72,185.6,23.11,81.0,16.0,0,Moderate
2024-07-19,LOC006,31.94,89.29,1001.47,27.12,192.4,29.71,77.7,6.39,0,Light
2024-07-20,LOC006,27.34,99.0,1003.01,24.79,175.5,28.43,70.5,15.5,0,Light
2024-07-21,LOC006,27.75,93.37,1000.39,25.42,236.8,27.7,100.0,7.72,0,Light
2024-07-22,LOC006,26.97,93.35,994.13,26.46,238.1,26.01,79.0,4.34,0,Light
2024-07-23,LOC006,27.74,99.0,1001.44,27.07,281.1,27.34,79.9,71.68,1,Heavy
2024-07-24,LOC006,25.86,86.84,1003.13,28.75,229.1,23.54,85.6,1.04,0,Light
2024-07-25,LOC006,26.62,99.0,1004.49,26.45,274.7,26.35,66.4,6.46,0,Light
2024-07-26,LOC006,25.89,89.83,999.8,26.83,229.7,24.55,61.3,3.13,0,Light
2024-07-27,LOC006,28.39,99.0,997.77,27.79,233.0,27.33,79.9,2.4,0,Light
2024-07-28,LOC006,25.92,94.29,996.15,26.48,198.9,25.68,81.1,2.22,0,Light
2024-07-29,LOC006,28.22,92.56,1003.9,23.43,268.2,27.26,82.2,16.0,0,Moderate
2024-07-30,LOC006,27.64,91.18,1002.34,23.49,211.5,25.29,85.7,116.76,1,Very/Extremely Heavy
2024-07-31,LOC006,25.38,98.48,1000.5,27.46,213.7,25.44,76.6,25.89,0,Moderate
2024-08-01,LOC006,28.06,82.14,997.97,33.68,211.0,25.18,89.3,42.33,0,Moderate
2024-08-02,LOC006,28.43,90.38,998.01,27.23,259.0,27.86,73.7,53.78,0,Moderate
2024-08-03,LOC006,24.76,98.66,998.66,24.24,156.9,24.71,84.6,0.87,0,Light
2024-08-04,LOC006,27.94,90.52,1000.26,27.66,250.7,27.66,86.3,5.92,0,Light
2024-08-05,LOC006,29.05,99.0,1001.12,23.46,239.5,28.13,74.1,19.22,0,Moderate
2024-08-06,LOC006,29.33,99.0,1001.9,25.82,219.5,28.92,68.8,2.01,0,Light
2024-08-07,LOC006,28.99,97.01,1004.32,26.26,198.3,29.43,78.3,0.0,0,No Rain
2024-08-08,LOC006,25.53,98.04,994.0,24.46,237.3,23.08,67.8,6.41,0,Light
2024-08-09,LOC006,24.75,88.18,1004.81,23.77,294.7,23.04,83.6,5.21,0,Light
2024-08-10,LOC006,28.98,97.83,996.23,23.56,189.2,28.29,77.8,59.63,0,Moderate
2024-08-11,LOC006,31.18,92.7,1000.19,25.02,251.0,30.29,85.1,0.84,0,Light
2024-08-12,LOC006,25.34,99.0,1004.78,35.49,221.4,24.42,78.5,0.5,0,Light
2024-08-13,LOC006,30.28,83.92,999.72,26.48,282.4,28.09,72.7,4.16,0,Light
2024-08-14,LOC006,26.9,97.96,1000.41,23.78,238.1,25.32,90.4,19.21,0,Moderate
2024-08-15,LOC006,27.94,99.0,1002.42,27.25,227.9,28.84,92.7,46.65,0,Moderate
2024-08-16,LOC006,27.63,99.0,1000.02,23.91,152.7,26.47,80.8,0.0,0,No Rain
2024-08-17,LOC006,29.56,89.92,1003.46,31.55,191.2,26.5,70.8,11.16,0,Light
2024-08-18,LOC006,27.67,94.9,1000.91,28.35,252.4,26.74,71.6,0.81,0,Light
2024-08-19,LOC006,30.19,99.0,1001.76,27.6,221.0,30.13,87.9,3.0,0,Light
2024-08-20,LOC006,26.77,99.0,1000.67,23.46,146.9,26.49,85.4,7.42,0,Light
2024-08-21,LOC006,29.76,99.0,996.35,25.78,233.8,28.34,96.4,45.92,0,Moderate
2024-08-22,LOC006,30.89,99.0,998.12,23.62,213.4,29.74,81.7,10.53,0,Light
2024-08-23,LOC006,29.28,88.56,997.01,24.55,196.7,27.33,89.5,0.0,0,No Rain
2024-08-24,LOC006,29.28,89.71,1000.43,24.74,263.3,25.0,67.5,2.06,0,Light
2024-08-25,LOC006,31.55,91.72,997.38,34.46,247.2,30.53,93.3,6.44,0,Light
2024-08-26,LOC006,27.15,94.75,998.3,24.42,210.0,26.92,83.8,1.99,0,Light
2024-08-27,LOC006,27.1,99.0,1001.08,24.59,197.5,25.81,100.0,16.0,0,Moderate
2024-08-28,LOC006,31.12,91.16,1000.98,32.17,181.3,29.67,90.0,37.04,0,Moderate
2024-08-29,LOC006,32.74,92.4,996.74,25.69,181.3,32.0,65.5,16.0,0,Moderate
2024-08-30,LOC006,34.11,93.01,1002.37,24.08,210.7,32.0,80.3,0.0,0,No Rain
2024-08-31,LOC006,27.82,97.68,996.83,24.88,295.6,28.96,91.0,75.46,1,Heavy
2024-09-01,LOC006,33.57,80.1,1012.38,15.26,184.0,29.79,55.3,0.0,0,No Rain
2024-09-02,LOC006,30.12,78.73,1001.95,28.71,231.3,26.44,30.5,0.0,0,No Rain
2024-09-03,LOC006,29.38,78.46,1008.65,16.26,257.2,25.45,27.5,0.0,0,No Rain
2024-09-04,LOC006,30.79,78.31,1004.41,18.73,199.7,27.61,29.0,0.0,0,No Rain
2024-09-05,LOC006,33.47,83.85,1001.41,15.23,166.3,30.6,8.5,0.0,0,No Rain
2024-09-06,LOC006,29.87,74.37,1004.69,15.06,277.4,25.2,30.0,0.0,0,No Rain
2024-09-07,LOC006,34.62,72.77,1004.08,17.96,228.4,29.55,36.2,15.5,0,Light
2024-09-08,LOC006,31.89,68.88,1005.61,16.03,137.7,25.91,57.8,2.65,0,Light
2024-09-09,LOC006,31.33,83.07,1000.0,18.19,310.8,28.66,38.4,0.0,0,No Rain
2024-09-10,LOC006,33.2,71.1,1002.74,17.57,199.2,26.05,39.1,0.0,0,No Rain
2024-09-11,LOC006,29.54,68.82,1009.63,16.27,197.3,22.58,53.6,0.0,0,No Rain
2024-09-12,LOC006,32.31,74.57,1006.92,25.48,209.9,26.77,50.3,0.0,0,No Rain
2024-09-13,LOC006,31.51,77.08,1013.73,35.4,279.2,27.27,29.9,0.0,0,No Rain
2024-09-14,LOC006,34.94,69.8,1003.05,17.89,256.6,27.82,30.8,0.0,0,No Rain
2024-09-15,LOC006,35.16,86.83,1000.44,19.28,171.9,31.65,31.0,0.0,0,No Rain
2024-09-16,LOC006,32.42,80.52,1006.4,15.95,210.3,28.43,23.5,0.0,0,No Rain
2024-09-17,LOC006,29.4,80.87,1007.45,15.07,252.3,25.28,36.9,0.0,0,No Rain
2024-09-18,LOC006,33.96,89.55,1006.5,15.91,244.4,31.05,45.3,0.0,0,No Rain
2024-09-19,LOC006,33.61,68.94,1006.26,16.61,189.8,28.0,34.8,0.0,0,No Rain
2024-09-20,LOC006,32.65,82.26,1011.43,15.53,237.0,30.1,45.7,0.0,0,No Rain
2024-09-21,LOC006,32.96,63.56,1005.44,21.58,208.3,25.31,33.7,0.0,0,No Rain
2024-09-22,LOC006,31.69,78.69,1002.67,15.59,191.0,26.31,44.6,0.0,0,No Rain
2024-09-23,LOC006,35.65,87.81,1003.34,18.75,230.1,32.0,44.4,0.0,0,No Rain
2024-09-24,LOC006,33.87,80.84,1003.08,15.83,181.1,29.03,37.6,31.05,0,Moderate
2024-09-25,LOC006,33.25,74.78,1007.63,23.93,241.6,28.44,28.7,10.37,0,Light
2024-09-26,LOC006,33.43,70.4,1004.81,20.83,223.9,26.08,40.1,101.58,1,Heavy
2024-09-27,LOC006,37.49,78.84,1008.58,23.73,248.2,32.0,30.4,22.86,0,Moderate
2024-09-28,LOC006,33.63,76.79,1007.97,35.26,173.8,27.18,29.9,0.0,0,No Rain
2024-09-29,LOC006,33.09,76.63,1008.03,22.1,178.9,29.38,34.7,0.0,0,No Rain
2024-09-30,LOC006,33.01,73.84,1012.4,16.11,233.8,29.19,21.1,0.0,0,No Rain
2024-10-01,LOC006,34.0,66.42,1009.87,13.52,179.3,27.65,17.0,0.0,0,No Rain
2024-10-02,LOC006,38.34,73.25,1013.83,24.96,162.8,31.62,19.1,0.0,0,No Rain
2024-10-03,LOC006,37.14,71.34,1014.77,12.07,202.4,31.27,23.7,0.0,0,No Rain
2024-10-04,LOC006,33.21,62.11,1014.61,13.8,283.1,25.42,24.0,0.0,0,No Rain
2024-10-05,LOC006,34.7,66.23,1011.28,15.32,180.6,29.44,17.6,0.0,0,No Rain
2024-10-06,LOC006,36.72,62.26,1013.44,16.63,236.6,29.02,25.2,0.0,0,No Rain
2024-10-07,LOC006,40.04,70.23,1012.56,12.63,262.5,32.0,6.4,0.0,0,No Rain
2024-10-08,LOC006,36.81,69.76,1012.15,11.74,244.0,30.68,18.8,0.0,0,No Rain
2024-10-09,LOC006,33.92,56.82,1013.66,11.92,227.6,27.04,10.3,0.0,0,No Rain
2024-10-10,LOC006,34.58,78.86,1014.13,11.0,197.7,30.77,11.9,0.0,0,No Rain
2024-10-11,LOC006,36.69,60.64,1015.01,11.3,166.6,28.69,22.6,0.0,0,No Rain
2024-10-12,LOC006,34.08,61.04,1016.76,11.05,241.9,25.08,23.4,0.0,0,No Rain
2024-10-13,LOC006,36.62,68.48,1010.0,13.19,224.2,30.34,18.7,0.0,0,No Rain
2024-10-14,LOC006,34.48,54.06,1012.74,22.62,234.5,25.58,15.3,0.0,0,No Rain
2024-10-15,LOC006,36.55,66.96,1013.0,13.65,269.4,30.54,3.3,0.0,0,No Rain
2024-10-16,LOC006,36.34,62.06,1013.34,12.37,261.9,28.42,15.6,10.31,0,Light
2024-10-17,LOC006,38.08,55.41,1010.01,19.76,235.4,27.53,9.8,0.0,0,No Rain
2024-10-18,LOC006,37.53,74.77,1007.96,13.82,223.7,31.62,23.6,0.0,0,No Rain
2024-10-19,LOC006,36.42,70.99,1013.36,16.25,171.9,31.71,17.4,0.0,0,No Rain
2024-10-20,LOC006,34.39,58.96,1011.94,13.16,269.7,27.1,18.7,0.0,0,No Rain
2024-10-21,LOC006,36.92,73.67,1007.28,11.57,288.7,32.0,9.4,0.0,0,No Rain
2024-10-22,LOC006,36.44,57.32,1012.61,12.19,144.4,27.97,22.7,0.0,0,No Rain
2024-10-23,LOC006,33.6,64.32,1014.27,13.09,264.2,27.5,8.0,0.5,0,Light
2024-10-24,LOC006,39.99,59.26,1010.59,16.82,180.4,32.0,21.7,0.0,0,No Rain
2024-10-25,LOC006,35.61,66.87,1010.2,18.02,221.8,28.09,26.7,0.0,0,No Rain
2024-10-26,LOC006,34.29,65.31,1014.72,11.63,261.5,27.54,8.2,0.0,0,No Rain
2024-10-27,LOC006,34.57,63.88,1013.93,11.07,262.4,27.23,22.3,0.0,0,No Rain
2024-10-28,LOC006,37.29,69.18,1006.93,13.5,194.2,31.5,18.2,0.0,0,No Rain
2024-10-29,LOC006,33.03,80.56,1009.79,11.24,242.5,29.85,10.0,0.0,0,No Rain
2024-10-30,LOC006,37.52,72.68,1010.61,13.68,274.5,31.02,7.6,16.0,0,Moderate
2024-10-31,LOC006,35.31,60.77,1012.78,20.35,238.8,28.83,42.3,0.0,0,No Rain
2024-11-01,LOC006,37.36,70.59,1012.15,10.58,218.4,31.65,32.7,0.0,0,No Rain
2024-11-02,LOC006,39.5,68.42,1012.51,10.19,258.3,32.0,19.9,0.0,0,No Rain
2024-11-03,LOC006,39.59,67.06,1009.72,15.59,210.8,32.0,7.2,0.0,0,No Rain
2024-11-04,LOC006,37.64,73.31,1009.91,14.09,198.2,32.0,27.9,1.46,0,Light
2024-11-05,LOC006,36.93,61.03,1010.89,11.05,228.0,28.43,12.6,0.0,0,No Rain
2024-11-06,LOC006,38.8,68.52,1012.94,11.55,184.2,32.0,14.3,0.0,0,No Rain
2024-11-07,LOC006,38.05,66.0,1011.83,22.92,202.5,30.71,4.0,0.0,0,No Rain
2024-11-08,LOC006,36.08,64.31,1012.66,16.86,232.0,28.51,21.5,0.0,0,No Rain
2024-11-09,LOC006,37.94,79.75,1011.57,10.68,190.3,32.0,14.0,0.0,0,No Rain
2024-11-10,LOC006,37.75,68.53,1012.0,17.6,210.4,31.64,5.1,0.0,0,No Rain
2024-11-11,LOC006,38.64,64.29,1014.49,14.85,263.5,30.11,12.1,0.0,0,No Rain
2024-11-12,LOC006,38.5,73.51,1014.59,15.55,256.5,32.0,7.2,0.0,0,No Rain
2024-11-13,LOC006,35.56,65.45,1010.84,16.14,208.8,28.76,11.0,0.0,0,No Rain
2024-11-14,LOC006,39.96,70.01,1012.65,11.51,173.2,32.0,9.1,0.0,0,No Rain
2024-11-15,LOC006,37.66,66.66,1015.3,16.1,190.0,30.32,4.8,0.0,0,No Rain
2024-11-16,LOC006,40.56,62.19,1011.13,10.24,241.3,32.0,26.5,0.0,0,No Rain
2024-11-17,LOC006,37.99,65.09,1018.67,10.12,247.9,32.0,10.9,0.0,0,No Rain
2024-11-18,LOC006,37.66,70.3,1013.14,15.57,269.2,32.0,33.6,0.0,0,No Rain
2024-11-19,LOC006,37.92,62.43,1007.53,14.79,239.3,31.31,35.0,0.0,0,No Rain
2024-11-20,LOC006,35.81,58.25,1011.35,13.56,255.4,27.49,23.3,0.0,0,No Rain
2024-11-21,LOC006,34.0,56.51,1014.22,18.83,193.0,24.61,11.3,0.0,0,No Rain
2024-11-22,LOC006,38.04,52.04,1013.44,12.07,223.6,29.0,11.7,0.0,0,No Rain
2024-11-23,LOC006,36.04,62.77,1011.94,12.45,210.4,27.5,24.0,0.0,0,No Rain
2024-11-24,LOC006,38.59,56.94,1008.78,10.32,216.7,30.16,20.1,0.0,0,No Rain
2024-11-25,LOC006,31.96,63.58,1010.81,14.1,203.6,26.56,17.2,0.0,0,No Rain
2024-11-26,LOC006,34.76,60.91,1011.5,15.97,268.9,28.72,13.3,0.0,0,No Rain
2024-11-27,LOC006,38.69,71.26,1009.88,16.12,221.3,32.0,2.9,0.0,0,No Rain
2024-11-28,LOC006,37.4,66.2,1009.48,11.89,228.7,31.06,14.3,0.0,0,No Rain
2024-11-29,LOC006,39.33,68.72,1007.99,10.28,252.4,32.0,19.9,0.0,0,No Rain
2024-11-30,LOC006,33.15,67.91,1013.27,12.74,200.3,26.31,15.7,0.0,0,No Rain
2024-12-01,LOC006,35.89,57.52,1007.87,17.59,218.6,28.94,2.6,0.0,0,No Rain
2024-12-02,LOC006,39.15,77.45,1010.79,14.04,281.0,32.0,14.5,0.0,0,No Rain
2024-12-03,LOC006,34.96,67.76,1015.01,10.59,211.1,29.21,15.8,0.0,0,No Rain
2024-12-04,LOC006,36.08,71.1,1012.65,20.77,244.1,30.61,7.5,0.0,0,No Rain
2024-12-05,LOC006,39.19,58.23,1011.3,10.86,213.0,30.91,15.5,0.0,0,No Rain
2024-12-06,LOC006,39.44,65.31,1013.02,23.34,212.7,31.8,8.3,0.0,0,No Rain
2024-12-07,LOC006,37.11,68.74,1008.89,14.0,290.5,31.18,19.4,0.0,0,No Rain
2024-12-08,LOC006,32.06,59.94,1006.16,14.9,230.8,22.7,13.2,0.0,0,No Rain
2024-12-09,LOC006,36.27,63.75,1009.46,10.91,314.6,29.0,3.9,0.0,0,No Rain
2024-12-10,LOC006,34.61,60.75,1009.63,10.11,280.0,29.27,22.1,0.0,0,No Rain
2024-12-11,LOC006,37.18,62.31,1007.63,10.68,173.3,30.1,29.5,0.0,0,No Rain
2024-12-12,LOC006,38.14,63.57,1014.46,10.91,175.0,32.0,17.9,0.0,0,No Rain
2024-12-13,LOC006,34.68,74.21,1011.51,10.02,267.9,29.22,7.6,0.0,0,No Rain
2024-12-14,LOC006,35.56,72.54,1015.2,16.73,275.2,29.44,13.1,0.0,0,No Rain
2024-12-15,LOC006,35.5,73.24,1009.09,10.21,297.1,29.54,8.8,0.0,0,No Rain
2024-12-16,LOC006,35.74,74.95,1011.94,21.64,224.1,29.71,9.7,0.0,0,No Rain
2024-12-17,LOC006,36.02,74.26,1013.42,10.5,186.3,31.3,25.8,0.0,0,No Rain
2024-12-18,LOC006,39.05,61.43,1016.84,14.24,263.4,30.74,1.6,0.0,0,No Rain
2024-12-19,LOC006,36.66,67.13,1006.61,16.76,255.3,31.09,1.4,0.0,0,No Rain
2024-12-20,LOC006,32.7,68.03,1015.44,26.38,282.3,26.46,35.7,0.0,0,No Rain
2024-12-21,LOC006,36.57,72.6,1012.02,15.0,253.1,31.28,10.4,0.0,0,No Rain
2024-12-22,LOC006,34.53,75.0,1009.26,12.19,213.7,29.72,9.7,0.0,0,No Rain
2024-12-23,LOC006,34.77,74.36,1011.11,11.61,233.7,28.75,17.0,4.5,0,Light
2024-12-24,LOC006,36.59,61.0,1010.18,11.32,116.1,27.83,15.3,0.0,0,No Rain
2024-12-25,LOC006,36.68,59.88,1009.95,13.56,205.0,29.09,32.8,0.0,0,No Rain
2024-12-26,LOC006,39.24,74.33,1008.97,12.69,254.8,32.0,3.9,0.0,0,No Rain
2024-12-27,LOC006,35.65,64.22,1010.91,12.54,290.0,29.56,23.4,0.58,0,Light
2024-12-28,LOC006,35.78,64.69,1009.86,12.31,310.1,27.18,11.5,0.0,0,No Rain
2024-12-29,LOC006,34.49,81.39,1011.97,10.63,240.2,29.38,9.8,0.0,0,No Rain
2024-12-30,LOC006,34.32,64.18,1013.94,11.03,163.9,26.43,1.9,0.0,0,No Rain
2024-12-31,LOC006,36.54,67.0,1014.01,10.04,200.0,28.54,18.5,1.86,0,Light
2025-01-01,LOC006,35.3,60.38,1010.99,15.29,255.1,28.09,19.7,0.0,0,No Rain
2025-01-02,LOC006,39.28,57.46,1009.71,13.13,239.8,30.73,5.3,0.0,0,No Rain
2025-01-03,LOC006,32.87,57.18,1013.17,12.24,163.0,24.73,9.8,16.0,0,Moderate
2025-01-04,LOC006,35.32,68.06,1007.04,37.35,213.4,29.92,0.0,0.0,0,No Rain
2025-01-05,LOC006,35.12,76.23,1013.44,13.76,281.1,29.72,18.4,0.0,0,No Rain
2025-01-06,LOC006,35.7,69.77,1013.03,10.46,171.9,29.42,18.2,0.5,0,Light
2025-01-07,LOC006,36.51,67.35,1007.25,11.06,177.6,29.31,15.0,0.0,0,No Rain
2025-01-08,LOC006,38.05,64.09,1011.49,15.06,227.5,30.07,11.0,0.0,0,No Rain
2025-01-09,LOC006,37.24,66.13,1014.13,16.84,302.6,29.52,16.4,0.0,0,No Rain
2025-01-10,LOC006,33.03,61.04,1010.69,12.63,165.4,25.91,16.0,0.0,0,No Rain
2025-01-11,LOC006,37.94,70.02,1010.16,17.93,214.8,31.08,12.6,0.0,0,No Rain
2025-01-12,LOC006,34.31,65.82,1013.99,15.5,228.5,27.37,29.7,0.0,0,No Rain
2025-01-13,LOC006,38.46,61.21,1008.85,24.59,272.1,29.61,8.3,0.0,0,No Rain
2025-01-14,LOC006,32.19,72.18,1011.65,13.97,229.1,26.96,8.0,16.0,0,Moderate
2025-01-15,LOC006,38.93,71.83,1015.19,20.87,229.1,32.0,11.1,0.0,0,No Rain
2025-01-16,LOC006,35.27,55.6,1010.28,15.86,232.5,26.32,16.9,0.0,0,No Rain
2025-01-17,LOC006,38.85,59.47,1010.25,10.02,252.4,29.93,15.6,0.0,0,No Rain
2025-01-18,LOC006,35.33,62.48,1008.38,10.63,241.0,26.74,22.3,0.0,0,No Rain
2025-01-19,LOC006,31.33,64.29,1011.38,19.98,257.1,24.12,2.0,0.0,0,No Rain
2025-01-20,LOC006,31.8,58.45,1010.28,14.96,240.0,23.97,14.9,0.0,0,No Rain
2025-01-21,LOC006,32.06,66.18,1012.42,13.86,326.7,25.43,20.4,0.0,0,No Rain
2025-01-22,LOC006,35.97,66.88,1016.0,14.33,230.8,29.4,13.7,0.0,0,No Rain
2025-01-23,LOC006,35.11,64.68,1010.36,10.63,238.8,26.39,19.2,0.0,0,No Rain
2025-01-24,LOC006,33.45,67.38,1008.55,15.64,256.6,26.38,19.4,0.0,0,No Rain
2025-01-25,LOC006,32.56,68.59,1010.73,10.98,201.4,25.35,15.2,0.0,0,No Rain
2025-01-26,LOC006,35.79,59.84,1013.32,12.6,286.6,28.5,15.2,0.0,0,No Rain
2025-01-27,LOC006,37.22,65.78,1014.72,22.6,250.5,29.0,10.4,0.0,0,No Rain
2025-01-28,LOC006,34.51,71.29,1007.73,14.45,245.7,29.24,19.5,0.0,0,No Rain
2025-01-29,LOC006,33.69,62.26,1010.72,11.19,175.3,26.44,9.9,0.0,0,No Rain
2025-01-30,LOC006,33.98,64.4,1014.35,11.67,261.2,25.54,19.6,0.0,0,No Rain
2025-01-31,LOC006,30.62,68.35,1011.23,10.14,337.7,22.85,34.6,0.0,0,No Rain
2025-02-01,LOC006,34.46,55.31,1009.52,11.03,273.1,26.74,18.3,0.0,0,No Rain
2025-02-02,LOC006,31.88,58.13,1014.04,11.25,270.3,23.05,26.8,0.0,0,No Rain
2025-02-03,LOC006,31.94,62.79,1011.56,15.16,216.1,24.46,0.0,0.0,0,No Rain
2025-02-04,LOC006,32.92,58.95,1009.87,15.51,257.8,22.86,32.4,0.0,0,No Rain
2025-02-05,LOC006,35.18,71.97,1012.44,11.42,246.0,29.39,14.0,16.0,0,Moderate
2025-02-06,LOC006,29.95,69.05,1011.46,16.64,269.7,24.04,1.7,0.0,0,No Rain
2025-02-07,LOC006,33.05,59.92,1009.4,11.02,253.8,24.9,17.5,0.0,0,No Rain
2025-02-08,LOC006,30.5,59.77,1013.08,11.89,213.7,24.13,14.0,0.0,0,No Rain
2025-02-09,LOC006,34.04,50.98,1015.94,20.94,215.3,25.13,28.5,0.0,0,No Rain
2025-02-10,LOC006,31.53,60.92,1018.19,10.86,151.0,23.61,18.7,0.0,0,No Rain
2025-02-11,LOC006,30.34,68.01,1012.52,16.05,285.6,22.8,10.5,0.0,0,No Rain
2025-02-12,LOC006,33.8,73.8,1011.39,15.87,270.4,27.72,5.8,0.0,0,No Rain
2025-02-13,LOC006,36.9,67.02,1012.56,12.71,237.9,30.56,15.0,10.05,0,Light
2025-02-14,LOC006,32.25,57.5,1015.15,16.8,265.0,22.53,13.6,16.0,0,Moderate
2025-02-15,LOC006,34.49,56.02,1013.25,17.12,266.3,26.61,23.0,0.0,0,No Rain
2025-02-16,LOC006,34.73,67.28,1015.57,13.04,209.8,27.26,25.2,13.01,0,Light
2025-02-17,LOC006,31.12,62.68,1009.86,11.1,183.8,24.18,22.7,0.0,0,No Rain
2025-02-18,LOC006,32.38,76.47,1010.73,10.78,238.4,27.08,31.7,0.0,0,No Rain
2025-02-19,LOC006,32.98,75.82,1013.68,17.07,242.2,27.65,7.8,37.68,0,Moderate
2025-02-20,LOC006,32.73,64.47,1014.33,18.73,238.6,25.62,17.4,0.0,0,No Rain
2025-02-21,LOC006,29.47,70.25,1011.01,15.69,243.5,25.13,2.5,25.18,0,Moderate
2025-02-22,LOC006,31.5,64.73,1012.56,11.62,207.2,25.06,18.4,0.0,0,No Rain
2025-02-23,LOC006,31.27,62.99,1007.66,21.29,258.8,24.42,23.4,0.0,0,No Rain
2025-02-24,LOC006,29.95,70.76,1010.76,10.71,245.0,23.78,10.6,0.0,0,No Rain
2025-02-25,LOC006,32.13,67.39,1013.88,11.29,288.0,25.01,6.9,0.0,0,No Rain
2025-02-26,LOC006,28.98,59.34,1012.17,12.56,243.7,20.74,17.7,0.0,0,No Rain
2025-02-27,LOC006,29.04,58.16,1009.92,10.34,268.3,21.68,8.1,0.0,0,No Rain
2025-02-28,LOC006,32.59,66.94,1014.38,12.35,255.1,26.01,11.3,0.0,0,No Rain
2025-03-01,LOC006,35.13,51.92,1013.21,10.08,188.6,25.5,10.9,0.0,0,No Rain
2025-03-02,LOC006,31.74,54.72,1014.91,22.67,178.1,23.88,14.5,0.0,0,No Rain
2025-03-03,LOC006,32.28,72.43,1011.0,11.84,245.0,26.94,11.0,0.0,0,No Rain
2025-03-04,LOC006,27.33,58.18,1011.11,11.82,212.7,16.86,35.9,0.0,0,No Rain
2025-03-05,LOC006,32.27,65.45,1014.22,20.33,289.7,26.39,29.9,0.0,0,No Rain
2025-03-06,LOC006,31.88,55.8,1009.64,11.39,225.3,23.82,5.5,0.0,0,No Rain
2025-03-07,LOC006,31.62,68.12,1010.39,10.98,196.9,25.2,17.0,0.0,0,No Rain
2025-03-08,LOC006,29.54,72.36,1011.06,23.68,194.6,23.7,3.7,0.0,0,No Rain
2025-03-09,LOC006,32.68,73.72,1006.7,10.21,260.8,28.89,4.6,0.0,0,No Rain
2025-03-10,LOC006,32.31,67.05,1010.93,13.88,246.6,25.32,0.0,0.0,0,No Rain
2025-03-11,LOC006,28.45,69.76,1014.02,12.69,201.4,22.92,8.5,0.0,0,No Rain
2025-03-12,LOC006,28.66,57.05,1016.16,12.59,224.7,21.04,9.7,0.0,0,No Rain
2025-03-13,LOC006,29.7,62.95,1014.27,10.49,202.8,22.68,27.4,0.0,0,No Rain
2025-03-14,LOC006,27.86,61.89,1009.58,14.65,287.8,19.3,15.5,0.0,0,No Rain
2025-03-15,LOC006,28.28,71.15,1010.72,11.79,217.9,23.62,9.1,0.0,0,No Rain
2025-03-16,LOC006,30.25,60.9,1014.29,10.67,206.4,22.23,21.3,0.0,0,No Rain
2025-03-17,LOC006,30.01,60.52,1015.88,12.74,232.4,22.16,7.3,4.66,0,Light
2025-03-18,LOC006,27.26,65.13,1008.3,23.52,273.9,20.89,34.6,0.0,0,No Rain
2025-03-19,LOC006,30.31,55.95,1009.42,15.02,265.7,23.11,5.8,0.0,0,No Rain
2025-03-20,LOC006,31.32,68.16,1010.11,12.89,194.9,26.2,11.5,0.0,0,No Rain
2025-03-21,LOC006,29.37,59.24,1014.1,15.95,195.6,21.09,0.0,0.0,0,No Rain
2025-03-22,LOC006,30.77,56.63,1009.62,13.59,219.0,23.07,22.3,0.0,0,No Rain
2025-03-23,LOC006,27.78,69.57,1013.42,11.24,266.5,21.62,15.8,0.0,0,No Rain
2025-03-24,LOC006,30.76,53.23,1017.31,12.15,161.9,22.03,3.0,0.0,0,No Rain
2025-03-25,LOC006,33.48,63.17,1011.35,10.04,203.8,26.2,36.2,0.0,0,No Rain
2025-03-26,LOC006,30.95,65.6,1013.14,12.11,251.8,24.49,13.9,0.0,0,No Rain
2025-03-27,LOC006,27.35,73.97,1011.52,13.35,284.5,21.84,10.8,0.0,0,No Rain
2025-03-28,LOC006,32.02,65.49,1013.31,10.45,211.9,25.77,5.0,0.91,0,Light
2025-03-29,LOC006,28.81,62.18,1012.94,13.81,249.8,20.97,0.0,0.0,0,No Rain
2025-03-30,LOC006,28.4,61.86,1015.95,10.41,178.0,20.55,16.9,0.0,0,No Rain
2025-03-31,LOC006,31.43,56.16,1011.1,14.9,261.5,23.0,6.6,16.0,0,Moderate
2025-04-01,LOC006,28.41,58.38,1007.73,10.82,248.0,20.62,4.9,0.0,0,No Rain
2025-04-02,LOC006,29.03,60.93,1010.73,23.23,200.9,21.83,23.6,0.0,0,No Rain
2025-04-03,LOC006,31.06,56.75,1007.43,12.06,189.4,23.91,4.5,0.0,0,No Rain
2025-04-04,LOC006,26.13,69.87,1013.05,15.71,212.9,19.89,11.7,0.0,0,No Rain
2025-04-05,LOC006,28.87,65.64,1014.27,13.03,265.6,22.65,11.4,0.0,0,No Rain
2025-04-06,LOC006,28.59,56.83,1011.73,10.09,181.9,19.52,23.9,0.0,0,No Rain
2025-04-07,LOC006,30.34,73.24,1015.95,14.08,243.8,24.42,48.0,0.0,0,No Rain
2025-04-08,LOC006,29.47,64.36,1015.45,11.39,220.8,22.12,7.8,6.73,0,Light
2025-04-09,LOC006,29.58,71.24,1010.93,11.85,171.8,23.3,0.0,0.0,0,No Rain
2025-04-10,LOC006,28.64,60.23,1014.9,14.43,205.8,20.98,18.0,0.0,0,No Rain
2025-04-11,LOC006,28.14,68.6,1010.89,20.88,209.2,22.92,29.8,0.0,0,No Rain
2025-04-12,LOC006,26.25,70.17,1014.58,23.74,246.4,20.47,23.2,0.0,0,No Rain
2025-04-13,LOC006,26.02,65.2,1013.64,11.98,202.9,18.52,24.9,0.0,0,No Rain
2025-04-14,LOC006,27.78,69.61,1010.48,23.16,213.3,20.36,14.0,0.0,0,No Rain
2025-04-15,LOC006,29.36,66.98,1011.58,10.15,302.8,22.7,14.5,0.0,0,No Rain
2025-04-16,LOC006,27.07,67.44,1011.92,14.78,279.6,18.93,31.0,0.0,0,No Rain
2025-04-17,LOC006,28.31,64.61,1011.78,19.37,224.0,21.68,8.9,0.0,0,No Rain
2025-04-18,LOC006,30.89,62.76,1011.62,12.63,248.4,22.76,8.0,0.0,0,No Rain
2025-04-19,LOC006,26.91,67.98,1008.07,10.72,246.0,20.39,26.0,0.0,0,No Rain
2025-04-20,LOC006,29.57,78.37,1012.86,10.44,181.0,24.55,0.0,0.0,0,No Rain
2025-04-21,LOC006,26.35,68.5,1008.64,14.21,245.9,20.49,13.9,0.0,0,No Rain
2025-04-22,LOC006,27.65,62.96,1012.39,13.54,261.3,21.29,0.0,0.0,0,No Rain
2025-04-23,LOC006,26.19,55.92,1008.54,10.52,233.3,17.97,12.1,0.0,0,No Rain
2025-04-24,LOC006,26.96,62.76,1011.69,12.6,236.4,17.99,1.2,0.0,0,No Rain
2025-04-25,LOC006,25.28,62.14,1015.02,12.04,236.8,17.73,18.0,0.0,0,No Rain
2025-04-26,LOC006,27.45,66.53,1010.84,13.07,264.6,20.96,18.8,0.0,0,No Rain
2025-04-27,LOC006,26.82,63.16,1011.15,12.02,266.3,21.14,21.6,13.81,0,Light
2025-04-28,LOC006,25.15,57.39,1011.45,18.42,222.3,17.35,14.9,0.0,0,No Rain
2025-04-29,LOC006,29.38,65.44,1010.72,13.08,191.9,21.56,24.0,0.0,0,No Rain
2025-04-30,LOC006,31.9,67.77,1008.87,14.7,222.8,25.24,1.9,0.0,0,No Rain
2025-05-01,LOC006,28.91,65.0,1010.3,10.8,220.8,21.66,13.3,0.0,0,No Rain
2025-05-02,LOC006,26.55,76.88,1013.4,13.78,244.1,21.66,3.9,0.0,0,No Rain
2025-05-03,LOC006,25.66,76.6,1012.39,19.38,225.1,21.63,25.4,0.0,0,No Rain
2025-05-04,LOC006,24.54,69.4,1011.43,20.52,218.0,17.76,40.0,0.0,0,No Rain
2025-05-05,LOC006,26.85,65.07,1011.59,13.42,211.3,20.13,22.6,0.0,0,No Rain
2025-05-06,LOC006,31.37,77.32,1009.61,11.63,218.7,27.37,0.0,0.0,0,No Rain
2025-05-07,LOC006,26.87,71.96,1009.01,15.02,285.4,22.04,24.0,0.0,0,No Rain
2025-05-08,LOC006,25.68,65.0,1012.11,13.43,249.3,18.18,26.9,5.09,0,Light
2025-05-09,LOC006,23.22,69.36,1009.33,11.74,221.9,16.98,26.8,0.0,0,No Rain
2025-05-10,LOC006,27.3,69.25,1014.97,17.06,245.4,21.93,13.0,0.0,0,No Rain
2025-05-11,LOC006,29.1,67.9,1012.11,18.73,177.0,21.89,29.2,0.0,0,No Rain
2025-05-12,LOC006,30.83,64.41,1010.8,19.36,279.6,23.76,18.3,0.0,0,No Rain
2025-05-13,LOC006,30.68,61.1,1008.91,11.39,243.3,23.4,14.3,0.0,0,No Rain
2025-05-14,LOC006,29.64,62.4,1010.57,11.43,202.2,22.59,18.3,4.48,0,Light
2025-05-15,LOC006,24.92,68.28,1010.51,12.09,262.9,17.92,11.4,0.0,0,No Rain
2025-05-16,LOC006,27.77,62.33,1008.7,25.58,261.9,20.81,19.1,0.0,0,No Rain
2025-05-17,LOC006,25.5,68.09,1013.53,16.48,197.4,19.91,23.3,0.0,0,No Rain
2025-05-18,LOC006,25.86,58.53,1011.11,34.19,195.0,17.42,25.2,0.0,0,No Rain
2025-05-19,LOC006,26.2,59.91,1012.13,13.06,209.5,19.02,20.3,0.0,0,No Rain
2025-05-20,LOC006,27.33,71.83,1011.38,27.05,216.4,20.57,5.9,0.0,0,No Rain
2025-05-21,LOC006,29.08,69.0,1011.72,16.22,277.3,21.92,15.1,0.0,0,No Rain
2025-05-22,LOC006,27.53,58.44,1009.47,18.88,296.1,20.31,18.7,0.0,0,No Rain
2025-05-23,LOC006,29.44,67.81,1008.4,12.05,180.0,24.65,20.9,0.0,0,No Rain
2025-05-24,LOC006,29.56,72.58,1011.23,13.93,179.7,22.73,1.6,0.0,0,No Rain
2025-05-25,LOC006,28.05,81.45,1012.79,12.66,267.3,24.74,13.5,0.0,0,No Rain
2025-05-26,LOC006,28.21,72.13,1011.69,14.17,228.4,22.88,21.8,0.0,0,No Rain
2025-05-27,LOC006,27.64,66.52,1011.9,13.13,238.6,21.13,14.6,0.0,0,No Rain
2025-05-28,LOC006,26.63,61.37,1010.98,11.99,199.6,19.13,22.5,0.0,0,No Rain
2025-05-29,LOC006,28.17,59.61,1012.31,17.02,210.3,20.42,18.8,0.0,0,No Rain
2025-05-30,LOC006,26.35,64.02,1014.62,10.97,214.8,18.49,2.8,0.0,0,No Rain
2025-05-31,LOC006,25.27,68.66,1012.41,18.7,190.8,19.47,20.5,0.0,0,No Rain
2025-06-01,LOC006,30.35,72.97,1007.77,24.84,269.7,25.22,48.1,55.11,0,Moderate
2025-06-02,LOC006,25.79,73.44,1003.94,19.06,198.7,20.36,48.3,0.0,0,No Rain
2025-06-03,LOC006,26.48,83.13,1008.63,15.91,212.3,21.64,56.9,0.0,0,No Rain
2025-06-04,LOC006,27.42,81.52,1004.52,17.77,206.0,23.96,52.1,0.0,0,No Rain
2025-06-05,LOC006,27.84,79.44,1011.35,20.59,231.6,22.73,27.6,0.0,0,No Rain
2025-06-06,LOC006,25.87,80.69,1008.53,16.84,257.1,22.08,37.6,0.0,0,No Rain
2025-06-07,LOC006,26.45,72.36,1007.07,19.93,146.0,20.6,37.2,0.0,0,No Rain
2025-06-08,LOC006,26.39,74.57,999.59,15.67,265.7,20.72,32.3,0.0,0,No Rain
2025-06-09,LOC006,26.69,81.73,1006.96,17.13,201.7,22.22,34.9,1.11,0,Light
2025-06-10,LOC006,25.08,76.27,1009.17,18.68,171.5,19.87,46.0,0.0,0,No Rain
2025-06-11,LOC006,23.3,80.48,1009.61,19.66,296.7,19.72,63.2,0.0,0,No Rain
2025-06-12,LOC006,26.78,82.53,1007.24,15.7,205.2,24.0,28.8,0.0,0,No Rain
2025-06-13,LOC006,25.95,67.71,1002.25,16.41,252.9,18.99,34.7,0.0,0,No Rain
2025-06-14,LOC006,28.78,71.57,1005.49,18.46,270.2,24.22,50.7,16.0,0,Moderate
2025-06-15,LOC006,26.63,74.84,1006.13,17.0,261.2,20.41,30.6,0.0,0,No Rain
2025-06-16,LOC006,28.11,78.3,1007.99,19.12,226.6,24.49,50.6,16.0,0,Moderate
2025-06-17,LOC006,27.57,71.77,1001.45,19.95,224.7,23.32,42.3,0.0,0,No Rain
2025-06-18,LOC006,25.51,70.34,1006.93,20.1,247.5,20.1,37.6,5.68,0,Light
2025-06-19,LOC006,25.78,78.43,1005.58,18.36,283.1,21.1,53.9,0.75,0,Light
2025-06-20,LOC006,28.01,70.27,1006.61,17.11,190.7,20.28,35.5,0.0,0,No Rain
2025-06-21,LOC006,24.15,84.69,1006.42,25.32,230.1,21.66,29.2,0.0,0,No Rain
2025-06-22,LOC006,25.91,78.52,1004.66,19.94,228.0,21.01,36.0,0.0,0,No Rain
2025-06-23,LOC006,28.69,64.9,998.67,15.58,181.2,21.13,28.1,0.0,0,No Rain
2025-06-24,LOC006,31.46,85.73,1007.07,16.62,274.6,28.43,40.6,0.0,0,No Rain
2025-06-25,LOC006,28.7,72.41,1002.49,14.99,250.2,23.56,41.0,9.22,0,Light
2025-06-26,LOC006,26.44,72.71,1004.86,17.36,227.4,20.28,36.3,0.0,0,No Rain
2025-06-27,LOC006,28.17,71.88,1013.23,15.05,217.8,22.36,33.7,0.0,0,No Rain
2025-06-28,LOC006,30.6,72.02,1008.66,14.89,220.9,24.75,34.6,0.0,0,No Rain
2025-06-29,LOC006,25.07,76.63,1007.28,20.65,258.7,21.43,41.5,0.0,0,No Rain
2025-06-30,LOC006,23.43,78.8,1004.69,22.3,267.4,20.02,42.4,0.0,0,No Rain
2025-07-01,LOC006,23.67,99.0,1001.18,26.29,220.4,24.12,90.3,89.97,1,Heavy
2025-07-02,LOC006,28.03,99.0,999.78,28.68,264.4,27.06,87.4,7.56,0,Light
2025-07-03,LOC006,23.57,98.83,1001.6,24.49,188.6,22.46,93.3,0.97,0,Light
2025-07-04,LOC006,23.22,92.67,995.64,24.76,234.1,22.7,74.5,16.88,0,Moderate
2025-07-05,LOC006,22.43,86.43,999.25,33.37,227.9,20.91,70.0,112.17,1,Heavy
2025-07-06,LOC006,23.51,90.63,997.53,27.56,279.7,20.81,74.3,1.55,0,Light
2025-07-07,LOC006,27.34,99.0,997.68,31.11,189.1,26.69,69.0,16.57,0,Moderate
2025-07-08,LOC006,25.62,91.06,996.11,26.62,244.3,23.66,74.1,4.49,0,Light
2025-07-09,LOC006,23.24,99.0,1002.2,24.06,233.2,22.93,78.8,3.06,0,Light
2025-07-10,LOC006,25.34,95.21,1003.85,28.99,193.5,24.47,65.2,41.19,0,Moderate
2025-07-11,LOC006,25.08,97.23,998.38,25.76,233.4,25.59,63.2,28.34,0,Moderate
2025-07-12,LOC006,24.68,99.0,998.44,24.9,213.3,24.44,95.3,16.0,0,Moderate
2025-07-13,LOC006,25.24,92.08,1002.63,26.6,214.5,23.25,100.0,0.8,0,Light
2025-07-14,LOC006,26.57,98.8,1001.55,23.6,224.8,24.91,80.6,15.5,0,Light
2025-07-15,LOC006,24.91,93.66,1002.88,23.24,183.5,23.39,71.7,2.65,0,Light
2025-07-16,LOC006,27.57,98.29,998.7,28.67,192.6,27.96,62.6,26.77,0,Moderate
2025-07-17,LOC006,24.42,92.04,999.51,26.35,220.5,22.44,78.3,0.0,0,No Rain
2025-07-18,LOC006,29.82,99.0,997.13,31.59,242.5,29.82,80.5,5.23,0,Light
2025-07-19,LOC006,28.5,93.14,1000.37,23.9,252.5,26.8,86.8,1.11,0,Light
2025-07-20,LOC006,24.88,95.29,1003.87,38.14,162.6,23.54,71.5,2.33,0,Light
2025-07-21,LOC006,26.78,98.85,1002.99,29.68,250.1,26.12,65.5,16.0,0,Moderate
2025-07-22,LOC006,25.7,99.0,994.07,26.13,270.1,25.11,74.5,3.08,0,Light
2025-07-23,LOC006,22.63,94.41,992.42,25.23,204.9,20.62,100.0,4.92,0,Light
2025-07-24,LOC006,27.47,98.95,997.98,23.87,216.1,27.56,76.4,0.7,0,Light
2025-07-25,LOC006,27.65,94.6,998.8,23.63,258.3,26.77,86.3,0.5,0,Light
2025-07-26,LOC006,27.06,92.12,1004.93,24.61,241.1,25.41,86.7,64.0,0,Moderate
2025-07-27,LOC006,27.61,88.99,1004.53,29.02,173.9,25.72,69.0,32.34,0,Moderate
2025-07-28,LOC006,26.71,94.64,1000.61,24.95,269.9,25.59,100.0,65.0,1,Heavy
2025-07-29,LOC006,28.8,90.91,1000.36,23.64,307.8,28.26,91.7,30.1,0,Moderate
2025-07-30,LOC006,29.81,96.11,1001.6,23.9,253.7,29.6,79.4,0.0,0,No Rain
2025-07-31,LOC006,24.34,92.56,1006.43,24.97,275.5,23.39,74.6,11.87,0,Light
2025-08-01,LOC006,27.21,99.0,1000.28,36.29,204.2,27.85,84.1,136.6,1,Very/Extremely Heavy
2025-08-02,LOC006,28.5,99.0,1000.65,42.44,181.7,28.01,88.4,25.5,0,Moderate
2025-08-03,LOC006,27.91,89.22,1002.38,24.09,180.4,25.37,83.1,0.0,0,No Rain
2025-08-04,LOC006,28.39,98.69,1003.05,27.06,218.8,27.93,95.0,61.41,0,Moderate
2025-08-05,LOC006,27.53,99.0,998.71,25.2,264.8,27.78,84.0,0.59,0,Light
2025-08-06,LOC006,30.06,96.24,1001.84,26.4,294.9,28.59,74.7,7.95,0,Light
2025-08-07,LOC006,28.25,88.55,1005.81,24.55,266.6,26.21,75.0,97.97,1,Heavy
2025-08-08,LOC006,28.21,99.0,997.18,23.32,243.3,28.25,75.9,9.01,0,Light
2025-08-09,LOC006,33.04,95.77,1004.59,29.04,173.3,32.0,71.1,72.72,1,Heavy
2025-08-10,LOC006,27.94,93.35,997.69,24.52,260.8,26.59,100.0,15.5,0,Light
2025-08-11,LOC006,26.0,91.91,998.9,29.8,232.0,22.95,65.1,0.86,0,Light
2025-08-12,LOC006,26.26,93.06,998.94,40.1,236.4,24.06,82.5,65.0,1,Heavy
2025-08-13,LOC006,28.79,97.97,996.97,27.05,236.1,29.11,75.6,53.38,0,Moderate
2025-08-14,LOC006,26.7,86.92,1000.75,25.16,235.5,25.54,71.5,0.0,0,No Rain
2025-08-15,LOC006,26.75,96.62,995.05,31.51,206.0,26.76,72.6,16.0,0,Moderate
2025-08-16,LOC006,27.08,89.12,993.09,26.29,241.2,22.34,70.8,1.9,0,Light
2025-08-17,LOC006,30.99,91.12,1002.77,25.79,248.8,27.68,72.1,0.5,0,Light
2025-08-18,LOC006,32.54,88.0,999.99,28.91,173.1,30.46,64.1,4.98,0,Light
2025-08-19,LOC006,25.14,99.0,1000.15,23.3,236.2,24.69,75.2,17.61,0,Moderate
2025-08-20,LOC006,29.04,93.16,997.96,23.82,199.8,28.59,87.9,203.24,1,Very/Extremely Heavy
2025-08-21,LOC006,30.44,86.73,997.34,28.85,203.4,26.92,84.6,0.5,0,Light
2025-08-22,LOC006,29.6,99.0,1004.97,29.95,269.3,28.45,74.0,0.0,0,No Rain
2025-08-23,LOC006,30.28,99.0,998.68,26.04,214.4,29.57,82.3,16.0,0,Moderate
2025-08-24,LOC006,31.85,86.16,1001.18,23.76,291.4,29.32,82.1,0.0,0,No Rain
2025-08-25,LOC006,29.66,99.0,997.64,33.45,179.3,29.03,68.6,25.81,0,Moderate
2025-08-26,LOC006,25.96,84.11,1004.01,27.62,213.1,22.56,82.6,4.77,0,Light
2025-08-27,LOC006,32.38,95.57,1002.73,28.06,196.8,30.57,75.0,16.0,0,Moderate
2025-08-28,LOC006,31.37,97.67,997.58,27.88,269.8,30.76,88.4,15.5,0,Light
2025-08-29,LOC006,31.95,93.1,1001.96,24.0,190.5,31.39,79.7,0.75,0,Light
2025-08-30,LOC006,28.69,92.3,1001.43,35.92,268.1,27.52,97.8,17.78,0,Moderate
2025-08-31,LOC006,28.42,94.93,997.28,26.4,280.7,27.33,61.1,240.0,1,Very/Extremely Heavy
2025-09-01,LOC006,32.26,74.73,1012.26,34.76,215.4,27.48,23.6,0.0,0,No Rain
2025-09-02,LOC006,37.52,82.97,1009.09,17.07,129.1,32.0,46.8,0.0,0,No Rain
2025-09-03,LOC006,35.54,72.65,1007.61,18.29,273.7,31.39,33.5,0.0,0,No Rain
2025-09-04,LOC006,31.59,69.94,1006.94,20.09,219.9,24.92,48.2,0.0,0,No Rain
2025-09-05,LOC006,28.02,73.18,1008.35,22.04,221.8,23.95,33.3,0.0,0,No Rain
2025-09-06,LOC006,33.79,70.56,1007.01,19.72,307.2,28.12,43.7,0.0,0,No Rain
2025-09-07,LOC006,28.47,63.53,1009.78,21.94,194.2,21.21,48.4,0.0,0,No Rain
2025-09-08,LOC006,33.57,80.44,1004.76,15.24,243.1,29.18,42.0,0.0,0,No Rain
2025-09-09,LOC006,30.47,78.16,1007.61,15.36,182.3,25.81,33.7,4.14,0,Light
2025-09-10,LOC006,32.1,82.35,1005.61,17.47,216.2,28.87,42.2,0.0,0,No Rain
2025-09-11,LOC006,33.87,83.96,1008.66,15.57,253.0,30.11,57.5,0.0,0,No Rain
2025-09-12,LOC006,33.42,80.83,1001.82,19.57,249.9,30.92,37.7,16.0,0,Moderate
2025-09-13,LOC006,33.75,84.19,999.64,18.6,256.5,30.18,27.0,0.0,0,No Rain
2025-09-14,LOC006,32.09,63.82,1010.99,17.15,191.5,24.28,50.8,0.0,0,No Rain
2025-09-15,LOC006,29.76,77.82,1007.47,19.85,239.5,24.84,62.8,6.56,0,Light
2025-09-16,LOC006,30.45,72.18,1004.64,15.25,214.6,24.32,40.0,0.0,0,No Rain
2025-09-17,LOC006,36.48,79.42,1011.46,25.58,203.1,32.0,31.5,0.0,0,No Rain
2025-09-18,LOC006,33.95,76.47,1011.4,20.79,266.4,29.21,48.8,0.0,0,No Rain
2025-09-19,LOC006,33.08,80.72,1006.74,17.06,156.4,29.15,15.8,0.0,0,No Rain
2025-09-20,LOC006,33.14,83.68,1008.33,15.83,167.6,29.63,20.7,0.0,0,No Rain
2025-09-21,LOC006,34.24,77.29,1008.55,18.54,217.0,30.13,56.9,0.0,0,No Rain
2025-09-22,LOC006,33.53,86.62,1006.88,18.83,204.7,30.05,50.2,0.0,0,No Rain
2025-09-23,LOC006,32.58,73.47,1011.32,15.37,228.6,27.08,52.1,0.0,0,No Rain
2025-09-24,LOC006,31.67,72.42,1005.87,17.38,189.7,27.23,42.3,0.0,0,No Rain
2025-09-25,LOC006,32.8,72.91,1006.75,15.8,281.3,26.91,45.7,0.0,0,No Rain
2025-09-26,LOC006,32.72,77.22,1003.97,15.76,234.1,27.24,35.9,4.37,0,Light
2025-09-27,LOC006,37.76,69.29,1006.92,15.44,209.2,32.0,42.9,0.0,0,No Rain
2025-09-28,LOC006,35.28,79.68,1008.32,15.03,184.6,31.64,18.0,0.0,0,No Rain
2025-09-29,LOC006,36.03,76.21,1009.64,18.35,274.0,30.72,56.2,0.0,0,No Rain
2025-09-30,LOC006,33.74,78.77,1005.31,15.83,212.0,29.6,36.3,0.0,0,No Rain
2025-10-01,LOC006,34.05,66.46,1010.22,12.72,236.7,26.82,19.7,0.0,0,No Rain
2025-10-02,LOC006,40.24,70.39,1008.49,12.65,248.9,32.0,20.6,0.0,0,No Rain
2025-10-03,LOC006,33.64,55.03,1011.93,15.58,231.5,25.06,22.9,0.0,0,No Rain
2025-10-04,LOC006,35.03,78.54,1011.92,14.76,249.7,30.04,1.9,0.0,0,No Rain
2025-10-05,LOC006,36.2,64.25,1004.76,12.71,209.0,28.42,33.7,0.0,0,No Rain
2025-10-06,LOC006,30.13,73.05,1010.84,14.46,335.0,24.66,12.3,0.0,0,No Rain
2025-10-07,LOC006,34.06,55.64,1012.77,16.15,223.7,23.46,6.0,0.0,0,No Rain
2025-10-08,LOC006,38.2,61.48,1008.59,21.66,239.5,31.47,11.8,0.0,0,No Rain
2025-10-09,LOC006,35.87,72.73,1007.16,10.85,278.5,32.0,24.1,0.0,0,No Rain
2025-10-10,LOC006,33.41,64.18,1011.79,35.39,274.6,27.16,12.1,0.0,0,No Rain
2025-10-11,LOC006,35.23,66.08,1010.9,13.53,229.1,28.44,33.2,0.0,0,No Rain
2025-10-12,LOC006,37.5,63.12,1008.79,13.39,197.1,30.69,15.8,0.0,0,No Rain
2025-10-13,LOC006,36.38,75.76,1012.59,22.49,191.3,32.0,27.7,0.0,0,No Rain
2025-10-14,LOC006,38.1,67.97,1012.28,16.91,256.5,32.0,24.7,0.0,0,No Rain
2025-10-15,LOC006,35.55,59.35,1015.65,12.33,221.8,28.9,21.3,0.0,0,No Rain
2025-10-16,LOC006,39.81,69.76,1011.05,12.09,280.4,32.0,9.5,0.0,0,No Rain
2025-10-17,LOC006,35.77,65.43,1007.71,21.42,223.8,28.35,31.4,0.0,0,No Rain
2025-10-18,LOC006,37.21,69.27,1009.63,13.92,178.6,31.44,12.0,5.63,0,Light
2025-10-19,LOC006,35.53,71.95,1009.21,11.46,170.4,29.36,20.7,0.0,0,No Rain
2025-10-20,LOC006,35.99,60.77,1014.11,13.24,259.9,27.93,22.0,0.0,0,No Rain
2025-10-21,LOC006,35.01,67.68,1014.55,23.82,205.5,26.64,30.5,0.0,0,No Rain
2025-10-22,LOC006,36.19,65.9,1015.84,12.51,210.0,30.08,34.0,0.0,0,No Rain
2025-10-23,LOC006,35.63,61.26,1006.82,11.19,199.6,27.66,10.3,0.0,0,No Rain
2025-10-24,LOC006,38.39,68.24,1013.18,11.64,240.6,31.28,23.8,0.0,0,No Rain
2025-10-25,LOC006,38.28,68.92,1006.63,10.96,287.9,32.0,12.7,0.0,0,No Rain
2025-10-26,LOC006,35.03,65.73,1012.71,15.81,197.1,27.96,31.3,0.0,0,No Rain
2025-10-27,LOC006,38.88,67.0,1010.57,10.76,245.0,32.0,19.2,0.0,0,No Rain
2025-10-28,LOC006,33.86,71.05,1009.1,17.4,261.5,27.57,2.6,0.0,0,No Rain
2025-10-29,LOC006,35.38,65.63,1013.23,11.35,214.3,28.72,17.6,0.0,0,No Rain
2025-10-30,LOC006,35.0,65.82,1014.43,14.63,216.9,27.69,9.2,0.0,0,No Rain
2025-10-31,LOC006,33.62,62.04,1007.9,13.33,249.7,25.58,14.2,0.0,0,No Rain
2025-11-01,LOC006,37.94,67.28,1012.09,10.09,252.5,30.63,32.5,0.0,0,No Rain
2025-11-02,LOC006,38.05,58.4,1014.55,11.11,276.0,30.31,8.4,28.32,0,Moderate
2025-11-03,LOC006,37.19,62.94,1013.61,10.46,152.2,30.65,12.6,0.0,0,No Rain
2025-11-04,LOC006,35.84,76.6,1012.1,13.88,179.2,31.64,13.5,0.0,0,No Rain
2025-11-05,LOC006,36.16,66.49,1010.76,12.83,211.7,28.62,8.6,0.0,0,No Rain
2025-11-06,LOC006,35.51,67.25,1009.67,16.93,172.4,30.13,25.9,0.0,0,No Rain
2025-11-07,LOC006,36.74,70.72,1011.63,13.16,249.6,29.99,30.1,0.0,0,No Rain
2025-11-08,LOC006,35.83,65.18,1010.35,13.56,281.3,31.28,15.2,0.0,0,No Rain
2025-11-09,LOC006,37.81,70.16,1011.13,18.21,201.0,31.96,16.0,7.59,0,Light
2025-11-10,LOC006,35.79,65.83,1013.42,15.43,131.4,27.67,22.6,0.0,0,No Rain
2025-11-11,LOC006,39.84,61.76,1014.32,10.57,235.9,31.69,16.6,0.0,0,No Rain
2025-11-12,LOC006,37.87,58.3,1007.99,10.84,226.4,28.74,26.2,0.0,0,No Rain
2025-11-13,LOC006,35.88,66.23,1013.62,12.08,235.1,30.46,15.5,0.0,0,No Rain
2025-11-14,LOC006,36.97,69.97,1010.41,12.2,243.6,32.0,24.9,0.0,0,No Rain
2025-11-15,LOC006,38.29,66.65,1013.96,10.21,323.3,30.75,29.0,0.0,0,No Rain
2025-11-16,LOC006,35.82,59.52,1005.47,11.54,207.7,27.96,11.9,0.0,0,No Rain
2025-11-17,LOC006,39.84,78.47,1013.89,11.31,287.6,32.0,18.5,0.0,0,No Rain
2025-11-18,LOC006,35.94,64.61,1012.57,11.35,221.8,28.85,16.4,16.0,0,Moderate
2025-11-19,LOC006,36.34,73.44,1008.17,19.85,323.5,31.27,15.9,0.0,0,No Rain
2025-11-20,LOC006,35.91,72.68,1013.24,10.1,194.8,30.89,16.9,0.0,0,No Rain
2025-11-21,LOC006,33.07,66.43,1016.43,11.8,261.1,26.76,23.6,0.0,0,No Rain
2025-11-22,LOC006,35.35,60.53,1013.08,12.78,282.7,26.61,20.5,0.0,0,No Rain
2025-11-23,LOC006,31.98,70.25,1012.07,13.66,281.1,26.74,15.0,0.0,0,No Rain
2025-11-24,LOC006,37.55,63.36,1012.39,12.38,206.4,29.07,5.1,0.0,0,No Rain
2025-11-25,LOC006,38.64,67.65,1007.8,15.1,199.1,32.0,27.5,0.0,0,No Rain
2025-11-26,LOC006,37.19,71.05,1011.19,11.81,160.5,31.84,15.2,3.59,0,Light
2025-11-27,LOC006,36.96,65.34,1012.14,10.99,239.2,29.32,17.7,0.0,0,No Rain
2025-11-28,LOC006,39.01,59.14,1017.81,15.44,135.3,31.46,0.0,0.0,0,No Rain
2025-11-29,LOC006,37.63,57.25,1013.07,12.98,173.7,29.05,9.8,0.0,0,No Rain
2025-11-30,LOC006,40.04,66.73,1009.56,11.66,228.0,32.0,25.8,0.0,0,No Rain
2025-12-01,LOC006,39.84,60.09,1014.51,13.74,186.8,30.75,18.7,0.0,0,No Rain
2025-12-02,LOC006,40.24,67.61,1010.35,13.87,216.4,32.0,1.9,0.0,0,No Rain
2025-12-03,LOC006,38.57,70.09,1012.56,10.14,156.5,32.0,34.0,0.0,0,No Rain
2025-12-04,LOC006,35.74,82.57,1010.8,12.19,268.4,32.0,30.5,0.0,0,No Rain
2025-12-05,LOC006,34.97,67.25,1014.48,12.59,214.6,27.24,0.0,0.0,0,No Rain
2025-12-06,LOC006,34.59,63.43,1012.05,10.77,234.6,27.26,18.3,0.0,0,No Rain
2025-12-07,LOC006,34.25,70.65,1011.73,21.45,266.7,28.08,17.7,0.0,0,No Rain
2025-12-08,LOC006,36.92,66.72,1013.75,15.66,247.7,29.45,3.3,0.0,0,No Rain
2025-12-09,LOC006,35.99,64.76,1010.12,11.52,305.3,29.15,15.3,0.0,0,No Rain
2025-12-10,LOC006,34.21,55.1,1009.83,18.59,212.1,24.8,10.8,0.0,0,No Rain
2025-12-11,LOC006,36.95,58.64,1008.18,11.72,319.0,29.72,16.8,0.0,0,No Rain
2025-12-12,LOC006,35.86,61.94,1010.48,20.55,224.5,29.52,0.0,0.0,0,No Rain
2025-12-13,LOC006,33.72,57.57,1010.05,11.98,233.9,23.81,13.7,0.0,0,No Rain
2025-12-14,LOC006,36.45,57.94,1013.41,10.65,281.8,28.81,20.1,0.0,0,No Rain
2025-12-15,LOC006,36.33,62.31,1010.88,13.4,259.8,27.8,23.8,0.0,0,No Rain
2025-12-16,LOC006,35.91,70.75,1016.83,10.26,237.3,29.75,11.3,0.0,0,No Rain
2025-12-17,LOC006,39.4,59.42,1009.7,11.4,277.0,31.77,27.4,0.0,0,No Rain
2025-12-18,LOC006,34.26,64.45,1011.3,10.55,189.1,27.84,25.3,0.0,0,No Rain
2025-12-19,LOC006,39.69,66.29,1012.25,10.46,219.2,32.0,20.5,0.0,0,No Rain
2025-12-20,LOC006,35.38,62.41,1015.01,14.99,198.6,27.74,20.0,0.0,0,No Rain
2025-12-21,LOC006,35.48,63.54,1012.3,18.42,226.0,28.01,16.9,0.0,0,No Rain
2025-12-22,LOC006,37.81,65.51,1014.7,14.07,195.5,31.28,20.0,0.0,0,No Rain
2025-12-23,LOC006,33.05,64.57,1009.7,11.25,278.6,26.16,11.0,0.0,0,No Rain
2025-12-24,LOC006,35.71,55.46,1011.37,11.09,264.2,27.37,32.9,0.0,0,No Rain
2025-12-25,LOC006,34.74,68.6,1009.86,12.68,229.6,28.51,35.4,0.0,0,No Rain
2025-12-26,LOC006,35.52,66.71,1014.05,14.56,260.6,28.88,15.3,0.0,0,No Rain
2025-12-27,LOC006,30.12,64.42,1011.46,11.28,195.3,23.88,6.4,0.0,0,No Rain
2025-12-28,LOC006,37.14,62.02,1014.59,23.02,216.9,29.31,7.6,0.0,0,No Rain
2025-12-29,LOC006,35.31,63.23,1012.42,18.48,182.4,27.8,9.8,0.0,0,No Rain
2025-12-30,LOC006,35.96,68.13,1011.9,15.79,222.3,28.74,14.6,0.0,0,No Rain
2025-12-31,LOC006,32.65,57.61,1012.42,16.28,227.0,23.75,12.2,0.0,0,No Rain
2024-01-01,LOC007,35.13,64.73,992.81,13.04,89.8,30.36,28.5,0.0,0,No Rain
2024-01-02,LOC007,34.72,48.25,993.77,11.8,332.6,24.16,22.3,0.0,0,No Rain
2024-01-03,LOC007,33.95,62.22,993.57,10.49,68.0,25.73,17.1,1.75,0,Light
2024-01-04,LOC007,36.85,48.4,990.52,11.09,94.5,27.6,30.5,0.0,0,No Rain
2024-01-05,LOC007,34.04,58.59,996.19,10.27,55.2,27.68,0.0,2.47,0,Light
2024-01-06,LOC007,35.04,45.75,994.72,12.75,117.3,25.76,18.0,2.02,0,Light
2024-01-07,LOC007,36.15,54.67,994.0,23.66,50.7,27.01,15.4,0.0,0,No Rain
2024-01-08,LOC007,35.44,56.67,989.93,11.9,106.4,25.51,30.9,0.0,0,No Rain
2024-01-09,LOC007,37.74,55.4,992.22,14.06,102.8,29.28,12.2,0.0,0,No Rain
2024-01-10,LOC007,34.97,62.03,992.09,12.76,102.3,28.35,40.9,0.0,0,No Rain
2024-01-11,LOC007,36.12,45.94,997.98,10.14,101.3,25.14,17.1,27.16,0,Moderate
2024-01-12,LOC007,34.23,57.11,995.38,13.92,35.0,25.06,9.7,0.0,0,No Rain
2024-01-13,LOC007,34.62,62.19,997.05,13.42,115.9,27.89,25.7,0.0,0,No Rain
2024-01-14,LOC007,36.01,53.02,994.8,11.15,42.5,25.35,8.6,0.0,0,No Rain
2024-01-15,LOC007,34.14,65.37,993.04,18.9,75.6,27.88,29.2,0.0,0,No Rain
2024-01-16,LOC007,34.3,54.43,991.98,11.07,20.9,23.66,10.3,0.0,0,No Rain
2024-01-17,LOC007,35.0,55.31,988.35,19.13,66.2,26.39,3.2,0.0,0,No Rain
2024-01-18,LOC007,33.03,56.01,990.88,15.34,83.0,23.94,14.3,0.0,0,No Rain
2024-01-19,LOC007,35.97,56.86,993.21,14.59,86.9,27.56,21.0,0.0,0,No Rain
2024-01-20,LOC007,33.84,52.49,993.63,11.39,21.6,24.02,10.9,0.0,0,No Rain
2024-01-21,LOC007,36.01,56.06,990.23,15.0,82.3,26.28,21.2,0.0,0,No Rain
2024-01-22,LOC007,35.09,46.93,993.99,21.81,70.8,24.66,16.8,17.24,0,Moderate
2024-01-23,LOC007,31.51,68.15,992.99,13.69,36.9,25.88,18.2,0.0,0,No Rain
2024-01-24,LOC007,34.12,66.29,993.97,10.22,31.5,26.94,24.1,0.0,0,No Rain
2024-01-25,LOC007,33.0,58.72,990.82,10.27,355.0,25.11,29.7,0.0,0,No Rain
2024-01-26,LOC007,31.39,57.27,994.86,14.55,15.2,23.37,0.3,0.0,0,No Rain
2024-01-27,LOC007,33.9,61.13,991.08,15.77,88.2,25.53,14.6,0.0,0,No Rain
2024-01-28,LOC007,31.08,62.93,992.85,10.21,107.3,23.65,9.9,0.0,0,No Rain
2024-01-29,LOC007,34.01,47.44,993.1,14.03,69.5,22.38,10.3,0.0,0,No Rain
2024-01-30,LOC007,35.93,52.49,993.05,21.49,57.1,26.82,25.0,0.0,0,No Rain
2024-01-31,LOC007,34.19,54.52,991.75,12.81,136.9,25.34,8.7,0.0,0,No Rain
2024-02-01,LOC007,33.63,62.84,995.97,12.94,56.7,26.95,30.2,0.0,0,No Rain
2024-02-02,LOC007,33.54,49.79,993.42,10.08,83.8,22.11,18.6,5.56,0,Light
2024-02-03,LOC007,35.86,54.51,995.0,11.1,58.6,27.71,10.4,0.0,0,No Rain
2024-02-04,LOC007,36.63,57.97,992.67,12.6,104.2,28.65,27.4,0.0,0,No Rain
2024-02-05,LOC007,32.59,40.98,986.23,10.5,17.4,19.82,10.7,0.0,0,No Rain
2024-02-06,LOC007,35.83,63.58,991.21,20.98,14.9,27.41,7.6,0.0,0,No Rain
2024-02-07,LOC007,34.91,48.31,990.4,27.61,32.5,23.96,22.5,0.0,0,No Rain
2024-02-08,LOC007,31.51,61.45,991.66,11.99,44.9,23.08,14.6,0.0,0,No Rain
2024-02-09,LOC007,32.75,51.71,990.76,10.87,61.8,23.28,21.7,0.0,0,No Rain
2024-02-10,LOC007,33.77,60.54,996.12,20.55,36.4,25.22,23.8,0.0,0,No Rain
2024-02-11,LOC007,32.36,44.03,987.48,15.81,110.8,20.0,17.6,0.0,0,No Rain
2024-02-12,LOC007,29.69,52.32,992.53,10.0,44.1,20.14,28.0,0.0,0,No Rain
2024-02-13,LOC007,29.61,56.23,994.11,11.88,70.0,22.3,25.8,0.0,0,No Rain
2024-02-14,LOC007,27.59,60.7,995.76,13.77,60.5,19.69,8.4,0.0,0,No Rain
2024-02-15,LOC007,32.58,62.94,995.0,17.37,70.4,24.44,0.0,0.0,0,No Rain
2024-02-16,LOC007,33.76,51.88,991.35,10.64,25.9,23.56,7.1,35.71,0,Moderate
2024-02-17,LOC007,35.33,53.27,997.41,14.18,123.4,26.11,9.0,0.0,0,No Rain
2024-02-18,LOC007,34.31,62.5,991.38,14.89,100.5,26.77,8.6,0.0,0,No Rain
2024-02-19,LOC007,28.26,61.24,997.14,12.3,109.7,20.69,15.0,0.0,0,No Rain
2024-02-20,LOC007,30.17,58.01,992.07,22.44,99.0,22.68,14.6,8.96,0,Light
2024-02-21,LOC007,29.41,57.33,990.23,12.49,67.1,20.51,33.3,0.0,0,No Rain
2024-02-22,LOC007,35.23,45.13,988.73,11.02,62.8,24.05,3.1,0.0,0,No Rain
2024-02-23,LOC007,27.75,46.36,998.91,12.17,73.2,18.28,6.7,0.0,0,No Rain
2024-02-24,LOC007,30.29,68.16,996.38,15.23,82.2,24.76,8.6,0.0,0,No Rain
2024-02-25,LOC007,31.42,66.65,992.21,11.95,71.1,24.02,13.4,0.0,0,No Rain
2024-02-26,LOC007,32.39,57.6,988.91,12.76,60.5,23.73,26.7,0.0,0,No Rain
2024-02-27,LOC007,30.79,69.4,994.0,13.09,166.1,24.29,23.8,0.0,0,No Rain
2024-02-28,LOC007,29.02,58.91,991.7,30.72,114.9,20.89,4.4,0.0,0,No Rain
2024-02-29,LOC007,32.56,54.35,991.01,20.89,107.8,23.1,13.8,0.0,0,No Rain
2024-03-01,LOC007,28.94,52.61,993.91,13.5,66.7,18.24,23.7,0.0,0,No Rain
2024-03-02,LOC007,29.05,61.68,994.4,11.72,99.8,21.55,16.3,0.0,0,No Rain
2024-03-03,LOC007,32.26,57.47,991.64,18.61,357.2,23.12,7.7,0.0,0,No Rain
2024-03-04,LOC007,29.4,37.28,989.58,11.57,66.4,17.4,18.9,0.0,0,No Rain
2024-03-05,LOC007,31.06,51.87,984.12,29.03,152.3,22.36,20.2,0.0,0,No Rain
2024-03-06,LOC007,29.09,49.41,986.88,10.1,18.3,20.46,11.4,0.0,0,No Rain
2024-03-07,LOC007,24.67,56.09,992.13,11.41,286.3,14.37,9.5,0.0,0,No Rain
2024-03-08,LOC007,27.06,53.45,992.45,17.49,14.7,17.99,8.3,0.0,0,No Rain
2024-03-09,LOC007,32.13,47.7,994.1,12.04,73.1,21.89,0.0,3.42,0,Light
2024-03-10,LOC007,26.93,52.35,994.17,26.81,39.4,16.74,15.7,0.0,0,No Rain
2024-03-11,LOC007,30.38,68.96,995.11,13.32,98.6,24.94,29.0,0.0,0,No Rain
2024-03-12,LOC007,30.55,59.9,994.11,12.8,50.7,22.78,16.2,0.0,0,No Rain
2024-03-13,LOC007,27.91,57.7,997.45,10.39,339.3,19.58,1.4,0.0,0,No Rain
2024-03-14,LOC007,29.54,40.83,992.64,10.34,86.5,17.47,0.0,0.0,0,No Rain
2024-03-15,LOC007,33.35,58.74,992.83,20.17,101.8,26.6,9.4,0.0,0,No Rain
2024-03-16,LOC007,28.86,50.9,997.5,11.12,28.4,16.59,7.8,0.0,0,No Rain
2024-03-17,LOC007,29.95,46.96,994.2,10.65,354.7,18.32,25.4,0.0,0,No Rain
2024-03-18,LOC007,26.37,64.03,991.35,14.24,37.4,18.96,23.9,0.0,0,No Rain
2024-03-19,LOC007,29.45,53.98,989.74,14.37,29.0,20.81,17.4,0.0,0,No Rain
2024-03-20,LOC007,30.45,50.98,990.59,10.2,64.4,19.88,14.2,0.0,0,No Rain
2024-03-21,LOC007,31.71,50.81,996.45,10.92,58.7,22.25,19.4,0.0,0,No Rain
2024-03-22,LOC007,25.16,49.65,995.62,10.5,24.7,14.0,23.0,0.0,0,No Rain
2024-03-23,LOC007,27.21,54.34,991.15,12.53,41.2,18.18,18.7,0.0,0,No Rain
2024-03-24,LOC007,29.21,57.25,993.06,22.78,77.5,21.62,21.6,0.0,0,No Rain
2024-03-25,LOC007,29.82,64.26,993.88,11.83,85.1,24.5,14.7,20.46,0,Moderate
2024-03-26,LOC007,30.55,51.86,994.37,21.86,25.0,21.37,20.2,0.0,0,No Rain
2024-03-27,LOC007,30.1,52.64,988.26,11.99,352.3,21.68,0.0,0.0,0,No Rain
2024-03-28,LOC007,27.33,66.21,991.48,10.04,73.4,20.6,24.2,0.0,0,No Rain
2024-03-29,LOC007,26.52,51.93,991.98,11.49,90.5,16.19,8.8,0.0,0,No Rain
2024-03-30,LOC007,27.29,44.0,995.03,11.21,113.1,17.32,1.2,0.0,0,No Rain
2024-03-31,LOC007,28.32,53.14,995.0,21.81,113.0,19.86,22.9,0.0,0,No Rain
2024-04-01,LOC007,26.23,53.32,992.07,10.75,31.7,17.14,18.1,0.0,0,No Rain
2024-04-02,LOC007,28.35,43.22,994.4,11.46,63.2,16.85,27.3,0.0,0,No Rain
2024-04-03,LOC007,25.88,41.44,993.53,17.79,66.8,15.43,18.4,0.0,0,No Rain
2024-04-04,LOC007,27.03,60.18,989.96,11.62,137.6,19.46,21.2,0.0,0,No Rain
2024-04-05,LOC007,27.68,60.37,993.97,20.19,26.6,20.69,16.0,0.0,0,No Rain
2024-04-06,LOC007,27.24,56.28,992.93,12.33,122.9,19.35,28.0,0.0,0,No Rain
2024-04-07,LOC007,26.08,66.6,994.41,10.84,46.1,19.8,8.3,0.0,0,No Rain
2024-04-08,LOC007,29.27,51.68,993.26,14.57,348.3,19.48,21.0,0.0,0,No Rain
2024-04-09,LOC007,29.61,57.81,991.71,12.37,104.7,20.09,5.4,0.0,0,No Rain
2024-04-10,LOC007,28.27,58.42,994.0,11.11,47.3,20.61,18.9,4.45,0,Light
2024-04-11,LOC007,29.98,60.94,994.18,14.38,84.1,22.85,24.8,0.0,0,No Rain
2024-04-12,LOC007,30.86,54.08,995.14,20.86,93.6,21.06,0.8,0.0,0,No Rain
2024-04-13,LOC007,27.6,51.45,993.18,17.75,54.6,17.34,19.3,0.0,0,No Rain
2024-04-14,LOC007,28.49,55.68,987.61,10.77,122.9,20.17,20.4,0.0,0,No Rain
2024-04-15,LOC007,23.83,49.75,994.61,14.85,69.2,13.83,25.3,2.23,0,Light
2024-04-16,LOC007,22.53,54.49,991.4,11.68,6.5,13.59,18.7,0.0,0,No Rain
2024-04-17,LOC007,30.6,57.29,993.56,10.11,78.0,22.39,30.2,0.0,0,No Rain
2024-04-18,LOC007,29.34,56.91,991.02,10.28,18.7,19.77,19.5,0.0,0,No Rain
2024-04-19,LOC007,28.62,54.0,995.91,11.18,19.5,20.06,27.8,0.0,0,No Rain
2024-04-20,LOC007,27.53,55.68,994.28,14.87,52.5,19.61,22.7,0.0,0,No Rain
2024-04-21,LOC007,26.31,54.37,993.72,14.1,41.8,17.03,28.3,16.0,0,Moderate
2024-04-22,LOC007,30.11,57.56,988.1,15.44,67.4,21.16,13.7,0.0,0,No Rain
2024-04-23,LOC007,27.1,48.98,992.23,13.04,353.9,15.94,28.6,0.0,0,No Rain
2024-04-24,LOC007,26.35,52.57,992.04,14.8,46.7,17.44,35.6,1.43,0,Light
2024-04-25,LOC007,30.26,63.7,996.29,14.52,35.3,23.55,27.3,1.14,0,Light
2024-04-26,LOC007,23.0,52.72,991.04,12.6,25.8,13.58,26.3,0.0,0,No Rain
2024-04-27,LOC007,29.41,54.01,992.35,17.13,24.4,20.57,18.1,0.0,0,No Rain
2024-04-28,LOC007,27.28,51.36,994.1,20.28,71.8,18.17,38.7,0.0,0,No Rain
2024-04-29,LOC007,28.74,56.08,995.22,17.35,52.6,19.07,18.9,0.0,0,No Rain
2024-04-30,LOC007,27.05,58.61,991.21,15.43,171.2,19.76,0.7,13.93,0,Light
2024-05-01,LOC007,27.92,44.79,990.57,16.73,345.5,16.84,19.0,0.0,0,No Rain
2024-05-02,LOC007,31.22,61.57,988.43,12.23,32.5,22.1,12.5,0.0,0,No Rain
2024-05-03,LOC007,27.16,59.06,994.49,12.61,10.4,20.68,25.5,0.0,0,No Rain
2024-05-04,LOC007,23.32,51.78,993.77,13.11,102.9,13.02,37.9,0.0,0,No Rain
2024-05-05,LOC007,28.74,59.51,993.35,11.62,105.8,20.09,20.9,0.0,0,No Rain
2024-05-06,LOC007,25.63,67.8,990.05,17.3,52.6,19.69,26.9,0.59,0,Light
2024-05-07,LOC007,28.96,61.58,987.78,21.52,70.3,20.48,14.1,0.0,0,No Rain
2024-05-08,LOC007,27.98,52.02,993.83,11.47,39.7,18.07,13.8,0.0,0,No Rain
2024-05-09,LOC007,27.07,58.41,991.1,12.59,49.6,19.29,31.5,0.0,0,No Rain
2024-05-10,LOC007,27.1,58.8,989.92,11.67,43.7,17.76,1.8,0.0,0,No Rain
2024-05-11,LOC007,28.29,49.47,989.27,15.66,23.4,18.43,24.4,0.0,0,No Rain
2024-05-12,LOC007,27.09,56.62,987.62,14.19,22.9,19.12,27.0,0.0,0,No Rain
2024-05-13,LOC007,28.32,58.63,989.56,11.27,17.4,19.2,17.1,0.0,0,No Rain
2024-05-14,LOC007,30.06,53.71,990.91,12.23,51.7,19.56,26.2,0.0,0,No Rain
2024-05-15,LOC007,25.96,52.42,991.34,13.16,122.2,17.09,37.5,2.97,0,Light
2024-05-16,LOC007,24.46,56.41,986.83,27.18,346.9,15.71,10.3,0.0,0,No Rain
2024-05-17,LOC007,25.04,67.22,993.48,13.76,343.7,19.02,0.0,0.0,0,No Rain
2024-05-18,LOC007,26.67,66.28,990.69,13.15,49.8,19.6,9.1,0.0,0,No Rain
2024-05-19,LOC007,27.1,64.22,990.57,19.01,72.6,19.05,20.6,0.0,0,No Rain
2024-05-20,LOC007,31.3,52.71,995.38,12.29,39.8,21.46,31.2,0.0,0,No Rain
2024-05-21,LOC007,26.92,58.65,989.07,20.88,44.3,19.45,21.0,0.0,0,No Rain
2024-05-22,LOC007,27.42,62.95,996.13,16.27,70.6,20.97,13.5,0.0,0,No Rain
2024-05-23,LOC007,23.64,66.81,991.57,13.52,52.4,18.53,25.9,0.0,0,No Rain
2024-05-24,LOC007,25.79,50.06,990.58,15.13,105.2,16.62,5.6,0.0,0,No Rain
2024-05-25,LOC007,27.81,50.44,996.08,14.42,53.8,17.21,30.5,46.8,0,Moderate
2024-05-26,LOC007,22.04,60.82,993.73,12.46,354.3,13.79,32.6,0.0,0,No Rain
2024-05-27,LOC007,27.66,60.86,990.96,13.36,11.2,20.45,43.1,0.0,0,No Rain
2024-05-28,LOC007,27.86,56.35,990.46,11.52,49.9,18.93,3.5,0.0,0,No Rain
2024-05-29,LOC007,30.25,43.24,995.65,16.47,80.1,18.74,40.9,0.0,0,No Rain
2024-05-30,LOC007,27.79,49.32,990.58,23.64,65.3,19.04,27.7,0.0,0,No Rain
2024-05-31,LOC007,29.69,66.51,994.23,12.77,117.1,21.7,24.9,0.0,0,No Rain
2024-06-01,LOC007,24.56,71.79,983.15,21.45,84.7,18.27,58.1,0.0,0,No Rain
2024-06-02,LOC007,26.98,75.52,984.25,17.8,312.6,22.76,59.8,0.0,0,No Rain
2024-06-03,LOC007,26.85,53.54,988.26,20.75,108.7,18.3,42.1,0.0,0,No Rain
2024-06-04,LOC007,26.68,59.81,984.64,22.26,16.0,17.53,24.7,0.0,0,No Rain
2024-06-05,LOC007,24.84,65.45,985.41,25.89,11.8,18.08,38.2,0.0,0,No Rain
2024-06-06,LOC007,28.0,69.23,986.14,20.73,64.7,21.5,39.9,0.0,0,No Rain
2024-06-07,LOC007,26.6,82.05,983.09,17.23,67.6,23.04,37.9,0.0,0,No Rain
2024-06-08,LOC007,26.22,69.51,980.1,18.66,43.6,19.26,51.7,0.5,0,Light
2024-06-09,LOC007,26.57,64.6,987.1,16.12,85.9,19.17,52.5,0.0,0,No Rain
2024-06-10,LOC007,24.86,58.91,987.17,19.75,53.2,16.81,34.5,0.0,0,No Rain
2024-06-11,LOC007,24.61,71.06,984.57,18.66,39.4,18.74,50.6,6.6,0,Light
2024-06-12,LOC007,27.18,65.8,988.35,16.89,81.9,19.73,43.7,23.37,0,Moderate
2024-06-13,LOC007,24.21,61.13,991.3,20.19,38.9,15.68,26.0,0.0,0,No Rain
2024-06-14,LOC007,28.25,69.85,981.47,18.91,64.1,21.66,34.0,0.0,0,No Rain
2024-06-15,LOC007,24.03,62.53,985.63,21.9,38.7,17.46,41.9,0.0,0,No Rain
2024-06-16,LOC007,24.96,77.9,988.79,18.18,22.1,21.52,53.0,0.0,0,No Rain
2024-06-17,LOC007,23.79,72.8,981.79,18.21,8.2,17.46,34.6,0.0,0,No Rain
2024-06-18,LOC007,25.3,69.57,990.57,16.28,69.4,20.17,45.7,0.5,0,Light
2024-06-19,LOC007,26.61,84.08,987.69,21.41,36.2,23.87,36.3,0.0,0,No Rain
2024-06-20,LOC007,29.08,62.07,993.05,18.55,345.0,22.68,39.2,0.0,0,No Rain
2024-06-21,LOC007,27.98,70.96,977.88,22.13,94.0,22.2,33.9,0.0,0,No Rain
2024-06-22,LOC007,26.15,77.76,990.02,21.59,39.5,21.3,49.3,0.0,0,No Rain
2024-06-23,LOC007,24.34,69.86,989.34,17.02,115.1,17.6,41.3,0.0,0,No Rain
2024-06-24,LOC007,26.05,67.24,988.37,19.08,77.2,19.72,41.3,16.0,0,Moderate
2024-06-25,LOC007,24.26,71.13,981.93,18.8,67.1,17.74,39.9,0.0,0,No Rain
2024-06-26,LOC007,28.33,66.35,988.98,16.54,67.5,21.29,37.0,0.0,0,No Rain
2024-06-27,LOC007,25.36,65.39,985.34,22.75,58.3,19.21,60.4,32.75,0,Moderate
2024-06-28,LOC007,25.27,75.29,988.61,20.92,4.0,20.26,32.1,0.0,0,No Rain
2024-06-29,LOC007,28.83,70.24,988.59,23.59,71.7,22.61,49.8,0.0,0,No Rain
2024-06-30,LOC007,25.98,66.63,987.93,23.79,79.8,18.9,37.3,0.0,0,No Rain
2024-07-01,LOC007,27.17,74.21,977.39,25.9,27.1,22.13,72.4,34.29,0,Moderate
2024-07-02,LOC007,24.75,89.96,984.37,25.85,85.6,22.69,74.9,0.5,0,Light
2024-07-03,LOC007,27.25,80.48,984.78,28.84,108.4,22.64,76.6,0.0,0,No Rain
2024-07-04,LOC007,27.13,88.93,979.47,25.19,32.2,25.04,70.7,46.11,0,Moderate
2024-07-05,LOC007,24.88,84.43,981.91,25.16,75.0,21.54,85.3,0.0,0,No Rain
2024-07-06,LOC007,25.77,79.74,982.23,27.73,5.1,20.75,71.6,6.41,0,Light
2024-07-07,LOC007,25.62,85.41,984.56,31.21,120.9,22.05,82.0,5.68,0,Light
2024-07-08,LOC007,25.96,84.26,981.21,23.89,28.2,22.7,95.6,11.13,0,Light
2024-07-09,LOC007,24.94,92.97,978.35,24.59,142.7,23.42,73.9,2.83,0,Light
2024-07-10,LOC007,26.56,74.9,976.8,25.17,35.7,21.41,73.5,16.0,0,Moderate
2024-07-11,LOC007,26.64,91.56,980.64,25.28,124.2,23.81,89.7,2.41,0,Light
2024-07-12,LOC007,27.58,80.85,977.38,26.87,324.7,23.18,88.7,0.55,0,Light
2024-07-13,LOC007,29.41,90.18,981.15,28.87,24.6,27.15,100.0,0.77,0,Light
2024-07-14,LOC007,25.58,84.39,982.16,23.71,70.2,22.52,75.4,43.55,0,Moderate
2024-07-15,LOC007,24.44,80.49,979.74,24.91,95.3,18.95,100.0,0.0,0,No Rain
2024-07-16,LOC007,25.29,85.22,980.84,24.4,9.7,22.05,90.6,3.35,0,Light
2024-07-17,LOC007,23.81,86.02,983.92,30.6,71.6,20.1,74.5,20.24,0,Moderate
2024-07-18,LOC007,25.63,80.13,982.04,33.06,16.8,22.53,79.4,2.09,0,Light
2024-07-19,LOC007,27.4,90.35,978.13,26.65,36.1,26.8,86.7,14.95,0,Light
2024-07-20,LOC007,29.1,97.69,978.51,23.79,50.6,28.98,77.2,8.37,0,Light
2024-07-21,LOC007,26.71,81.42,979.28,26.67,2.7,22.04,94.6,23.57,0,Moderate
2024-07-22,LOC007,26.02,76.72,977.66,30.4,85.6,21.85,88.8,4.18,0,Light
2024-07-23,LOC007,28.25,91.03,983.04,33.49,83.0,26.5,91.1,85.79,1,Heavy
2024-07-24,LOC007,27.69,76.36,981.15,29.71,94.7,22.27,85.9,2.11,0,Light
2024-07-25,LOC007,30.87,90.61,982.25,28.7,0.6,28.81,83.3,3.08,0,Light
2024-07-26,LOC007,26.11,74.51,980.02,27.32,8.9,20.0,90.5,0.0,0,No Rain
2024-07-27,LOC007,31.02,92.96,979.72,29.59,47.5,30.0,78.9,1.91,0,Light
2024-07-28,LOC007,24.0,99.0,979.4,28.54,151.5,24.2,92.1,5.65,0,Light
2024-07-29,LOC007,29.49,81.59,979.89,25.55,118.9,27.53,75.8,102.68,1,Heavy
2024-07-30,LOC007,26.75,91.6,983.56,25.75,42.3,26.16,72.9,35.64,0,Moderate
2024-07-31,LOC007,26.09,88.21,978.64,24.95,126.7,23.44,89.3,1.21,0,Light
2024-08-01,LOC007,25.9,81.7,981.15,23.61,34.3,22.82,92.3,6.04,0,Light
2024-08-02,LOC007,29.9,88.93,985.54,26.42,95.2,28.41,83.7,79.32,1,Heavy
2024-08-03,LOC007,26.51,89.16,982.98,29.51,17.3,22.46,69.5,64.0,0,Moderate
2024-08-04,LOC007,24.9,98.53,986.49,24.68,25.7,24.71,69.6,0.83,0,Light
2024-08-05,LOC007,26.61,83.58,980.77,26.96,144.6,23.69,82.0,0.0,0,No Rain
2024-08-06,LOC007,30.42,90.9,985.35,24.14,109.1,29.14,82.6,16.0,0,Moderate
2024-08-07,LOC007,24.2,78.53,982.13,23.66,26.1,19.92,65.9,0.0,0,No Rain
2024-08-08,LOC007,23.71,89.95,984.15,27.26,25.3,21.85,91.1,0.0,0,No Rain
2024-08-09,LOC007,28.93,86.86,984.37,23.74,10.8,25.04,81.1,3.61,0,Light
2024-08-10,LOC007,28.0,84.61,980.7,27.72,6.1,24.59,97.1,8.85,0,Light
2024-08-11,LOC007,29.45,80.6,987.08,23.62,34.1,26.71,68.2,0.0,0,No Rain
2024-08-12,LOC007,27.1,84.25,984.22,31.46,66.8,22.12,81.3,0.0,0,No Rain
2024-08-13,LOC007,27.57,86.64,981.77,29.97,97.4,26.23,73.7,0.5,0,Light
2024-08-14,LOC007,28.16,78.68,985.24,28.59,106.2,26.09,85.0,6.16,0,Light
2024-08-15,LOC007,29.77,91.61,980.61,23.61,350.8,27.52,84.5,64.0,0,Moderate
2024-08-16,LOC007,30.66,82.05,979.15,24.39,23.1,27.23,92.3,21.98,0,Moderate
2024-08-17,LOC007,27.06,88.24,981.1,24.99,88.2,23.31,66.8,107.65,1,Heavy
2024-08-18,LOC007,27.02,86.17,984.0,34.11,201.5,26.6,96.8,3.39,0,Light
2024-08-19,LOC007,27.09,84.76,984.72,26.95,66.8,24.35,84.9,0.0,0,No Rain
2024-08-20,LOC007,28.17,93.15,983.45,23.8,114.0,25.72,71.6,8.62,0,Light
2024-08-21,LOC007,30.15,99.0,982.19,27.4,344.7,29.98,82.2,2.32,0,Light
2024-08-22,LOC007,28.98,92.84,981.1,24.41,61.1,27.8,78.4,19.34,0,Moderate
2024-08-23,LOC007,29.73,86.5,978.47,25.89,64.6,26.59,73.7,0.5,0,Light
2024-08-24,LOC007,33.98,86.33,983.71,36.02,91.4,31.79,88.3,1.46,0,Light
2024-08-25,LOC007,27.32,78.27,977.63,26.48,68.6,22.83,90.6,12.79,0,Light
2024-08-26,LOC007,28.82,90.39,980.65,36.87,31.9,27.45,81.5,35.26,0,Moderate
2024-08-27,LOC007,27.12,91.37,982.4,26.08,28.1,25.93,83.2,2.47,0,Light
2024-08-28,LOC007,29.14,92.81,981.8,23.6,79.4,28.69,87.7,1.91,0,Light
2024-08-29,LOC007,30.31,89.5,983.77,30.17,94.8,27.53,88.5,34.85,0,Moderate
2024-08-30,LOC007,34.62,91.75,980.47,33.84,64.4,32.0,86.3,6.36,0,Light
2024-08-31,LOC007,30.32,80.57,979.29,30.06,28.7,25.83,89.3,0.0,0,No Rain
2024-09-01,LOC007,33.37,67.36,984.92,21.1,46.5,26.95,45.8,0.0,0,No Rain
2024-09-02,LOC007,32.42,66.17,987.67,16.43,355.6,25.62,23.9,0.0,0,No Rain
2024-09-03,LOC007,33.99,68.58,989.96,17.43,8.8,28.29,42.7,0.0,0,No Rain
2024-09-04,LOC007,34.27,65.15,985.42,16.88,65.8,27.32,39.1,2.69,0,Light
2024-09-05,LOC007,32.76,70.45,987.55,18.53,74.6,26.79,33.9,60.79,0,Moderate
2024-09-06,LOC007,29.15,71.99,987.62,25.74,44.9,24.88,62.7,0.0,0,No Rain
2024-09-07,LOC007,30.23,68.68,988.09,17.77,31.2,24.31,32.2,22.98,0,Moderate
2024-09-08,LOC007,30.52,69.18,986.37,16.66,53.8,24.85,56.9,2.4,0,Light
2024-09-09,LOC007,30.78,75.32,993.61,19.75,349.7,24.53,21.5,3.37,0,Light
2024-09-10,LOC007,33.49,64.89,986.23,20.62,348.5,27.13,71.5,0.0,0,No Rain
2024-09-11,LOC007,31.75,64.87,986.03,17.01,43.8,23.86,45.3,0.0,0,No Rain
2024-09-12,LOC007,33.34,59.24,987.35,21.54,70.8,26.61,59.2,126.56,1,Very/Extremely Heavy
2024-09-13,LOC007,29.65,75.28,985.1,16.37,24.5,23.98,40.2,0.0,0,No Rain
2024-09-14,LOC007,31.26,69.82,988.74,18.07,58.1,26.37,57.5,0.0,0,No Rain
2024-09-15,LOC007,31.66,72.61,990.73,29.95,37.0,25.53,40.3,0.0,0,No Rain
2024-09-16,LOC007,33.98,71.34,990.01,20.23,44.7,29.24,47.8,0.0,0,No Rain
2024-09-17,LOC007,33.1,63.69,987.73,17.35,13.0,26.91,37.0,0.0,0,No Rain
2024-09-18,LOC007,35.9,66.37,991.08,26.96,129.8,29.96,37.4,0.0,0,No Rain
2024-09-19,LOC007,28.66,71.14,987.72,21.32,353.7,24.22,57.4,0.0,0,No Rain
2024-09-20,LOC007,31.16,80.29,991.85,24.8,69.0,27.74,46.8,0.0,0,No Rain
2024-09-21,LOC007,31.49,72.2,982.93,33.36,33.7,26.95,38.5,25.01,0,Moderate
2024-09-22,LOC007,29.76,64.69,991.7,18.02,71.7,22.49,33.2,0.0,0,No Rain
2024-09-23,LOC007,36.91,65.03,994.36,18.19,102.7,29.83,40.4,21.28,0,Moderate
2024-09-24,LOC007,35.28,63.05,983.59,22.1,49.2,26.44,47.5,1.77,0,Light
2024-09-25,LOC007,32.53,74.29,982.66,20.81,59.6,26.42,48.5,0.0,0,No Rain
2024-09-26,LOC007,35.67,68.68,982.04,20.8,113.3,30.42,48.8,0.0,0,No Rain
2024-09-27,LOC007,29.8,75.13,986.06,16.4,43.9,23.78,43.8,0.88,0,Light
2024-09-28,LOC007,35.48,70.12,986.93,23.7,45.1,30.35,51.1,64.0,0,Moderate
2024-09-29,LOC007,33.45,76.3,987.38,19.77,30.1,29.0,44.9,27.19,0,Moderate
2024-09-30,LOC007,33.79,58.56,984.68,16.48,81.9,26.01,30.9,0.0,0,No Rain
2024-10-01,LOC007,36.88,46.99,991.41,11.3,29.7,25.8,18.0,22.29,0,Moderate
2024-10-02,LOC007,31.7,62.81,991.63,16.65,88.4,23.38,31.1,0.0,0,No Rain
2024-10-03,LOC007,31.93,64.76,990.17,11.29,108.3,24.22,17.9,0.0,0,No Rain
2024-10-04,LOC007,32.9,54.55,992.22,11.27,146.2,23.94,18.9,0.0,0,No Rain
2024-10-05,LOC007,33.6,48.65,990.98,19.65,101.7,24.35,35.9,0.0,0,No Rain
2024-10-06,LOC007,32.21,55.33,994.26,18.52,358.1,21.22,21.0,0.0,0,No Rain
2024-10-07,LOC007,37.51,51.14,992.34,11.58,27.2,28.04,10.7,0.0,0,No Rain
2024-10-08,LOC007,36.33,58.18,987.21,15.22,113.0,27.99,18.4,4.96,0,Light
2024-10-09,LOC007,33.01,46.82,990.82,12.77,58.7,21.71,21.5,0.0,0,No Rain
2024-10-10,LOC007,36.1,60.91,993.83,11.87,67.3,30.03,9.8,0.0,0,No Rain
2024-10-11,LOC007,35.2,51.06,991.09,14.4,109.4,25.66,7.6,0.0,0,No Rain
2024-10-12,LOC007,36.24,54.46,990.2,13.46,33.2,27.94,13.2,0.0,0,No Rain
2024-10-13,LOC007,35.01,55.54,997.07,14.31,122.4,25.0,22.8,0.0,0,No Rain
2024-10-14,LOC007,39.91,57.03,992.89,12.51,80.8,29.74,29.0,0.0,0,No Rain
2024-10-15,LOC007,37.56,58.66,989.54,12.31,167.9,29.2,12.9,0.0,0,No Rain
2024-10-16,LOC007,39.82,58.43,988.96,12.06,347.8,31.73,27.4,3.34,0,Light
2024-10-17,LOC007,38.98,55.72,990.91,16.78,117.7,29.36,32.5,0.0,0,No Rain
2024-10-18,LOC007,39.07,64.11,989.84,16.16,24.4,32.0,21.7,6.84,0,Light
2024-10-19,LOC007,33.19,61.04,990.72,12.83,6.1,26.47,22.6,0.0,0,No Rain
2024-10-20,LOC007,35.22,56.16,992.09,14.01,51.2,25.62,24.7,0.0,0,No Rain
2024-10-21,LOC007,36.13,60.65,990.33,14.07,14.4,28.92,26.0,4.1,0,Light
2024-10-22,LOC007,30.22,60.98,988.15,11.41,55.1,22.21,20.5,0.0,0,No Rain
2024-10-23,LOC007,36.02,53.34,989.27,14.52,78.7,26.02,13.9,0.0,0,No Rain
2024-10-24,LOC007,35.25,50.51,989.1,12.81,18.6,26.41,28.8,0.0,0,No Rain
2024-10-25,LOC007,38.72,60.43,993.38,13.93,57.1,31.1,35.4,0.0,0,No Rain
2024-10-26,LOC007,40.02,54.98,991.17,11.57,355.2,29.22,30.5,0.0,0,No Rain
2024-10-27,LOC007,32.89,60.85,988.42,11.83,74.6,25.71,17.0,0.5,0,Light
2024-10-28,LOC007,33.65,69.28,990.9,17.36,80.5,26.61,10.8,0.0,0,No Rain
2024-10-29,LOC007,34.13,63.05,992.93,18.97,83.1,26.98,9.6,0.0,0,No Rain
2024-10-30,LOC007,38.02,50.87,991.62,18.77,92.1,28.12,15.6,0.0,0,No Rain
2024-10-31,LOC007,33.74,74.8,991.12,25.08,46.8,30.36,5.2,32.7,0,Moderate
2024-11-01,LOC007,34.87,52.99,993.88,13.48,81.3,25.45,4.1,0.0,0,No Rain
2024-11-02,LOC007,35.61,50.52,990.53,12.52,97.6,26.45,34.4,0.0,0,No Rain
2024-11-03,LOC007,39.83,54.6,992.41,10.26,354.9,29.78,18.0,0.0,0,No Rain
2024-11-04,LOC007,36.08,59.63,990.54,10.96,96.1,28.99,12.9,0.0,0,No Rain
2024-11-05,LOC007,37.8,60.36,993.25,25.21,84.1,29.46,14.3,0.0,0,No Rain
2024-11-06,LOC007,38.37,70.92,997.3,10.27,60.4,32.0,22.6,0.0,0,No Rain
2024-11-07,LOC007,36.78,59.08,993.1,11.62,0.4,29.47,0.1,0.0,0,No Rain
2024-11-08,LOC007,35.58,58.5,993.04,10.15,107.8,26.45,0.0,0.0,0,No Rain
2024-11-09,LOC007,38.34,59.06,991.98,11.72,331.0,31.06,31.4,0.0,0,No Rain
2024-11-10,LOC007,36.52,51.82,990.49,14.83,155.2,27.01,17.8,0.0,0,No Rain
2024-11-11,LOC007,39.83,56.17,992.23,13.15,333.4,30.46,25.9,0.0,0,No Rain
2024-11-12,LOC007,38.14,55.52,993.59,14.47,7.2,30.27,10.7,0.0,0,No Rain
2024-11-13,LOC007,37.07,64.11,995.28,15.39,71.7,29.15,26.3,0.0,0,No Rain
2024-11-14,LOC007,41.0,54.47,993.51,23.25,25.3,32.0,19.1,0.0,0,No Rain
2024-11-15,LOC007,36.61,46.41,992.95,15.98,123.3,26.24,20.5,0.0,0,No Rain
2024-11-16,LOC007,37.78,62.65,991.39,19.36,76.1,29.7,27.0,37.32,0,Moderate
2024-11-17,LOC007,34.86,67.62,992.27,15.63,68.3,29.08,10.9,0.0,0,No Rain
2024-11-18,LOC007,40.0,53.57,996.27,14.27,110.4,30.63,16.8,1.51,0,Light
2024-11-19,LOC007,36.01,56.55,990.19,11.53,87.8,27.79,22.2,0.0,0,No Rain
2024-11-20,LOC007,36.35,56.18,990.01,19.39,79.5,27.39,17.1,0.0,0,No Rain
2024-11-21,LOC007,34.75,41.91,990.33,11.31,139.0,25.25,21.2,0.0,0,No Rain
2024-11-22,LOC007,40.16,63.87,988.13,10.8,80.4,32.0,16.8,16.0,0,Moderate
2024-11-23,LOC007,34.12,62.13,991.03,14.24,292.0,26.44,9.5,16.0,0,Moderate
2024-11-24,LOC007,34.97,49.88,991.85,12.47,102.0,23.18,40.2,0.0,0,No Rain
2024-11-25,LOC007,34.18,54.95,993.24,12.19,85.6,24.71,6.0,0.0,0,No Rain
2024-11-26,LOC007,39.52,61.64,995.74,20.49,35.4,31.93,24.0,5.94,0,Light
2024-11-27,LOC007,41.58,54.97,991.62,17.33,54.9,32.0,18.1,0.0,0,No Rain
2024-11-28,LOC007,34.56,61.17,996.15,12.14,87.4,27.22,14.4,0.0,0,No Rain
2024-11-29,LOC007,35.52,45.18,995.38,14.46,45.1,25.49,9.3,0.0,0,No Rain
2024-11-30,LOC007,39.02,66.92,994.52,17.5,137.1,32.0,12.9,0.0,0,No Rain
2024-12-01,LOC007,36.44,46.65,991.57,10.2,2.6,25.06,6.3,0.0,0,No Rain
2024-12-02,LOC007,39.3,52.58,996.2,16.82,143.0,28.73,9.8,0.0,0,No Rain
2024-12-03,LOC007,37.63,61.62,991.66,11.22,48.1,30.91,7.4,0.0,0,No Rain
2024-12-04,LOC007,35.47,58.0,993.13,11.08,43.6,26.96,7.6,0.0,0,No Rain
2024-12-05,LOC007,36.43,43.45,987.76,12.28,21.4,24.41,14.3,0.0,0,No Rain
2024-12-06,LOC007,35.68,53.01,992.47,10.96,55.6,26.09,0.0,0.0,0,No Rain
2024-12-07,LOC007,39.11,55.51,992.17,10.18,74.0,30.34,5.9,0.0,0,No Rain
2024-12-08,LOC007,34.62,50.03,995.24,14.99,354.1,23.57,12.0,0.0,0,No Rain
2024-12-09,LOC007,37.16,62.19,995.09,11.23,43.1,29.11,31.9,0.0,0,No Rain
2024-12-10,LOC007,39.57,54.78,995.53,11.51,63.7,30.37,26.1,2.98,0,Light
2024-12-11,LOC007,39.34,53.79,992.48,13.62,63.6,30.2,28.1,0.0,0,No Rain
2024-12-12,LOC007,32.75,60.76,992.97,11.91,34.1,24.68,18.9,0.0,0,No Rain
2024-12-13,LOC007,36.64,57.77,993.6,13.41,84.7,29.17,10.8,0.0,0,No Rain
2024-12-14,LOC007,34.81,43.95,992.16,12.69,343.8,23.81,25.1,0.0,0,No Rain
2024-12-15,LOC007,36.72,60.05,995.53,13.51,59.8,28.04,0.0,0.0,0,No Rain
2024-12-16,LOC007,36.23,49.07,993.58,14.05,24.9,26.68,25.5,0.0,0,No Rain
2024-12-17,LOC007,34.72,51.92,993.65,12.39,60.8,26.25,17.6,0.0,0,No Rain
2024-12-18,LOC007,34.8,49.21,993.97,10.34,83.4,24.37,0.0,0.0,0,No Rain
2024-12-19,LOC007,37.01,55.11,991.7,11.7,34.4,28.87,8.3,0.0,0,No Rain
2024-12-20,LOC007,42.62,50.67,995.27,18.06,32.6,32.0,10.6,0.0,0,No Rain
2024-12-21,LOC007,37.96,61.51,992.08,16.1,31.4,29.89,22.0,0.0,0,No Rain
2024-12-22,LOC007,36.82,53.16,993.99,12.85,8.5,27.84,12.1,0.0,0,No Rain
2024-12-23,LOC007,40.99,49.24,993.39,10.03,17.4,30.4,21.6,0.0,0,No Rain
2024-12-24,LOC007,34.94,55.76,993.93,12.63,46.8,26.8,22.1,0.0,0,No Rain
2024-12-25,LOC007,35.24,52.53,995.36,17.73,350.6,25.39,16.9,0.0,0,No Rain
2024-12-26,LOC007,35.87,50.47,994.74,14.55,38.7,26.32,18.9,0.0,0,No Rain
2024-12-27,LOC007,36.76,51.63,990.61,10.78,358.5,27.28,39.2,0.0,0,No Rain
2024-12-28,LOC007,38.09,54.31,991.01,11.36,67.8,28.67,16.4,0.0,0,No Rain
2024-12-29,LOC007,35.74,41.7,997.65,10.55,340.4,24.41,11.1,0.0,0,No Rain
2024-12-30,LOC007,33.94,43.33,992.8,11.78,355.5,21.66,14.2,0.0,0,No Rain
2024-12-31,LOC007,32.64,46.34,992.69,15.08,83.5,21.35,11.7,0.0,0,No Rain
2025-01-01,LOC007,37.25,54.22,995.13,12.04,114.0,27.98,24.1,0.0,0,No Rain
2025-01-02,LOC007,35.51,57.37,995.82,12.87,357.4,28.12,26.9,0.0,0,No Rain
2025-01-03,LOC007,37.76,50.05,991.9,20.71,36.6,28.09,23.5,54.7,0,Moderate
2025-01-04,LOC007,37.21,57.0,995.66,10.38,91.8,29.81,27.3,0.0,0,No Rain
2025-01-05,LOC007,33.18,47.68,993.52,29.02,33.2,22.64,0.0,0.0,0,No Rain
2025-01-06,LOC007,34.0,63.83,990.41,10.18,1.1,25.53,10.7,0.0,0,No Rain
2025-01-07,LOC007,36.94,68.75,993.24,16.88,79.0,31.71,37.4,0.0,0,No Rain
2025-01-08,LOC007,36.34,47.64,992.97,20.33,39.1,26.31,5.1,0.0,0,No Rain
2025-01-09,LOC007,36.9,39.93,989.26,15.95,64.3,25.84,9.7,0.0,0,No Rain
2025-01-10,LOC007,33.71,49.01,992.43,21.94,185.3,24.99,5.0,0.0,0,No Rain
2025-01-11,LOC007,35.16,56.48,991.28,12.35,68.7,26.71,21.1,0.0,0,No Rain
2025-01-12,LOC007,31.02,46.08,989.99,16.18,344.9,19.66,6.7,0.0,0,No Rain
2025-01-13,LOC007,32.36,65.57,996.28,10.62,46.3,25.08,26.4,0.0,0,No Rain
2025-01-14,LOC007,33.61,52.4,992.98,16.33,8.9,24.44,25.5,0.0,0,No Rain
2025-01-15,LOC007,33.58,55.79,992.37,16.55,152.8,23.87,14.9,0.0,0,No Rain
2025-01-16,LOC007,31.91,62.88,989.92,12.54,74.8,23.77,21.0,0.0,0,No Rain
2025-01-17,LOC007,33.59,60.06,992.87,13.02,75.3,25.53,21.6,0.0,0,No Rain
2025-01-18,LOC007,36.02,46.94,996.16,14.05,52.7,25.54,22.2,0.0,0,No Rain
2025-01-19,LOC007,34.43,54.78,992.71,30.79,185.7,24.83,20.5,0.0,0,No Rain
2025-01-20,LOC007,35.43,54.39,995.42,10.14,15.8,25.31,24.8,0.0,0,No Rain
2025-01-21,LOC007,37.74,58.57,995.93,13.07,347.9,28.5,14.9,0.0,0,No Rain
2025-01-22,LOC007,36.31,52.35,990.96,12.95,61.3,27.91,30.3,3.02,0,Light
2025-01-23,LOC007,37.19,61.39,986.07,12.9,59.2,29.05,6.6,0.0,0,No Rain
2025-01-24,LOC007,35.76,55.27,990.96,16.33,50.4,26.46,17.7,0.0,0,No Rain
2025-01-25,LOC007,37.32,55.28,991.68,16.25,54.7,28.54,22.4,0.0,0,No Rain
2025-01-26,LOC007,34.99,65.66,989.44,13.64,98.6,27.2,6.0,0.0,0,No Rain
2025-01-27,LOC007,35.08,64.24,991.36,12.59,9.1,28.58,7.5,1.66,0,Light
2025-01-28,LOC007,32.2,56.01,994.25,10.05,98.0,24.26,7.9,0.0,0,No Rain
2025-01-29,LOC007,31.38,56.71,991.83,12.63,284.2,22.62,5.1,0.0,0,No Rain
2025-01-30,LOC007,31.88,59.4,988.82,17.26,78.7,22.95,0.0,0.0,0,No Rain
2025-01-31,LOC007,34.96,56.86,988.07,18.4,54.7,27.76,15.8,0.0,0,No Rain
2025-02-01,LOC007,34.53,53.24,993.39,16.1,43.0,26.37,7.6,0.0,0,No Rain
2025-02-02,LOC007,34.16,53.59,994.95,19.01,86.3,24.84,13.0,0.0,0,No Rain
2025-02-03,LOC007,32.25,64.02,990.12,13.21,39.6,24.71,16.7,0.0,0,No Rain
2025-02-04,LOC007,31.42,55.04,989.91,12.74,57.3,22.2,0.0,0.0,0,No Rain
2025-02-05,LOC007,33.82,51.82,993.86,22.36,58.0,26.14,18.2,0.0,0,No Rain
2025-02-06,LOC007,28.55,57.95,995.21,10.37,82.7,19.86,0.0,0.0,0,No Rain
2025-02-07,LOC007,38.33,60.25,995.14,12.9,101.8,29.91,17.6,0.0,0,No Rain
2025-02-08,LOC007,34.56,49.35,993.76,16.86,19.8,24.58,0.0,0.0,0,No Rain
2025-02-09,LOC007,31.36,71.29,993.19,16.42,110.6,25.59,13.8,0.0,0,No Rain
2025-02-10,LOC007,32.46,51.57,990.67,12.07,45.7,23.16,3.9,0.0,0,No Rain
2025-02-11,LOC007,32.67,52.89,988.64,10.41,49.1,23.96,0.0,0.0,0,No Rain
2025-02-12,LOC007,32.39,64.13,990.91,12.36,63.0,25.22,4.1,0.0,0,No Rain
2025-02-13,LOC007,34.24,53.31,995.7,21.61,60.7,24.64,22.4,0.0,0,No Rain
2025-02-14,LOC007,34.04,53.89,992.59,13.57,48.6,25.12,20.5,0.0,0,No Rain
2025-02-15,LOC007,33.88,45.24,989.32,28.51,90.5,22.79,25.3,0.0,0,No Rain
2025-02-16,LOC007,32.63,58.8,993.8,16.14,68.6,22.86,4.9,0.0,0,No Rain
2025-02-17,LOC007,29.48,60.92,989.81,10.91,15.6,22.48,21.4,0.0,0,No Rain
2025-02-18,LOC007,30.42,46.86,993.34,10.93,44.7,18.9,9.4,0.0,0,No Rain
2025-02-19,LOC007,32.89,54.53,991.46,11.38,72.3,23.78,22.6,0.0,0,No Rain
2025-02-20,LOC007,31.32,47.06,991.22,23.44,37.1,21.36,0.0,0.0,0,No Rain
2025-02-21,LOC007,33.12,57.04,984.08,14.77,23.6,25.8,35.6,0.0,0,No Rain
2025-02-22,LOC007,31.09,54.22,993.81,18.75,37.0,19.95,15.9,0.0,0,No Rain
2025-02-23,LOC007,33.14,55.68,994.3,16.9,57.6,24.32,7.1,0.0,0,No Rain
2025-02-24,LOC007,37.33,51.78,988.46,12.91,50.6,27.3,14.9,0.0,0,No Rain
2025-02-25,LOC007,31.23,50.49,992.44,10.76,141.1,21.43,7.2,0.0,0,No Rain
2025-02-26,LOC007,30.51,52.39,994.3,10.34,89.1,20.4,27.7,0.0,0,No Rain
2025-02-27,LOC007,27.93,52.84,996.89,10.85,41.9,18.74,21.6,0.0,0,No Rain
2025-02-28,LOC007,28.45,52.3,990.77,10.49,94.6,19.02,25.1,0.0,0,No Rain
2025-03-01,LOC007,32.27,59.36,992.45,12.46,33.5,23.93,10.9,0.0,0,No Rain
2025-03-02,LOC007,31.75,62.97,994.42,10.05,43.9,25.79,18.7,0.0,0,No Rain
2025-03-03,LOC007,33.61,62.4,995.09,12.31,349.0,26.36,0.0,0.0,0,No Rain
2025-03-04,LOC007,27.36,52.44,995.96,10.68,123.9,17.72,34.5,0.0,0,No Rain
2025-03-05,LOC007,26.95,45.44,989.54,13.5,86.3,17.38,5.2,0.0,0,No Rain
2025-03-06,LOC007,28.83,54.45,991.11,14.7,72.1,20.32,14.4,0.0,0,No Rain
2025-03-07,LOC007,30.67,54.66,992.66,19.78,32.9,20.64,16.4,0.0,0,No Rain
2025-03-08,LOC007,29.46,69.78,992.89,10.57,65.8,24.28,7.8,0.0,0,No Rain
2025-03-09,LOC007,30.12,46.18,991.06,10.82,117.8,19.42,18.2,0.0,0,No Rain
2025-03-10,LOC007,30.99,44.38,990.73,10.68,39.7,19.97,29.0,0.0,0,No Rain
2025-03-11,LOC007,31.17,51.74,994.45,15.11,60.3,22.56,13.3,0.0,0,No Rain
2025-03-12,LOC007,32.75,46.06,992.22,10.64,65.9,21.86,12.3,0.0,0,No Rain
2025-03-13,LOC007,29.28,65.91,996.58,12.98,44.1,21.32,20.3,0.0,0,No Rain
2025-03-14,LOC007,30.69,49.88,989.6,11.31,94.8,20.2,3.5,0.0,0,No Rain
2025-03-15,LOC007,31.63,63.81,992.41,14.02,21.5,25.12,21.4,0.0,0,No Rain
2025-03-16,LOC007,32.76,55.12,994.17,12.99,42.8,23.81,8.7,0.0,0,No Rain
2025-03-17,LOC007,27.99,54.19,995.86,20.32,51.9,18.39,5.8,0.0,0,No Rain
2025-03-18,LOC007,31.3,63.8,988.25,26.36,64.8,26.06,26.4,0.0,0,No Rain
2025-03-19,LOC007,32.05,54.63,996.87,10.21,335.7,22.05,8.3,0.0,0,No Rain
2025-03-20,LOC007,30.68,59.99,996.54,12.29,89.5,23.69,18.8,0.0,0,No Rain
2025-03-21,LOC007,30.64,52.17,992.87,12.13,48.5,21.33,3.7,0.0,0,No Rain
2025-03-22,LOC007,30.42,66.07,993.21,11.45,70.0,24.26,46.5,0.0,0,No Rain
2025-03-23,LOC007,31.58,54.11,991.06,10.16,12.5,23.77,19.8,0.0,0,No Rain
2025-03-24,LOC007,26.68,48.01,992.29,25.93,28.6,16.66,8.2,0.0,0,No Rain
2025-03-25,LOC007,28.04,51.78,992.26,17.89,82.5,19.33,10.0,0.0,0,No Rain
2025-03-26,LOC007,35.52,55.16,992.03,10.27,64.4,26.53,16.6,0.0,0,No Rain
2025-03-27,LOC007,26.07,46.38,988.28,10.85,64.5,15.46,5.9,0.0,0,No Rain
2025-03-28,LOC007,25.91,62.74,989.33,18.49,89.0,18.15,30.0,0.0,0,No Rain
2025-03-29,LOC007,28.38,60.89,989.09,12.59,343.8,20.31,19.8,2.64,0,Light
2025-03-30,LOC007,25.05,56.03,991.12,14.56,68.4,15.8,32.1,0.0,0,No Rain
2025-03-31,LOC007,26.76,53.06,991.33,11.17,50.3,16.91,21.8,0.0,0,No Rain
2025-04-01,LOC007,31.99,43.91,990.66,12.24,81.8,20.89,0.0,0.0,0,No Rain
2025-04-02,LOC007,24.77,55.88,996.55,25.92,359.9,15.14,3.3,0.0,0,No Rain
2025-04-03,LOC007,26.35,48.09,990.48,13.45,91.5,16.75,19.2,0.0,0,No Rain
2025-04-04,LOC007,28.92,59.8,994.09,15.11,53.2,19.47,14.9,0.0,0,No Rain
2025-04-05,LOC007,28.51,57.8,991.19,20.49,42.9,18.95,5.3,0.0,0,No Rain
2025-04-06,LOC007,26.6,54.48,989.36,10.67,85.1,18.33,43.5,0.0,0,No Rain
2025-04-07,LOC007,27.9,56.6,992.43,14.28,72.1,19.42,6.0,0.0,0,No Rain
2025-04-08,LOC007,27.02,56.92,997.64,10.19,357.0,17.68,19.2,0.0,0,No Rain
2025-04-09,LOC007,29.13,52.43,992.81,10.52,83.2,20.96,6.2,0.0,0,No Rain
2025-04-10,LOC007,25.22,55.67,992.41,12.68,48.9,18.19,6.2,0.0,0,No Rain
2025-04-11,LOC007,27.31,56.66,992.81,10.39,70.4,19.28,14.7,0.0,0,No Rain
2025-04-12,LOC007,29.1,49.77,991.47,10.17,108.3,19.08,9.2,0.0,0,No Rain
2025-04-13,LOC007,27.39,55.76,989.76,11.27,68.0,19.5,24.0,0.0,0,No Rain
2025-04-14,LOC007,27.13,55.77,998.52,11.57,52.7,18.04,13.6,0.0,0,No Rain
2025-04-15,LOC007,27.66,60.67,989.55,13.06,110.8,19.82,23.0,0.0,0,No Rain
2025-04-16,LOC007,28.2,54.83,991.75,12.69,131.3,18.49,20.6,0.0,0,No Rain
2025-04-17,LOC007,27.24,55.45,992.49,13.15,67.5,19.21,26.0,23.22,0,Moderate
2025-04-18,LOC007,26.27,53.6,990.95,11.04,13.5,17.9,22.1,0.0,0,No Rain
2025-04-19,LOC007,28.18,43.57,996.02,15.99,94.1,16.75,32.8,0.0,0,No Rain
2025-04-20,LOC007,23.31,50.75,995.22,11.02,3.2,14.07,22.6,0.0,0,No Rain
2025-04-21,LOC007,25.91,65.2,997.05,14.35,91.8,18.9,0.2,0.0,0,No Rain
2025-04-22,LOC007,26.54,55.32,988.86,10.44,24.6,17.26,30.1,0.0,0,No Rain
2025-04-23,LOC007,26.59,58.49,992.46,17.84,132.3,19.83,26.2,0.0,0,No Rain
2025-04-24,LOC007,27.91,49.33,990.4,13.46,32.4,17.34,19.6,0.0,0,No Rain
2025-04-25,LOC007,26.25,51.5,990.49,12.64,49.1,17.88,2.2,0.0,0,No Rain
2025-04-26,LOC007,28.23,44.29,990.41,16.79,16.8,16.64,29.7,0.0,0,No Rain
2025-04-27,LOC007,29.78,52.6,990.21,15.58,42.8,20.8,11.9,0.0,0,No Rain
2025-04-28,LOC007,30.46,46.19,992.07,11.6,60.8,19.3,8.6,7.73,0,Light
2025-04-29,LOC007,27.93,42.39,992.75,17.46,25.2,16.28,7.4,0.0,0,No Rain
2025-04-30,LOC007,25.66,59.06,987.48,12.81,27.3,18.07,4.0,0.0,0,No Rain
2025-05-01,LOC007,23.65,65.04,996.23,14.54,42.6,17.6,14.3,3.31,0,Light
2025-05-02,LOC007,28.0,63.93,987.65,12.5,55.4,20.51,22.2,0.0,0,No Rain
2025-05-03,LOC007,24.98,52.23,993.42,11.86,105.5,14.91,33.7,0.0,0,No Rain
2025-05-04,LOC007,28.79,60.77,995.55,14.87,87.7,20.83,16.8,0.0,0,No Rain
2025-05-05,LOC007,28.07,67.92,991.79,12.22,108.1,20.85,25.1,4.56,0,Light
2025-05-06,LOC007,24.21,58.85,990.21,13.4,89.7,16.8,18.2,0.0,0,No Rain
2025-05-07,LOC007,26.4,60.64,995.17,12.48,63.3,17.53,18.8,0.0,0,No Rain
2025-05-08,LOC007,25.98,66.99,993.24,12.06,89.3,20.27,18.4,0.0,0,No Rain
2025-05-09,LOC007,24.26,64.22,990.73,12.98,14.0,17.2,30.6,0.0,0,No Rain
2025-05-10,LOC007,27.43,69.47,990.02,11.59,107.4,22.13,29.3,0.0,0,No Rain
2025-05-11,LOC007,27.46,57.75,991.06,20.64,106.9,19.73,29.7,41.67,0,Moderate
2025-05-12,LOC007,30.49,42.83,995.43,14.03,132.2,18.93,34.6,0.0,0,No Rain
2025-05-13,LOC007,24.63,61.35,993.12,11.74,104.7,15.4,21.0,0.0,0,No Rain
2025-05-14,LOC007,28.74,67.81,994.44,13.31,103.0,22.4,24.8,0.0,0,No Rain
2025-05-15,LOC007,27.72,54.82,994.82,14.58,42.7,17.21,19.0,0.0,0,No Rain
2025-05-16,LOC007,23.88,60.49,991.55,18.32,30.4,16.22,31.3,0.0,0,No Rain
2025-05-17,LOC007,29.42,57.48,991.31,13.08,61.5,21.62,1.2,28.68,0,Moderate
2025-05-18,LOC007,25.23,62.39,992.19,17.21,92.4,18.84,12.1,0.0,0,No Rain
2025-05-19,LOC007,26.97,60.58,990.43,17.94,75.6,18.27,17.2,0.0,0,No Rain
2025-05-20,LOC007,26.76,58.38,989.64,11.46,4.1,18.65,17.1,0.0,0,No Rain
2025-05-21,LOC007,26.05,62.09,989.29,12.45,73.2,19.26,27.3,0.0,0,No Rain
2025-05-22,LOC007,30.39,71.81,990.1,16.62,79.9,23.83,5.6,30.03,0,Moderate
2025-05-23,LOC007,28.2,62.64,988.76,12.65,70.1,20.12,7.4,0.0,0,No Rain
2025-05-24,LOC007,25.1,57.31,995.68,12.08,55.2,15.04,16.7,0.0,0,No Rain
2025-05-25,LOC007,26.73,55.6,991.66,11.53,98.6,18.69,30.9,16.57,0,Moderate
2025-05-26,LOC007,24.88,54.51,992.19,12.73,74.8,14.9,15.9,0.0,0,No Rain
2025-05-27,LOC007,29.77,68.2,988.48,12.95,102.4,23.3,8.3,34.05,0,Moderate
2025-05-28,LOC007,28.27,55.45,988.15,19.91,66.5,17.96,33.6,0.0,0,No Rain
2025-05-29,LOC007,27.83,54.13,992.46,21.3,36.3,18.72,16.1,0.0,0,No Rain
2025-05-30,LOC007,25.77,56.91,987.46,16.48,60.2,17.7,8.2,0.0,0,No Rain
2025-05-31,LOC007,25.24,59.17,991.17,11.78,19.7,17.89,2.0,1.19,0,Light
2025-06-01,LOC007,25.52,66.78,983.89,16.42,32.7,18.95,40.0,20.67,0,Moderate
2025-06-02,LOC007,27.85,69.52,988.74,20.61,116.4,23.08,47.5,0.0,0,No Rain
2025-06-03,LOC007,24.97,64.03,988.21,18.74,67.9,17.87,45.8,0.0,0,No Rain
2025-06-04,LOC007,25.01,77.26,981.41,21.62,100.2,21.97,37.5,0.0,0,No Rain
2025-06-05,LOC007,27.29,65.31,985.69,18.36,14.9,19.98,40.4,0.0,0,No Rain
2025-06-06,LOC007,28.42,70.74,989.41,25.41,71.0,21.18,47.3,0.0,0,No Rain
2025-06-07,LOC007,25.47,58.41,987.51,17.54,83.0,17.05,41.3,0.0,0,No Rain
2025-06-08,LOC007,26.45,61.71,985.91,19.72,79.6,18.44,40.3,0.0,0,No Rain
2025-06-09,LOC007,26.21,70.89,985.77,17.58,23.5,19.81,53.6,0.0,0,No Rain
2025-06-10,LOC007,30.54,62.87,988.53,16.22,63.0,22.3,35.7,0.0,0,No Rain
2025-06-11,LOC007,26.42,67.49,987.58,17.21,105.7,20.56,50.4,0.0,0,No Rain
2025-06-12,LOC007,24.26,72.67,982.28,17.46,50.7,18.55,34.4,0.0,0,No Rain
2025-06-13,LOC007,24.84,69.37,988.98,17.7,80.6,17.65,43.9,0.0,0,No Rain
2025-06-14,LOC007,24.79,76.38,983.85,21.78,128.3,19.44,18.0,0.0,0,No Rain
2025-06-15,LOC007,27.96,60.85,990.33,43.19,87.8,19.51,45.6,0.0,0,No Rain
2025-06-16,LOC007,27.18,67.89,988.67,22.76,73.6,20.96,39.8,0.0,0,No Rain
2025-06-17,LOC007,26.83,74.49,984.52,16.72,339.2,21.32,27.2,60.23,0,Moderate
2025-06-18,LOC007,27.1,62.62,987.09,17.69,67.2,19.71,51.1,0.0,0,No Rain
2025-06-19,LOC007,28.87,78.46,986.66,17.0,16.1,24.36,47.8,0.0,0,No Rain
2025-06-20,LOC007,24.89,64.49,982.43,16.4,52.1,19.87,45.6,0.0,0,No Rain
2025-06-21,LOC007,28.85,57.71,992.9,23.21,90.1,18.96,49.5,0.0,0,No Rain
2025-06-22,LOC007,24.33,65.83,985.18,23.56,23.9,18.41,53.5,0.0,0,No Rain
2025-06-23,LOC007,24.31,79.62,990.4,19.9,70.9,19.34,28.2,0.0,0,No Rain
2025-06-24,LOC007,25.48,78.5,987.83,17.54,66.8,21.82,40.5,0.0,0,No Rain
2025-06-25,LOC007,26.76,65.85,987.76,17.4,33.0,21.18,52.4,0.0,0,No Rain
2025-06-26,LOC007,23.94,76.3,991.97,16.17,56.8,20.21,20.0,0.0,0,No Rain
2025-06-27,LOC007,27.69,65.52,990.15,18.4,22.8,19.26,38.0,37.5,0,Moderate
2025-06-28,LOC007,27.7,71.34,985.35,23.12,62.5,21.74,36.1,10.72,0,Light
2025-06-29,LOC007,27.22,67.51,991.22,22.35,7.2,19.51,42.1,0.0,0,No Rain
2025-06-30,LOC007,28.27,75.64,988.04,17.99,299.5,23.09,35.4,42.58,0,Moderate
2025-07-01,LOC007,27.41,94.31,980.37,27.73,119.5,26.48,80.0,1.48,0,Light
2025-07-02,LOC007,24.07,81.72,982.51,28.32,93.0,21.58,85.2,0.0,0,No Rain
2025-07-03,LOC007,24.93,88.43,981.73,26.27,57.3,23.24,74.6,1.73,0,Light
2025-07-04,LOC007,25.15,86.78,979.66,28.91,57.3,23.5,98.7,2.71,0,Light
2025-07-05,LOC007,23.44,82.42,980.73,25.05,89.6,20.13,75.3,0.5,0,Light
2025-07-06,LOC007,27.86,88.47,984.69,31.79,88.4,26.43,72.7,3.75,0,Light
2025-07-07,LOC007,24.87,83.17,980.33,23.6,51.5,20.59,75.5,15.5,0,Light
2025-07-08,LOC007,29.24,98.22,981.02,27.48,31.3,28.39,68.0,1.75,0,Light
2025-07-09,LOC007,25.67,84.3,978.78,25.44,120.4,23.44,85.8,0.0,0,No Rain
2025-07-10,LOC007,24.45,86.95,980.61,28.52,107.0,21.51,59.6,12.01,0,Light
2025-07-11,LOC007,27.75,83.27,980.83,23.75,14.6,25.01,100.0,6.51,0,Light
2025-07-12,LOC007,24.58,96.28,983.74,25.46,76.2,23.47,98.0,16.0,0,Moderate
2025-07-13,LOC007,26.96,93.11,988.25,23.85,106.1,26.26,73.4,0.0,0,No Rain
2025-07-14,LOC007,29.38,88.6,979.53,25.37,71.5,27.6,78.5,8.15,0,Light
2025-07-15,LOC007,25.09,88.84,982.62,25.69,37.0,23.13,77.4,4.21,0,Light
2025-07-16,LOC007,26.02,87.42,981.75,31.23,2.6,25.39,89.9,24.21,0,Moderate
2025-07-17,LOC007,24.7,88.43,982.79,23.77,118.1,23.56,100.0,1.37,0,Light
2025-07-18,LOC007,24.7,90.7,981.62,23.68,37.2,23.23,96.1,31.82,0,Moderate
2025-07-19,LOC007,26.98,88.87,983.93,23.72,34.1,24.81,68.3,101.22,1,Heavy
2025-07-20,LOC007,25.4,86.42,980.96,27.01,52.0,23.05,85.4,18.29,0,Moderate
2025-07-21,LOC007,29.12,91.2,983.08,25.46,102.3,28.12,85.3,108.61,1,Heavy
2025-07-22,LOC007,26.31,91.71,986.2,37.1,121.8,25.62,78.7,0.63,0,Light
2025-07-23,LOC007,28.39,89.3,985.48,30.71,53.7,25.19,93.1,0.0,0,No Rain
2025-07-24,LOC007,26.59,92.74,982.91,24.92,60.2,24.62,61.3,16.0,0,Moderate
2025-07-25,LOC007,28.17,73.26,980.74,30.21,50.1,22.29,70.7,65.0,1,Heavy
2025-07-26,LOC007,27.7,83.46,981.27,23.86,71.9,24.71,83.5,46.36,0,Moderate
2025-07-27,LOC007,26.6,82.02,984.36,23.8,29.8,22.23,80.1,0.0,0,No Rain
2025-07-28,LOC007,26.92,87.07,979.87,26.63,57.8,22.72,100.0,185.1,1,Very/Extremely Heavy
2025-07-29,LOC007,28.26,77.68,984.64,32.62,137.4,22.71,79.1,4.37,0,Light
2025-07-30,LOC007,26.49,84.08,980.56,31.87,69.1,24.07,90.2,6.61,0,Light
2025-07-31,LOC007,27.79,78.43,983.75,26.12,53.8,22.56,82.8,16.0,0,Moderate
2025-08-01,LOC007,25.94,88.69,981.69,28.68,56.7,23.66,90.8,32.3,0,Moderate
2025-08-02,LOC007,29.14,72.69,976.57,27.95,32.8,22.69,88.3,137.7,1,Very/Extremely Heavy
2025-08-03,LOC007,29.41,82.33,987.24,40.57,12.8,25.85,84.4,0.0,0,No Rain
2025-08-04,LOC007,26.17,92.94,984.01,30.91,28.7,24.33,100.0,8.95,0,Light
2025-08-05,LOC007,25.27,79.44,986.12,25.77,348.6,20.59,77.0,65.0,1,Heavy
2025-08-06,LOC007,26.62,85.35,980.23,35.14,51.2,23.64,94.0,1.59,0,Light
2025-08-07,LOC007,26.82,91.95,985.82,28.82,51.9,23.48,79.7,16.71,0,Moderate
2025-08-08,LOC007,27.32,96.57,983.78,26.57,79.6,26.52,87.5,22.08,0,Moderate
2025-08-09,LOC007,29.61,82.87,981.95,29.82,58.0,26.41,93.6,26.15,0,Moderate
2025-08-10,LOC007,29.86,81.8,982.36,26.07,53.4,25.05,86.3,16.0,0,Moderate
2025-08-11,LOC007,28.16,91.91,983.69,26.31,86.7,26.34,55.1,4.72,0,Light
2025-08-12,LOC007,29.77,79.01,971.91,27.94,43.6,25.98,73.4,13.82,0,Light
2025-08-13,LOC007,25.11,85.67,981.54,24.55,15.9,22.64,95.3,70.71,1,Heavy
2025-08-14,LOC007,29.47,88.25,984.14,30.24,41.8,27.18,100.0,20.3,0,Moderate
2025-08-15,LOC007,26.66,80.28,981.03,30.21,94.1,22.23,92.1,5.81,0,Light
2025-08-16,LOC007,26.36,92.35,982.71,27.9,57.5,23.97,78.2,26.43,0,Moderate
2025-08-17,LOC007,26.19,90.36,980.07,33.53,55.4,24.2,89.8,16.0,0,Moderate
2025-08-18,LOC007,28.39,87.65,977.26,26.55,22.2,25.92,79.1,1.64,0,Light
2025-08-19,LOC007,28.55,86.02,985.71,34.92,46.0,26.96,93.4,0.5,0,Light
2025-08-20,LOC007,28.48,84.23,983.7,34.1,83.9,25.6,82.7,16.0,0,Moderate
2025-08-21,LOC007,33.76,82.29,978.6,24.54,126.1,30.49,72.1,52.5,0,Moderate
2025-08-22,LOC007,27.7,79.87,975.21,29.3,36.7,24.19,75.7,23.85,0,Moderate
2025-08-23,LOC007,32.6,82.6,975.21,24.69,42.9,29.39,90.7,33.57,0,Moderate
2025-08-24,LOC007,26.19,81.75,980.0,24.15,79.3,23.78,93.7,0.0,0,No Rain
2025-08-25,LOC007,29.4,85.15,978.9,30.05,50.8,27.86,79.5,175.77,1,Very/Extremely Heavy
2025-08-26,LOC007,28.49,88.51,983.96,30.39,109.9,26.96,83.1,10.94,0,Light
2025-08-27,LOC007,31.1,80.34,982.67,25.78,29.0,27.55,88.7,64.0,0,Moderate
2025-08-28,LOC007,28.35,85.07,977.25,46.48,60.0,25.38,90.4,1.18,0,Light
2025-08-29,LOC007,29.91,93.6,975.5,24.22,63.7,29.67,95.4,13.55,0,Light
2025-08-30,LOC007,31.61,85.91,984.8,32.39,12.6,30.16,85.9,5.41,0,Light
2025-08-31,LOC007,28.9,99.0,983.28,27.95,42.5,27.71,100.0,28.41,0,Moderate
2025-09-01,LOC007,30.23,59.95,987.71,24.75,4.1,22.96,55.0,0.0,0,No Rain
2025-09-02,LOC007,34.6,65.91,987.27,16.98,42.8,26.71,46.3,0.0,0,No Rain
2025-09-03,LOC007,31.76,55.38,990.72,18.86,82.9,22.89,26.6,10.28,0,Light
2025-09-04,LOC007,34.15,71.84,987.57,25.72,79.0,29.54,40.4,0.0,0,No Rain
2025-09-05,LOC007,32.99,68.31,988.07,26.12,108.7,26.46,46.8,0.0,0,No Rain
2025-09-06,LOC007,34.04,59.17,991.23,25.03,105.1,26.52,24.0,16.0,0,Moderate
2025-09-07,LOC007,34.35,61.51,985.32,16.87,84.7,26.14,30.9,1.95,0,Light
2025-09-08,LOC007,32.22,65.68,979.08,18.3,78.4,24.07,57.7,3.27,0,Light
2025-09-09,LOC007,32.75,73.78,989.11,16.12,11.8,27.57,61.8,0.0,0,No Rain
2025-09-10,LOC007,33.26,64.38,988.35,23.71,59.1,26.09,44.8,0.0,0,No Rain
2025-09-11,LOC007,33.91,64.87,985.48,20.16,63.4,27.3,43.0,1.71,0,Light
2025-09-12,LOC007,31.04,59.88,989.05,22.76,73.5,23.59,60.5,0.0,0,No Rain
2025-09-13,LOC007,31.86,70.34,987.26,17.92,81.8,24.54,38.5,0.0,0,No Rain
2025-09-14,LOC007,31.83,49.9,985.17,18.9,25.6,22.47,34.3,0.0,0,No Rain
2025-09-15,LOC007,31.88,66.86,989.04,19.17,348.4,25.92,42.0,27.95,0,Moderate
2025-09-16,LOC007,31.06,69.14,985.36,16.88,127.3,25.51,36.1,7.5,0,Light
2025-09-17,LOC007,34.28,75.32,991.25,17.71,113.6,30.14,39.3,0.0,0,No Rain
2025-09-18,LOC007,28.46,64.84,988.13,18.42,72.6,22.1,55.1,7.51,0,Light
2025-09-19,LOC007,36.8,71.46,985.87,16.1,76.8,30.91,37.7,37.26,0,Moderate
2025-09-20,LOC007,33.03,66.8,985.9,16.15,62.7,26.77,45.4,0.0,0,No Rain
2025-09-21,LOC007,37.03,79.71,985.09,24.01,45.3,32.0,38.2,0.0,0,No Rain
2025-09-22,LOC007,32.76,70.87,990.78,22.1,19.0,27.33,50.8,0.0,0,No Rain
2025-09-23,LOC007,36.74,72.75,987.82,19.51,45.0,32.0,45.8,0.0,0,No Rain
2025-09-24,LOC007,29.47,73.4,985.02,19.54,345.3,24.31,47.5,0.0,0,No Rain
2025-09-25,LOC007,34.18,61.61,990.78,17.01,60.6,25.84,31.0,0.0,0,No Rain
2025-09-26,LOC007,36.56,69.91,987.25,20.12,8.3,30.33,60.6,0.0,0,No Rain
2025-09-27,LOC007,33.92,63.37,986.78,23.14,11.2,26.77,44.0,0.0,0,No Rain
2025-09-28,LOC007,33.84,70.26,984.54,16.45,30.9,27.03,44.6,0.0,0,No Rain
2025-09-29,LOC007,36.9,71.5,986.64,17.74,39.0,30.91,45.2,0.0,0,No Rain
2025-09-30,LOC007,31.27,79.82,983.04,16.6,50.2,26.78,36.3,0.0,0,No Rain
2025-10-01,LOC007,35.28,67.49,992.48,13.28,35.4,29.43,32.7,3.06,0,Light
2025-10-02,LOC007,35.5,55.79,993.22,12.85,83.1,27.43,40.0,0.0,0,No Rain
2025-10-03,LOC007,30.03,59.96,990.03,16.35,71.2,22.18,26.4,0.0,0,No Rain
2025-10-04,LOC007,33.75,57.72,991.11,14.2,131.2,24.28,28.7,0.0,0,No Rain
2025-10-05,LOC007,36.8,56.76,989.35,15.48,16.6,28.73,24.0,0.0,0,No Rain
2025-10-06,LOC007,35.15,58.87,988.47,13.58,147.0,26.57,25.0,8.32,0,Light
2025-10-07,LOC007,36.83,57.32,993.57,12.88,355.0,28.75,19.5,0.0,0,No Rain
2025-10-08,LOC007,37.14,57.77,991.52,19.34,100.7,28.34,32.3,0.0,0,No Rain
2025-10-09,LOC007,35.07,47.18,991.01,13.42,104.5,24.0,13.7,0.0,0,No Rain
2025-10-10,LOC007,38.2,47.76,995.73,11.29,93.6,29.42,32.2,0.0,0,No Rain
2025-10-11,LOC007,39.44,51.9,995.06,13.05,70.4,28.93,18.4,0.0,0,No Rain
2025-10-12,LOC007,36.46,53.36,991.02,13.84,59.5,26.76,16.3,0.0,0,No Rain
2025-10-13,LOC007,36.09,50.4,990.0,14.87,64.2,26.19,0.0,0.0,0,No Rain
2025-10-14,LOC007,34.82,53.14,989.61,15.4,66.0,25.14,15.5,0.0,0,No Rain
2025-10-15,LOC007,37.47,60.99,988.63,11.52,105.9,30.7,21.8,0.0,0,No Rain
2025-10-16,LOC007,34.89,63.22,991.19,11.51,99.8,28.83,12.6,0.0,0,No Rain
2025-10-17,LOC007,31.36,66.45,990.45,13.34,47.5,23.65,25.2,4.37,0,Light
2025-10-18,LOC007,36.21,65.17,989.13,14.9,68.1,27.24,14.5,0.0,0,No Rain
2025-10-19,LOC007,36.25,56.14,995.17,11.36,309.4,27.42,32.7,0.0,0,No Rain
2025-10-20,LOC007,35.16,58.4,988.29,11.32,346.6,27.18,19.2,0.0,0,No Rain
2025-10-21,LOC007,39.35,64.9,990.65,18.28,57.6,32.0,34.1,0.0,0,No Rain
2025-10-22,LOC007,34.87,51.86,990.87,20.05,66.7,26.13,23.8,0.0,0,No Rain
2025-10-23,LOC007,35.11,58.9,991.26,13.1,56.9,26.5,17.1,2.52,0,Light
2025-10-24,LOC007,37.43,52.17,993.55,38.77,74.0,28.61,4.7,0.0,0,No Rain
2025-10-25,LOC007,37.3,56.81,993.02,12.91,67.2,27.05,4.3,0.0,0,No Rain
2025-10-26,LOC007,39.92,58.36,992.0,13.42,24.4,32.0,29.3,0.0,0,No Rain
2025-10-27,LOC007,41.15,46.42,992.85,15.13,100.5,29.28,29.1,0.0,0,No Rain
2025-10-28,LOC007,36.85,55.12,996.17,12.75,53.6,27.56,20.4,45.41,0,Moderate
2025-10-29,LOC007,32.52,63.3,994.55,11.47,73.2,25.48,6.1,0.0,0,No Rain
2025-10-30,LOC007,37.57,63.81,988.49,14.85,82.7,28.4,19.9,0.0,0,No Rain
2025-10-31,LOC007,39.18,56.4,991.66,14.16,61.5,30.17,0.0,0.0,0,No Rain
2025-11-01,LOC007,37.63,54.61,996.43,12.36,31.4,28.11,0.2,0.0,0,No Rain
2025-11-02,LOC007,32.79,58.66,995.25,12.1,142.4,24.68,9.0,0.0,0,No Rain
2025-11-03,LOC007,33.81,52.86,992.2,10.57,119.2,26.3,13.0,0.0,0,No Rain
2025-11-04,LOC007,35.31,54.56,993.43,16.19,95.3,25.79,5.7,0.0,0,No Rain
2025-11-05,LOC007,37.75,67.71,992.25,17.06,11.2,30.15,16.0,0.0,0,No Rain
2025-11-06,LOC007,35.74,57.6,992.22,10.29,75.5,26.89,16.9,0.0,0,No Rain
2025-11-07,LOC007,37.76,59.28,993.22,12.49,88.7,29.73,13.0,0.0,0,No Rain
2025-11-08,LOC007,34.73,49.21,990.86,13.05,77.6,25.7,1.5,0.0,0,No Rain
2025-11-09,LOC007,35.85,53.35,993.11,10.69,25.6,26.42,21.9,0.0,0,No Rain
2025-11-10,LOC007,36.71,53.58,993.39,12.27,42.1,27.67,18.0,0.0,0,No Rain
2025-11-11,LOC007,36.53,52.45,997.67,23.66,352.8,26.64,26.7,0.0,0,No Rain
2025-11-12,LOC007,36.81,51.55,993.82,11.44,71.5,27.35,22.6,1.96,0,Light
2025-11-13,LOC007,37.22,49.26,990.58,13.33,58.3,27.81,17.8,0.86,0,Light
2025-11-14,LOC007,37.69,50.96,997.36,10.8,96.3,27.81,25.2,0.0,0,No Rain
2025-11-15,LOC007,41.64,54.63,992.62,13.28,29.8,32.0,12.1,0.0,0,No Rain
2025-11-16,LOC007,34.24,55.69,994.8,15.9,317.8,24.0,11.6,0.0,0,No Rain
2025-11-17,LOC007,34.29,51.68,988.94,14.56,66.9,25.12,22.8,0.0,0,No Rain
2025-11-18,LOC007,40.03,55.91,997.16,10.85,94.0,30.39,11.8,0.0,0,No Rain
2025-11-19,LOC007,35.18,62.65,995.22,20.76,118.5,27.96,21.5,0.0,0,No Rain
2025-11-20,LOC007,39.19,52.66,990.85,14.02,145.2,29.49,14.2,0.0,0,No Rain
2025-11-21,LOC007,34.55,57.16,989.35,11.68,127.9,26.68,19.3,0.0,0,No Rain
2025-11-22,LOC007,41.09,52.41,990.66,10.6,101.3,30.97,19.2,0.0,0,No Rain
2025-11-23,LOC007,35.53,48.4,993.24,10.86,87.1,25.21,26.1,0.0,0,No Rain
2025-11-24,LOC007,34.2,55.99,993.88,12.71,103.4,24.8,6.2,0.0,0,No Rain
2025-11-25,LOC007,39.25,45.91,993.1,16.78,33.7,29.03,21.6,0.0,0,No Rain
2025-11-26,LOC007,38.8,54.49,990.79,12.77,308.9,29.22,12.1,0.0,0,No Rain
2025-11-27,LOC007,37.22,62.46,990.52,10.93,110.5,30.27,16.6,0.0,0,No Rain
2025-11-28,LOC007,38.44,59.84,991.14,13.56,27.2,31.25,8.7,0.0,0,No Rain
2025-11-29,LOC007,37.39,53.23,996.63,19.76,24.3,27.35,20.8,0.0,0,No Rain
2025-11-30,LOC007,37.39,57.19,991.48,13.29,42.7,29.33,16.7,0.0,0,No Rain
2025-12-01,LOC007,35.01,51.42,992.87,10.78,31.2,25.53,25.9,0.0,0,No Rain
2025-12-02,LOC007,40.67,46.36,996.72,11.15,119.7,30.21,5.9,0.0,0,No Rain
2025-12-03,LOC007,37.86,50.08,994.95,10.15,72.7,27.19,19.2,0.0,0,No Rain
2025-12-04,LOC007,35.19,59.78,992.23,13.93,342.2,27.09,11.1,0.0,0,No Rain
2025-12-05,LOC007,36.68,53.83,994.07,11.42,356.1,27.19,9.1,0.0,0,No Rain
2025-12-06,LOC007,38.56,46.2,992.98,10.01,46.4,27.3,14.7,0.0,0,No Rain
2025-12-07,LOC007,36.74,52.06,993.68,11.22,0.6,27.62,9.8,0.0,0,No Rain
2025-12-08,LOC007,35.62,58.66,992.54,11.93,21.7,27.34,13.1,5.27,0,Light
2025-12-09,LOC007,31.25,47.69,990.36,11.41,27.3,21.89,24.9,0.0,0,No Rain
2025-12-10,LOC007,35.88,63.27,991.52,15.21,37.9,29.87,11.1,0.0,0,No Rain
2025-12-11,LOC007,37.34,64.57,997.8,11.15,107.2,30.86,19.9,0.0,0,No Rain
2025-12-12,LOC007,36.76,53.11,989.55,18.41,72.7,26.66,13.5,0.0,0,No Rain
2025-12-13,LOC007,41.12,50.55,994.59,12.13,79.5,31.92,0.0,0.0,0,No Rain
2025-12-14,LOC007,33.28,57.83,991.8,18.48,58.7,26.17,15.8,0.0,0,No Rain
2025-12-15,LOC007,38.03,55.63,989.67,11.94,356.3,27.87,30.3,0.0,0,No Rain
2025-12-16,LOC007,33.99,54.68,993.48,10.26,358.5,24.23,11.9,0.0,0,No Rain
2025-12-17,LOC007,38.19,48.69,995.19,11.02,70.5,27.82,17.0,0.0,0,No Rain
2025-12-18,LOC007,36.66,61.12,993.93,10.84,105.3,28.57,16.8,0.0,0,No Rain
2025-12-19,LOC007,37.77,56.53,995.05,23.6,39.3,28.25,9.5,0.0,0,No Rain
2025-12-20,LOC007,35.13,54.24,993.12,24.04,129.1,25.74,14.8,0.0,0,No Rain
2025-12-21,LOC007,37.7,49.38,991.44,16.36,118.8,26.91,16.0,0.0,0,No Rain
2025-12-22,LOC007,38.28,51.64,991.09,14.71,111.0,29.37,7.6,0.0,0,No Rain
2025-12-23,LOC007,37.91,53.79,992.79,12.96,60.9,28.33,28.9,2.56,0,Light
2025-12-24,LOC007,30.61,55.8,993.78,10.11,114.4,20.84,13.2,0.0,0,No Rain
2025-12-25,LOC007,36.82,65.47,994.15,20.39,99.1,29.6,4.3,0.0,0,No Rain
2025-12-26,LOC007,35.2,64.64,995.45,13.04,49.7,26.6,9.9,0.0,0,No Rain
2025-12-27,LOC007,38.06,50.56,988.82,17.54,94.8,28.08,3.2,0.0,0,No Rain
2025-12-28,LOC007,35.82,55.82,994.18,14.39,63.9,25.69,23.7,0.0,0,No Rain
2025-12-29,LOC007,35.26,60.27,986.74,12.54,45.7,27.1,8.2,0.0,0,No Rain
2025-12-30,LOC007,36.6,54.49,989.23,14.63,31.3,27.85,12.9,0.0,0,No Rain
2025-12-31,LOC007,37.98,57.17,989.84,13.32,70.4,29.45,11.6,0.0,0,No Rain
2024-01-01,LOC008,35.82,53.87,1012.57,15.12,151.1,27.25,15.5,0.0,0,No Rain
2024-01-02,LOC008,36.47,56.44,1012.23,10.2,63.0,28.32,0.2,0.0,0,No Rain
2024-01-03,LOC008,35.95,55.97,1014.74,15.03,25.5,26.25,4.1,0.0,0,No Rain
2024-01-04,LOC008,35.9,54.72,1010.03,10.85,65.2,27.28,14.2,0.0,0,No Rain
2024-01-05,LOC008,34.24,58.33,1013.08,15.98,102.0,25.44,24.4,0.0,0,No Rain
2024-01-06,LOC008,37.02,55.17,1008.05,12.69,100.9,28.6,20.8,0.0,0,No Rain
2024-01-07,LOC008,37.64,49.8,1004.53,14.28,77.6,26.49,18.5,0.0,0,No Rain
2024-01-08,LOC008,36.72,60.81,1010.13,11.16,34.7,28.97,30.0,0.0,0,No Rain
2024-01-09,LOC008,35.73,66.54,1010.43,12.84,73.3,30.02,14.5,0.0,0,No Rain
2024-01-10,LOC008,39.29,50.55,1011.39,13.73,97.5,29.76,21.4,0.0,0,No Rain
2024-01-11,LOC008,38.37,49.56,1008.85,22.43,353.8,27.4,13.1,13.95,0,Light
2024-01-12,LOC008,39.27,57.56,1010.8,14.11,38.2,31.02,20.1,0.0,0,No Rain
2024-01-13,LOC008,35.41,58.92,1011.41,12.1,42.9,25.64,1.2,16.0,0,Moderate
2024-01-14,LOC008,35.5,50.3,1011.98,12.6,63.2,25.23,22.7,0.0,0,No Rain
2024-01-15,LOC008,31.08,62.01,1010.83,12.77,130.3,22.8,15.4,0.0,0,No Rain
2024-01-16,LOC008,33.39,55.2,1008.15,12.97,8.5,23.23,13.8,0.0,0,No Rain
2024-01-17,LOC008,34.53,46.16,1012.96,11.48,92.4,23.07,19.8,0.0,0,No Rain
2024-01-18,LOC008,36.88,51.24,1010.7,11.18,35.0,28.11,21.0,0.0,0,No Rain
2024-01-19,LOC008,38.33,59.27,1010.21,12.89,68.7,29.13,22.5,0.0,0,No Rain
2024-01-20,LOC008,33.31,50.55,1010.55,21.39,121.7,23.03,9.3,0.0,0,No Rain
2024-01-21,LOC008,36.77,51.46,1013.62,10.44,105.5,26.01,16.9,0.0,0,No Rain
2024-01-22,LOC008,33.66,53.99,1009.03,14.79,55.8,24.52,2.5,0.0,0,No Rain
2024-01-23,LOC008,34.05,62.62,1013.43,12.86,79.8,27.21,11.7,0.0,0,No Rain
2024-01-24,LOC008,34.89,61.36,1004.5,11.92,102.4,28.25,7.8,0.0,0,No Rain
2024-01-25,LOC008,39.52,55.82,1008.37,12.04,78.9,30.9,6.3,0.0,0,No Rain
2024-01-26,LOC008,32.3,49.37,1010.7,18.26,354.4,22.55,27.7,0.0,0,No Rain
2024-01-27,LOC008,32.51,48.16,1014.12,11.17,57.6,21.46,19.3,0.0,0,No Rain
2024-01-28,LOC008,35.43,56.36,1009.19,10.76,44.9,26.23,9.5,0.0,0,No Rain
2024-01-29,LOC008,34.63,48.1,1008.9,15.61,93.0,23.73,16.9,0.0,0,No Rain
2024-01-30,LOC008,31.96,56.29,1009.52,11.61,71.9,22.68,4.2,0.0,0,No Rain
2024-01-31,LOC008,30.96,54.06,1012.24,22.55,62.7,21.03,5.3,0.0,0,No Rain
2024-02-01,LOC008,30.96,52.25,1014.5,22.53,73.6,21.93,18.9,0.0,0,No Rain
2024-02-02,LOC008,33.77,74.18,1019.09,10.12,74.4,29.89,6.4,0.0,0,No Rain
2024-02-03,LOC008,33.06,56.47,1009.17,14.98,22.5,24.04,22.6,0.0,0,No Rain
2024-02-04,LOC008,30.99,43.23,1012.32,40.06,105.0,18.86,20.3,0.0,0,No Rain
2024-02-05,LOC008,31.64,46.59,1012.6,10.76,80.6,19.58,17.3,0.0,0,No Rain
2024-02-06,LOC008,35.18,56.69,1013.82,13.3,107.6,27.44,20.4,0.0,0,No Rain
2024-02-07,LOC008,33.53,52.64,1011.42,24.75,94.7,22.79,21.5,0.0,0,No Rain
2024-02-08,LOC008,35.35,69.51,1006.13,19.22,34.1,28.63,36.2,0.0,0,No Rain
2024-02-09,LOC008,32.34,58.41,1005.95,23.08,108.3,23.1,23.9,0.0,0,No Rain
2024-02-10,LOC008,35.25,64.42,1011.78,11.71,70.2,27.98,12.9,0.0,0,No Rain
2024-02-11,LOC008,33.04,63.52,1008.59,12.55,72.4,26.44,10.9,0.0,0,No Rain
2024-02-12,LOC008,31.94,57.84,1009.44,10.6,69.4,23.64,15.0,0.0,0,No Rain
2024-02-13,LOC008,34.8,42.55,1007.72,13.31,79.9,22.68,26.8,0.0,0,No Rain
2024-02-14,LOC008,32.66,56.28,1013.31,11.77,112.3,24.67,17.4,0.0,0,No Rain
2024-02-15,LOC008,30.48,60.35,1017.19,32.01,60.8,22.86,9.3,2.42,0,Light
2024-02-16,LOC008,31.11,61.46,1011.37,13.14,73.3,24.72,29.0,0.0,0,No Rain
2024-02-17,LOC008,32.8,44.48,1009.14,12.13,104.8,21.4,25.8,0.0,0,No Rain
2024-02-18,LOC008,29.24,54.16,1017.12,14.58,39.7,21.84,22.2,0.0,0,No Rain
2024-02-19,LOC008,29.82,53.16,1013.23,10.97,140.1,20.29,25.8,0.0,0,No Rain
2024-02-20,LOC008,29.69,46.18,1008.68,10.05,34.9,20.24,15.6,0.0,0,No Rain
2024-02-21,LOC008,35.36,53.38,1008.29,11.39,93.2,28.17,27.2,0.0,0,No Rain
2024-02-22,LOC008,29.52,46.73,1012.12,10.47,87.8,19.14,26.0,0.0,0,No Rain
2024-02-23,LOC008,30.28,52.72,1014.17,11.82,38.2,21.72,8.4,0.0,0,No Rain
2024-02-24,LOC008,29.2,52.99,1008.91,12.79,57.1,19.4,13.8,0.0,0,No Rain
2024-02-25,LOC008,32.16,60.95,1009.53,11.93,32.6,25.01,7.7,0.0,0,No Rain
2024-02-26,LOC008,31.22,53.91,1007.56,11.75,359.9,21.28,6.0,0.0,0,No Rain
2024-02-27,LOC008,27.87,55.39,1010.56,12.16,100.6,20.38,6.2,0.0,0,No Rain
2024-02-28,LOC008,30.34,63.87,1011.61,16.53,31.0,22.82,21.7,0.0,0,No Rain
2024-02-29,LOC008,31.14,37.72,1013.46,10.97,55.6,16.5,8.9,0.0,0,No Rain
2024-03-01,LOC008,31.79,48.28,1015.06,14.97,338.7,21.1,18.2,0.0,0,No Rain
2024-03-02,LOC008,30.41,60.74,1010.87,11.28,99.0,22.25,0.0,0.0,0,No Rain
2024-03-03,LOC008,30.62,58.09,1007.9,12.41,48.3,21.86,20.2,0.0,0,No Rain
2024-03-04,LOC008,29.33,58.95,1013.61,25.38,39.0,20.24,7.5,0.0,0,No Rain
2024-03-05,LOC008,31.48,52.86,1013.19,17.83,74.4,21.6,18.3,0.0,0,No Rain
2024-03-06,LOC008,27.97,66.86,1013.16,11.27,341.8,21.87,18.7,0.0,0,No Rain
2024-03-07,LOC008,30.61,59.88,1008.77,15.61,43.3,23.3,20.1,0.0,0,No Rain
2024-03-08,LOC008,27.87,55.23,1009.84,12.41,14.4,18.56,0.0,0.0,0,No Rain
2024-03-09,LOC008,28.19,63.07,1010.25,20.53,88.2,22.14,21.8,0.0,0,No Rain
2024-03-10,LOC008,33.7,54.46,1009.96,11.78,58.4,24.08,10.0,0.0,0,No Rain
2024-03-11,LOC008,31.17,45.52,1008.23,24.52,122.8,19.26,7.1,1.65,0,Light
2024-03-12,LOC008,30.26,59.07,1010.09,13.52,46.2,21.73,14.9,0.0,0,No Rain
2024-03-13,LOC008,27.52,51.01,1010.1,26.0,60.1,17.48,25.5,0.0,0,No Rain
2024-03-14,LOC008,31.05,54.59,1009.21,13.87,74.9,21.83,25.3,0.0,0,No Rain
2024-03-15,LOC008,27.53,60.72,1010.31,13.09,56.1,19.78,16.4,0.0,0,No Rain
2024-03-16,LOC008,29.53,58.8,1013.7,10.11,104.3,21.12,34.6,0.0,0,No Rain
2024-03-17,LOC008,29.45,54.49,1011.3,20.01,93.5,20.47,25.2,0.0,0,No Rain
2024-03-18,LOC008,26.76,52.29,1010.01,16.49,55.5,16.5,10.2,0.0,0,No Rain
2024-03-19,LOC008,29.7,61.13,1014.26,20.74,79.9,21.68,14.8,0.0,0,No Rain
2024-03-20,LOC008,31.07,60.13,1009.65,13.9,357.5,23.43,14.5,0.0,0,No Rain
2024-03-21,LOC008,28.69,52.96,1012.58,10.9,90.6,18.34,18.8,0.0,0,No Rain
2024-03-22,LOC008,24.17,57.17,1010.96,12.04,90.0,15.8,17.3,0.0,0,No Rain
2024-03-23,LOC008,29.01,51.49,1013.25,16.7,333.1,18.52,34.6,0.0,0,No Rain
2024-03-24,LOC008,26.69,54.41,1007.19,14.12,82.4,18.21,40.2,1.71,0,Light
2024-03-25,LOC008,26.71,60.93,1008.0,10.84,128.6,18.2,15.9,0.0,0,No Rain
2024-03-26,LOC008,25.21,53.95,1009.5,10.97,91.1,16.93,19.9,0.0,0,No Rain
2024-03-27,LOC008,28.95,65.77,1016.09,20.12,71.4,22.48,18.9,0.0,0,No Rain
2024-03-28,LOC008,27.45,58.54,1009.42,10.47,41.3,18.71,15.6,0.0,0,No Rain
2024-03-29,LOC008,32.86,50.28,1009.99,12.55,89.3,21.84,14.5,0.0,0,No Rain
2024-03-30,LOC008,25.8,50.39,1013.98,15.63,18.0,17.21,13.7,31.95,0,Moderate
2024-03-31,LOC008,32.21,56.2,1015.32,10.55,50.5,22.83,11.6,0.0,0,No Rain
2024-04-01,LOC008,26.33,50.84,1009.97,10.68,50.8,16.56,13.6,0.0,0,No Rain
2024-04-02,LOC008,28.26,58.81,1008.46,16.05,90.6,20.84,24.1,0.0,0,No Rain
2024-04-03,LOC008,29.27,66.08,1007.48,11.09,65.2,22.34,15.2,0.0,0,No Rain
2024-04-04,LOC008,30.96,53.42,1011.89,13.53,352.9,22.23,21.9,0.0,0,No Rain
2024-04-05,LOC008,30.3,49.75,1008.56,10.45,56.1,19.69,19.3,0.0,0,No Rain
2024-04-06,LOC008,28.9,56.29,1010.2,20.59,97.1,20.73,18.9,0.0,0,No Rain
2024-04-07,LOC008,28.06,52.1,1013.46,11.18,51.0,17.71,36.0,0.0,0,No Rain
2024-04-08,LOC008,27.12,61.09,1014.09,10.97,359.3,19.04,0.0,0.0,0,No Rain
2024-04-09,LOC008,28.01,48.72,1010.27,10.23,46.0,17.69,12.9,0.0,0,No Rain
2024-04-10,LOC008,27.76,51.24,1009.43,12.64,63.4,17.92,12.1,0.0,0,No Rain
2024-04-11,LOC008,29.12,59.85,1011.37,10.19,14.6,20.73,26.5,18.41,0,Moderate
2024-04-12,LOC008,28.64,59.25,1013.14,10.11,8.5,19.33,18.4,0.0,0,No Rain
2024-04-13,LOC008,31.79,53.49,1012.34,22.31,81.0,22.71,15.2,5.72,0,Light
2024-04-14,LOC008,27.64,49.34,1011.14,11.65,90.0,16.34,12.8,0.0,0,No Rain
2024-04-15,LOC008,30.65,50.14,1011.96,17.37,6.1,20.82,5.8,0.0,0,No Rain
2024-04-16,LOC008,27.76,48.54,1008.3,12.3,82.8,18.44,8.0,0.0,0,No Rain
2024-04-17,LOC008,26.97,51.4,1012.38,15.93,82.6,17.45,7.3,0.0,0,No Rain
2024-04-18,LOC008,27.68,59.67,1010.53,15.41,359.4,19.08,0.0,0.0,0,No Rain
2024-04-19,LOC008,33.03,63.26,1014.18,13.73,43.3,25.85,26.4,0.0,0,No Rain
2024-04-20,LOC008,28.72,55.47,1010.9,12.13,352.3,20.06,15.7,0.0,0,No Rain
2024-04-21,LOC008,23.61,46.58,1008.74,12.76,40.6,13.43,3.3,0.0,0,No Rain
2024-04-22,LOC008,29.1,56.22,1012.43,14.12,89.6,19.85,18.2,0.0,0,No Rain
2024-04-23,LOC008,24.72,52.38,1010.52,10.87,84.9,16.45,28.6,0.0,0,No Rain
2024-04-24,LOC008,25.48,53.84,1012.71,11.31,38.2,16.02,0.0,0.0,0,No Rain
2024-04-25,LOC008,24.15,53.72,1014.67,11.02,2.4,15.82,11.0,0.0,0,No Rain
2024-04-26,LOC008,26.68,43.98,1010.32,16.15,56.1,15.77,7.7,0.0,0,No Rain
2024-04-27,LOC008,24.02,58.51,1011.96,11.48,106.6,14.86,10.0,0.0,0,No Rain
2024-04-28,LOC008,32.82,57.08,1012.11,11.94,335.1,25.8,31.0,16.0,0,Moderate
2024-04-29,LOC008,24.71,54.44,1012.26,14.72,60.3,14.97,0.9,0.0,0,No Rain
2024-04-30,LOC008,26.75,53.76,1016.18,13.69,70.1,17.48,18.7,0.0,0,No Rain
2024-05-01,LOC008,26.85,61.98,1008.46,26.73,25.7,18.34,14.0,0.0,0,No Rain
2024-05-02,LOC008,24.02,54.95,1011.8,18.41,40.2,15.79,12.9,0.0,0,No Rain
2024-05-03,LOC008,23.37,65.01,1008.48,12.86,98.3,16.11,9.9,1.33,0,Light
2024-05-04,LOC008,26.98,52.19,1007.28,12.57,30.7,17.49,32.4,32.95,0,Moderate
2024-05-05,LOC008,24.56,58.43,1014.67,14.22,39.5,16.19,22.8,0.0,0,No Rain
2024-05-06,LOC008,26.96,54.48,1009.97,21.82,61.3,15.49,26.2,0.0,0,No Rain
2024-05-07,LOC008,28.18,57.44,1012.96,11.51,41.3,19.62,21.8,0.0,0,No Rain
2024-05-08,LOC008,25.11,54.1,1005.18,12.03,47.4,15.97,4.7,0.0,0,No Rain
2024-05-09,LOC008,28.6,67.38,1012.11,12.47,95.4,21.81,21.5,0.0,0,No Rain
2024-05-10,LOC008,25.75,50.74,1008.9,13.39,4.0,17.15,21.5,0.0,0,No Rain
2024-05-11,LOC008,29.9,60.87,1008.85,24.51,45.9,23.13,17.9,8.7,0,Light
2024-05-12,LOC008,30.06,46.44,1013.18,12.72,98.2,19.99,34.0,0.0,0,No Rain
2024-05-13,LOC008,30.33,64.24,1009.8,18.57,79.0,23.65,29.8,0.0,0,No Rain
2024-05-14,LOC008,25.81,57.29,1009.57,12.38,59.6,17.62,20.0,0.0,0,No Rain
2024-05-15,LOC008,28.1,62.96,1009.45,15.66,87.8,20.65,18.7,0.5,0,Light
2024-05-16,LOC008,24.36,55.68,1012.77,13.32,45.5,15.49,15.7,0.0,0,No Rain
2024-05-17,LOC008,28.76,58.12,1008.35,13.26,43.8,20.83,0.0,6.1,0,Light
2024-05-18,LOC008,24.17,66.05,1010.45,12.09,17.8,17.15,25.2,0.0,0,No Rain
2024-05-19,LOC008,25.3,66.95,1011.85,13.28,27.1,18.87,16.4,0.0,0,No Rain
2024-05-20,LOC008,28.72,57.82,1010.64,12.21,25.8,19.85,11.2,0.0,0,No Rain
2024-05-21,LOC008,28.94,47.15,1007.99,12.74,56.8,18.05,26.5,0.0,0,No Rain
2024-05-22,LOC008,25.27,53.19,1006.89,12.66,103.1,16.07,6.5,0.0,0,No Rain
2024-05-23,LOC008,24.61,71.15,1007.58,13.5,77.3,21.08,39.6,0.0,0,No Rain
2024-05-24,LOC008,28.42,60.38,1012.32,21.8,93.0,21.36,8.6,0.0,0,No Rain
2024-05-25,LOC008,28.35,48.87,1010.77,17.99,111.2,17.9,34.2,0.0,0,No Rain
2024-05-26,LOC008,26.01,59.47,1012.88,12.45,63.1,17.16,21.0,4.6,0,Light
2024-05-27,LOC008,26.21,51.1,1014.5,12.68,138.8,15.24,15.2,0.0,0,No Rain
2024-05-28,LOC008,25.22,64.89,1009.15,12.87,76.4,18.16,16.2,0.0,0,No Rain
2024-05-29,LOC008,27.93,59.36,1008.76,14.31,84.3,20.18,9.9,0.0,0,No Rain
2024-05-30,LOC008,25.3,64.78,1009.14,20.95,8.6,18.2,32.0,0.0,0,No Rain
2024-05-31,LOC008,27.02,59.66,1007.08,11.75,130.0,18.45,30.2,0.0,0,No Rain
2024-06-01,LOC008,28.49,72.33,1005.29,18.7,78.8,22.06,55.7,0.0,0,No Rain
2024-06-02,LOC008,27.34,68.75,1004.01,17.14,98.8,21.53,36.9,0.0,0,No Rain
2024-06-03,LOC008,24.46,79.44,999.01,17.95,54.2,20.74,36.8,0.0,0,No Rain
2024-06-04,LOC008,26.78,66.94,1008.28,19.06,0.0,19.9,47.5,0.0,0,No Rain
2024-06-05,LOC008,27.43,66.6,1007.72,18.86,110.7,21.61,53.1,0.0,0,No Rain
2024-06-06,LOC008,26.44,69.58,1001.96,16.68,356.1,22.39,56.9,0.0,0,No Rain
2024-06-07,LOC008,22.83,68.84,1007.39,16.78,39.0,16.64,42.7,0.0,0,No Rain
2024-06-08,LOC008,25.29,77.44,1007.08,18.67,79.9,20.22,51.2,0.0,0,No Rain
2024-06-09,LOC008,24.58,64.56,1007.46,20.79,70.4,17.02,38.6,16.0,0,Moderate
2024-06-10,LOC008,27.29,70.6,1000.72,19.04,41.4,21.43,40.9,0.0,0,No Rain
2024-06-11,LOC008,27.49,70.19,1003.88,18.38,137.1,21.87,46.9,0.0,0,No Rain
2024-06-12,LOC008,24.81,82.11,1004.68,19.64,86.6,22.99,46.2,0.89,0,Light
2024-06-13,LOC008,29.87,65.99,1002.75,16.67,114.0,24.37,39.1,0.0,0,No Rain
2024-06-14,LOC008,25.43,63.16,1004.05,25.63,81.2,16.79,45.9,0.0,0,No Rain
2024-06-15,LOC008,29.07,71.3,1008.41,19.64,94.4,23.71,45.2,0.0,0,No Rain
2024-06-16,LOC008,26.19,76.67,1009.41,18.48,95.3,20.51,38.5,0.0,0,No Rain
2024-06-17,LOC008,25.4,61.0,1001.46,16.73,74.6,19.13,31.9,0.0,0,No Rain
2024-06-18,LOC008,24.96,65.12,1004.56,24.36,28.3,18.26,25.7,2.28,0,Light
2024-06-19,LOC008,24.55,61.94,1002.99,17.3,128.7,17.48,48.2,34.64,0,Moderate
2024-06-20,LOC008,28.73,68.22,1005.45,16.73,56.9,21.34,47.9,0.0,0,No Rain
2024-06-21,LOC008,26.7,78.78,1006.22,19.6,55.6,22.01,67.4,3.2,0,Light
2024-06-22,LOC008,28.65,62.96,1009.08,17.86,31.1,19.92,25.5,1.01,0,Light
2024-06-23,LOC008,25.51,74.08,1003.64,19.34,87.5,19.99,54.6,3.49,0,Light
2024-06-24,LOC008,23.94,70.51,1006.28,17.71,69.0,18.57,66.8,134.26,1,Very/Extremely Heavy
2024-06-25,LOC008,26.04,56.68,1002.8,16.91,63.9,17.07,23.9,30.77,0,Moderate
2024-06-26,LOC008,26.16,69.35,1011.14,24.36,37.0,20.27,40.6,0.0,0,No Rain
2024-06-27,LOC008,25.7,79.94,1006.71,16.49,52.0,23.36,34.5,0.0,0,No Rain
2024-06-28,LOC008,29.79,75.83,1009.65,23.91,21.2,24.69,44.6,6.33,0,Light
2024-06-29,LOC008,30.04,66.93,1006.92,17.88,25.5,23.5,59.5,0.0,0,No Rain
2024-06-30,LOC008,27.72,63.9,1005.15,16.18,91.6,20.36,44.5,0.0,0,No Rain
2024-07-01,LOC008,22.35,83.48,992.83,24.97,22.1,19.33,70.7,46.19,0,Moderate
2024-07-02,LOC008,28.01,84.05,996.24,28.5,48.4,25.87,86.1,54.87,0,Moderate
2024-07-03,LOC008,27.78,79.67,997.26,38.95,63.3,23.48,91.0,0.0,0,No Rain
2024-07-04,LOC008,23.49,84.42,1004.14,27.09,356.2,20.13,85.1,21.24,0,Moderate
2024-07-05,LOC008,23.44,73.05,996.82,23.64,36.9,18.23,92.8,19.66,0,Moderate
2024-07-06,LOC008,22.87,84.61,997.8,27.72,76.1,18.8,100.0,1.49,0,Light
2024-07-07,LOC008,24.76,91.77,1001.98,27.47,80.3,22.67,74.8,0.0,0,No Rain
2024-07-08,LOC008,24.5,97.84,997.82,28.21,340.2,24.87,86.4,39.05,0,Moderate
2024-07-09,LOC008,27.04,91.54,997.19,26.07,43.7,25.23,94.9,15.5,0,Light
2024-07-10,LOC008,26.69,86.98,999.41,30.21,96.1,24.24,89.5,3.22,0,Light
2024-07-11,LOC008,26.37,90.81,998.88,23.63,88.0,25.47,75.9,3.62,0,Light
2024-07-12,LOC008,25.59,78.37,993.61,33.46,90.7,20.21,96.3,5.45,0,Light
2024-07-13,LOC008,23.51,84.22,993.76,25.74,347.8,19.27,73.3,0.0,0,No Rain
2024-07-14,LOC008,23.05,85.1,1000.07,23.92,86.5,19.67,73.5,17.84,0,Moderate
2024-07-15,LOC008,27.98,73.02,1004.81,47.19,42.2,23.06,84.9,45.68,0,Moderate
2024-07-16,LOC008,26.0,78.7,999.53,25.02,17.3,20.78,79.6,148.31,1,Very/Extremely Heavy
2024-07-17,LOC008,25.71,82.27,1000.08,34.59,28.2,20.93,74.5,0.0,0,No Rain
2024-07-18,LOC008,26.63,80.59,1000.12,25.45,112.4,21.91,69.8,16.0,0,Moderate
2024-07-19,LOC008,23.57,81.63,991.38,39.55,54.7,20.55,75.1,9.26,0,Light
2024-07-20,LOC008,21.83,83.92,998.73,24.08,356.8,18.67,75.5,19.12,0,Moderate
2024-07-21,LOC008,24.83,90.31,998.51,24.1,59.4,23.01,69.8,4.64,0,Light
2024-07-22,LOC008,27.2,81.04,998.55,26.85,87.0,23.77,72.0,46.78,0,Moderate
2024-07-23,LOC008,23.8,91.79,998.82,28.06,334.3,22.68,94.1,11.38,0,Light
2024-07-24,LOC008,26.65,89.89,991.96,23.88,29.7,26.14,78.1,0.0,0,No Rain
2024-07-25,LOC008,30.26,87.61,992.21,31.11,66.5,29.0,87.2,69.42,1,Heavy
2024-07-26,LOC008,25.24,88.64,1003.16,25.53,355.9,23.26,81.7,3.12,0,Light
2024-07-27,LOC008,26.1,99.0,999.22,24.92,79.1,25.02,79.1,21.28,0,Moderate
2024-07-28,LOC008,23.97,96.18,995.39,24.27,49.8,22.54,79.0,4.77,0,Light
2024-07-29,LOC008,26.85,88.02,1002.93,24.52,43.2,24.35,92.6,10.55,0,Light
2024-07-30,LOC008,28.28,87.27,1001.76,29.65,93.1,26.82,91.2,33.61,0,Moderate
2024-07-31,LOC008,31.77,92.29,1004.53,31.52,16.5,30.66,80.0,6.29,0,Light
2024-08-01,LOC008,28.7,85.22,1001.58,26.88,132.0,25.63,60.2,46.19,0,Moderate
2024-08-02,LOC008,27.07,85.56,1001.52,32.55,70.7,24.39,80.2,9.17,0,Light
2024-08-03,LOC008,29.54,89.03,1001.78,24.31,40.2,29.02,84.9,47.12,0,Moderate
2024-08-04,LOC008,28.26,90.05,1004.47,25.96,129.1,25.75,84.0,64.0,0,Moderate
2024-08-05,LOC008,26.93,90.36,997.67,25.6,61.3,24.62,78.6,4.58,0,Light
2024-08-06,LOC008,28.57,82.79,997.7,28.51,55.2,26.3,69.1,122.06,1,Very/Extremely Heavy
2024-08-07,LOC008,31.48,89.72,997.28,25.82,28.9,29.33,99.2,0.0,0,No Rain
2024-08-08,LOC008,32.94,80.43,1006.35,26.61,46.3,28.36,90.9,50.89,0,Moderate
2024-08-09,LOC008,26.08,89.2,998.72,26.32,330.1,23.44,78.6,5.78,0,Light
2024-08-10,LOC008,28.88,92.05,998.16,26.52,57.2,26.21,88.7,0.0,0,No Rain
2024-08-11,LOC008,28.55,82.93,997.1,30.0,48.4,24.26,77.7,0.0,0,No Rain
2024-08-12,LOC008,27.98,94.65,1003.93,27.9,110.2,27.05,82.0,16.0,0,Moderate
2024-08-13,LOC008,29.86,99.0,1003.32,26.65,75.7,30.92,78.6,64.0,0,Moderate
2024-08-14,LOC008,26.49,95.69,1001.04,25.28,9.6,26.09,83.0,16.0,0,Moderate
2024-08-15,LOC008,27.93,76.38,999.89,24.36,53.6,22.88,93.3,0.5,0,Light
2024-08-16,LOC008,26.67,81.19,1001.38,24.9,84.7,22.87,71.0,16.0,0,Moderate
2024-08-17,LOC008,26.89,90.57,1001.97,25.2,98.2,24.83,76.3,14.94,0,Light
2024-08-18,LOC008,30.33,74.66,998.16,27.03,122.8,26.56,89.9,1.49,0,Light
2024-08-19,LOC008,30.17,86.63,996.83,31.95,46.2,27.96,68.2,0.0,0,No Rain
2024-08-20,LOC008,24.39,88.26,999.45,30.72,46.4,21.92,64.3,7.34,0,Light
2024-08-21,LOC008,25.3,92.05,996.74,23.97,17.3,23.63,76.9,1.06,0,Light
2024-08-22,LOC008,28.9,81.92,996.45,24.1,99.6,24.24,63.6,0.72,0,Light
2024-08-23,LOC008,28.67,79.45,1001.72,27.31,33.0,23.51,90.9,14.84,0,Light
2024-08-24,LOC008,28.1,98.09,992.65,27.42,43.9,27.99,81.0,16.0,0,Moderate
2024-08-25,LOC008,32.26,78.72,1001.67,27.86,51.4,26.95,76.4,0.0,0,No Rain
2024-08-26,LOC008,28.17,76.39,1002.26,24.53,127.3,23.77,74.8,0.0,0,No Rain
2024-08-27,LOC008,27.21,81.71,1002.01,31.73,31.7,23.95,86.0,24.67,0,Moderate
2024-08-28,LOC008,27.31,88.95,1000.16,25.98,127.5,24.67,82.4,48.11,0,Moderate
2024-08-29,LOC008,29.67,79.03,1000.61,26.39,44.9,25.39,95.1,75.82,1,Heavy
2024-08-30,LOC008,31.86,90.52,1001.04,26.49,94.3,29.4,69.3,0.0,0,No Rain
2024-08-31,LOC008,30.37,91.12,998.74,30.34,115.1,28.08,76.4,3.84,0,Light
2024-09-01,LOC008,31.06,64.07,1006.38,19.36,353.9,24.15,45.1,25.28,0,Moderate
2024-09-02,LOC008,34.22,72.35,1004.03,21.17,48.0,28.24,32.9,0.0,0,No Rain
2024-09-03,LOC008,29.59,61.47,1006.57,16.51,152.2,21.08,50.4,0.5,0,Light
2024-09-04,LOC008,32.17,60.63,1001.8,18.83,45.9,24.13,57.0,0.0,0,No Rain
2024-09-05,LOC008,31.78,55.67,1007.17,21.92,89.0,23.01,25.8,0.0,0,No Rain
2024-09-06,LOC008,29.44,66.71,1004.79,19.06,2.1,22.98,47.5,2.15,0,Light
2024-09-07,LOC008,33.1,63.12,1006.69,18.25,8.7,26.45,39.5,0.0,0,No Rain
2024-09-08,LOC008,34.81,61.94,1006.24,23.24,0.3,25.92,39.1,16.0,0,Moderate
2024-09-09,LOC008,30.04,63.73,1007.91,21.91,29.7,22.7,36.5,0.0,0,No Rain
2024-09-10,LOC008,32.21,55.41,1000.94,30.21,31.0,23.8,53.6,0.0,0,No Rain
2024-09-11,LOC008,30.19,70.63,999.32,18.19,22.5,24.4,45.7,0.0,0,No Rain
2024-09-12,LOC008,33.64,71.28,1008.09,16.48,27.8,28.18,45.2,0.0,0,No Rain
2024-09-13,LOC008,33.86,72.0,1001.78,21.4,86.4,28.4,71.3,0.0,0,No Rain
2024-09-14,LOC008,34.08,71.77,1001.79,18.98,92.5,29.29,49.0,15.39,0,Light
2024-09-15,LOC008,32.56,66.71,1008.27,19.43,104.4,26.2,64.5,8.66,0,Light
2024-09-16,LOC008,31.34,66.78,1000.41,28.05,54.0,24.35,46.5,0.0,0,No Rain
2024-09-17,LOC008,33.78,66.64,1007.68,18.52,31.9,27.84,48.9,3.19,0,Light
2024-09-18,LOC008,29.63,72.07,1002.05,17.19,60.4,23.07,49.4,0.0,0,No Rain
2024-09-19,LOC008,31.33,73.02,1007.59,42.93,52.7,27.74,38.0,240.0,1,Very/Extremely Heavy
2024-09-20,LOC008,33.28,70.2,1005.74,20.28,85.6,28.96,49.7,16.0,0,Moderate
2024-09-21,LOC008,36.58,66.8,1006.66,17.17,335.5,29.39,51.6,0.0,0,No Rain
2024-09-22,LOC008,32.62,72.22,1006.67,19.15,41.6,27.0,53.9,0.0,0,No Rain
2024-09-23,LOC008,35.81,67.13,999.29,16.81,54.7,28.48,57.4,0.0,0,No Rain
2024-09-24,LOC008,35.19,75.64,1008.01,16.12,112.7,32.0,49.7,0.0,0,No Rain
2024-09-25,LOC008,35.47,80.42,1005.89,16.68,23.5,31.44,41.6,0.0,0,No Rain
2024-09-26,LOC008,34.19,71.06,1006.03,17.61,38.7,29.15,25.1,2.54,0,Light
2024-09-27,LOC008,31.68,72.52,1004.73,17.18,47.8,26.03,37.6,0.0,0,No Rain
2024-09-28,LOC008,37.47,72.5,1006.09,16.53,344.2,32.0,53.6,0.0,0,No Rain
2024-09-29,LOC008,35.71,66.46,998.7,20.97,24.3,29.08,64.2,0.0,0,No Rain
2024-09-30,LOC008,33.78,62.2,1012.84,16.11,50.4,26.08,68.4,113.33,1,Heavy
2024-10-01,LOC008,32.92,51.99,1011.24,13.35,35.4,23.71,40.3,0.0,0,No Rain
2024-10-02,LOC008,29.97,49.65,1014.34,25.67,32.9,19.58,10.7,1.71,0,Light
2024-10-03,LOC008,32.84,60.89,1014.67,11.31,68.5,25.13,23.7,0.0,0,No Rain
2024-10-04,LOC008,34.67,60.42,1009.66,12.51,58.0,27.57,35.8,0.0,0,No Rain
2024-10-05,LOC008,36.54,59.28,1006.27,18.86,109.5,28.71,18.8,0.0,0,No Rain
2024-10-06,LOC008,37.98,66.33,1008.62,14.46,58.9,31.8,30.5,0.0,0,No Rain
2024-10-07,LOC008,38.02,55.39,1006.06,14.75,78.2,28.83,15.9,0.0,0,No Rain
2024-10-08,LOC008,34.28,56.82,1004.55,11.36,18.2,25.57,33.3,2.6,0,Light
2024-10-09,LOC008,36.67,51.23,1008.39,12.62,102.7,26.65,40.5,0.0,0,No Rain
2024-10-10,LOC008,37.04,48.44,1012.34,12.7,90.5,28.84,14.9,0.0,0,No Rain
2024-10-11,LOC008,31.23,61.01,1009.57,11.31,35.8,23.61,31.3,0.0,0,No Rain
2024-10-12,LOC008,36.3,61.38,1010.11,12.38,115.3,28.09,9.4,0.0,0,No Rain
2024-10-13,LOC008,38.12,56.88,1008.04,21.14,49.0,29.37,20.9,0.0,0,No Rain
2024-10-14,LOC008,32.98,54.97,1010.75,15.55,118.8,22.45,13.5,0.0,0,No Rain
2024-10-15,LOC008,37.63,62.79,1013.28,21.28,101.1,29.5,18.0,0.0,0,No Rain
2024-10-16,LOC008,36.89,67.41,1013.0,14.22,141.1,29.65,14.2,0.0,0,No Rain
2024-10-17,LOC008,36.17,55.01,1005.6,12.82,42.3,28.27,14.6,0.0,0,No Rain
2024-10-18,LOC008,35.84,69.27,1010.06,14.83,82.0,29.05,30.3,0.0,0,No Rain
2024-10-19,LOC008,33.0,49.52,1010.07,13.01,23.9,23.83,30.8,0.0,0,No Rain
2024-10-20,LOC008,33.37,56.07,1012.66,12.69,78.4,24.88,3.8,0.0,0,No Rain
2024-10-21,LOC008,37.31,54.91,1012.47,14.33,68.0,29.05,26.5,0.0,0,No Rain
2024-10-22,LOC008,37.51,53.04,1011.14,17.89,53.7,27.85,18.0,0.0,0,No Rain
2024-10-23,LOC008,35.22,65.28,1007.47,18.02,70.3,29.07,13.7,0.0,0,No Rain
2024-10-24,LOC008,35.34,64.16,1009.8,19.02,23.8,28.77,14.5,0.0,0,No Rain
2024-10-25,LOC008,32.98,46.84,1011.8,13.04,81.4,21.54,36.5,28.86,0,Moderate
2024-10-26,LOC008,31.41,48.55,1009.85,12.14,130.7,22.9,32.1,16.0,0,Moderate
2024-10-27,LOC008,34.8,61.14,1009.37,12.95,152.0,27.62,12.6,0.0,0,No Rain
2024-10-28,LOC008,38.83,57.01,1007.24,17.48,65.2,29.47,20.0,0.0,0,No Rain
2024-10-29,LOC008,34.54,65.88,1012.77,19.64,32.2,26.49,0.0,0.0,0,No Rain
2024-10-30,LOC008,37.7,61.62,1011.08,11.73,61.5,30.61,13.2,0.0,0,No Rain
2024-10-31,LOC008,37.78,67.62,1009.8,11.63,140.0,32.0,11.5,0.0,0,No Rain
2024-11-01,LOC008,39.12,52.73,1011.38,19.61,20.2,30.89,3.6,0.0,0,No Rain
2024-11-02,LOC008,37.46,52.48,1011.1,10.96,4.0,27.48,20.7,0.0,0,No Rain
2024-11-03,LOC008,38.55,59.5,1009.16,13.21,44.8,30.29,14.1,0.0,0,No Rain
2024-11-04,LOC008,36.23,69.75,1009.51,14.79,64.0,31.29,35.5,0.0,0,No Rain
2024-11-05,LOC008,34.64,68.28,1013.71,13.74,113.8,28.84,2.2,0.0,0,No Rain
2024-11-06,LOC008,37.52,52.13,1010.46,10.39,57.4,27.87,12.2,0.0,0,No Rain
2024-11-07,LOC008,37.33,55.98,1013.87,10.42,46.4,27.77,26.5,0.0,0,No Rain
2024-11-08,LOC008,37.13,62.74,1013.96,16.11,33.1,30.35,8.9,0.0,0,No Rain
2024-11-09,LOC008,38.28,50.11,1012.75,13.32,72.0,29.59,17.5,0.0,0,No Rain
2024-11-10,LOC008,37.78,51.69,1012.2,11.73,289.4,27.79,15.4,0.0,0,No Rain
2024-11-11,LOC008,35.03,53.48,1014.41,10.26,140.9,25.69,19.3,0.0,0,No Rain
2024-11-12,LOC008,39.37,70.44,1010.71,11.77,96.2,32.0,7.1,0.0,0,No Rain
2024-11-13,LOC008,36.39,55.84,1009.73,12.02,132.2,28.89,13.1,0.0,0,No Rain
2024-11-14,LOC008,42.2,54.46,1014.39,27.88,82.9,32.0,28.3,0.0,0,No Rain
2024-11-15,LOC008,36.76,49.38,1009.45,15.18,68.3,26.31,6.3,0.0,0,No Rain
2024-11-16,LOC008,41.7,57.78,1011.34,11.78,63.2,32.0,0.0,0.0,0,No Rain
2024-11-17,LOC008,38.61,65.03,1007.08,10.19,80.2,32.0,8.2,1.98,0,Light
2024-11-18,LOC008,37.3,43.26,1008.1,11.31,52.8,25.44,19.7,30.18,0,Moderate
2024-11-19,LOC008,35.16,63.83,1009.31,10.74,69.7,27.62,20.1,0.0,0,No Rain
2024-11-20,LOC008,36.63,54.58,1011.65,12.59,93.3,25.82,28.0,0.0,0,No Rain
2024-11-21,LOC008,38.37,58.63,1009.98,10.23,75.7,29.48,18.5,0.0,0,No Rain
2024-11-22,LOC008,35.63,64.74,1011.85,19.61,66.6,30.88,20.8,0.0,0,No Rain
2024-11-23,LOC008,38.3,61.76,1008.89,17.72,173.1,30.41,18.8,0.0,0,No Rain
2024-11-24,LOC008,38.18,59.08,1010.92,12.65,109.2,30.0,18.9,0.0,0,No Rain
2024-11-25,LOC008,35.07,47.88,1009.91,15.65,355.4,25.4,5.0,0.0,0,No Rain
2024-11-26,LOC008,39.69,50.51,1007.92,16.04,5.4,28.5,28.1,0.0,0,No Rain
2024-11-27,LOC008,36.14,58.41,1013.39,19.98,12.6,27.53,20.3,0.0,0,No Rain
2024-11-28,LOC008,38.1,60.05,1011.97,16.95,71.8,30.4,9.3,0.0,0,No Rain
2024-11-29,LOC008,35.79,51.69,1008.41,12.01,353.0,25.64,23.1,0.0,0,No Rain
2024-11-30,LOC008,34.45,44.39,1011.99,15.4,76.3,23.64,16.7,0.0,0,No Rain
2024-12-01,LOC008,39.33,58.34,1009.63,17.68,68.8,30.93,19.3,0.0,0,No Rain
2024-12-02,LOC008,34.94,52.26,1013.56,16.37,2.4,24.82,5.2,0.0,0,No Rain
2024-12-03,LOC008,36.46,46.0,1016.52,16.76,58.4,25.81,14.2,0.0,0,No Rain
2024-12-04,LOC008,33.46,56.14,1013.29,12.34,55.8,24.86,16.0,0.0,0,No Rain
2024-12-05,LOC008,37.53,54.57,1010.82,14.77,84.9,28.9,11.1,0.0,0,No Rain
2024-12-06,LOC008,35.73,53.21,1007.73,14.08,92.2,26.9,12.7,0.0,0,No Rain
2024-12-07,LOC008,32.36,54.81,1015.06,22.24,58.6,23.94,9.4,0.0,0,No Rain
2024-12-08,LOC008,37.21,49.61,1012.06,16.62,87.2,27.85,13.2,3.64,0,Light
2024-12-09,LOC008,37.0,52.62,1013.55,12.35,99.5,26.56,20.3,0.0,0,No Rain
2024-12-10,LOC008,36.07,55.4,1014.05,11.29,102.9,27.66,12.5,0.0,0,No Rain
2024-12-11,LOC008,34.44,56.82,1011.6,11.55,37.7,25.35,13.4,0.0,0,No Rain
2024-12-12,LOC008,37.82,58.08,1012.21,12.71,117.9,30.25,3.5,0.0,0,No Rain
2024-12-13,LOC008,38.17,47.91,1010.46,18.96,44.5,27.82,9.7,0.0,0,No Rain
2024-12-14,LOC008,36.04,68.01,1010.27,14.89,152.8,30.55,34.8,0.0,0,No Rain
2024-12-15,LOC008,37.18,61.75,1013.32,11.4,85.2,28.84,18.9,0.0,0,No Rain
2024-12-16,LOC008,36.05,57.71,1010.4,11.03,17.9,28.93,9.5,0.0,0,No Rain
2024-12-17,LOC008,36.9,52.7,1012.11,10.09,54.5,27.84,1.4,0.0,0,No Rain
2024-12-18,LOC008,40.17,66.03,1011.19,13.68,15.8,32.0,0.1,0.0,0,No Rain
2024-12-19,LOC008,36.63,56.15,1008.96,11.42,87.7,27.95,30.0,0.0,0,No Rain
2024-12-20,LOC008,37.62,56.61,1014.98,10.55,131.7,27.7,7.4,0.0,0,No Rain
2024-12-21,LOC008,36.32,55.46,1014.45,13.44,89.0,28.55,20.7,0.0,0,No Rain
2024-12-22,LOC008,34.97,46.64,1012.08,17.31,51.8,24.05,21.1,0.0,0,No Rain
2024-12-23,LOC008,36.35,49.5,1009.05,13.31,30.9,24.48,28.7,0.0,0,No Rain
2024-12-24,LOC008,35.8,59.43,1013.49,24.16,2.5,28.38,8.2,0.0,0,No Rain
2024-12-25,LOC008,33.11,51.22,1015.25,13.68,56.6,25.74,13.5,0.0,0,No Rain
2024-12-26,LOC008,33.77,63.26,1010.24,11.26,46.5,26.61,21.2,0.0,0,No Rain
2024-12-27,LOC008,38.5,42.87,1009.02,16.3,352.4,26.91,16.0,0.0,0,No Rain
2024-12-28,LOC008,35.43,57.25,1006.15,10.13,110.2,27.24,2.9,0.0,0,No Rain
2024-12-29,LOC008,34.05,53.9,1009.15,10.28,62.0,27.12,11.1,0.0,0,No Rain
2024-12-30,LOC008,37.83,51.3,1008.35,17.1,5.1,28.0,29.8,0.0,0,No Rain
2024-12-31,LOC008,34.86,66.71,1008.77,14.16,78.7,28.01,19.1,0.0,0,No Rain
2025-01-01,LOC008,36.98,59.97,1009.81,12.85,57.7,28.31,22.2,0.0,0,No Rain
2025-01-02,LOC008,34.12,57.7,1009.75,15.93,61.6,27.05,0.5,0.0,0,No Rain
2025-01-03,LOC008,38.35,55.48,1009.83,18.95,71.7,28.94,5.4,0.0,0,No Rain
2025-01-04,LOC008,34.53,51.01,1011.98,12.22,40.2,26.73,28.9,0.0,0,No Rain
2025-01-05,LOC008,34.73,56.13,1010.67,11.49,344.0,26.18,21.1,10.64,0,Light
2025-01-06,LOC008,35.58,50.83,1009.54,11.33,346.2,25.77,10.9,0.0,0,No Rain
2025-01-07,LOC008,37.11,51.79,1014.1,12.83,20.5,26.5,14.6,0.0,0,No Rain
2025-01-08,LOC008,35.0,56.92,1015.9,11.86,5.2,26.84,7.3,0.0,0,No Rain
2025-01-09,LOC008,35.78,55.68,1012.35,12.82,43.7,27.07,18.8,0.0,0,No Rain
2025-01-10,LOC008,32.85,57.4,1015.21,13.54,127.0,23.95,17.9,0.5,0,Light
2025-01-11,LOC008,33.55,50.05,1007.98,12.39,43.2,24.39,21.7,0.0,0,No Rain
2025-01-12,LOC008,36.75,62.51,1012.15,10.3,38.9,29.44,18.2,0.0,0,No Rain
2025-01-13,LOC008,38.51,55.39,1009.87,11.86,88.5,30.09,21.9,0.0,0,No Rain
2025-01-14,LOC008,35.61,54.47,1009.99,11.48,118.2,27.41,20.2,0.0,0,No Rain
2025-01-15,LOC008,32.79,55.36,1013.28,10.69,44.7,23.05,25.7,0.0,0,No Rain
2025-01-16,LOC008,34.62,51.11,1014.66,20.61,57.7,22.82,19.0,0.0,0,No Rain
2025-01-17,LOC008,37.24,55.78,1010.43,12.07,138.4,27.92,21.6,0.0,0,No Rain
2025-01-18,LOC008,36.97,56.48,1006.84,17.25,75.3,28.74,20.2,16.0,0,Moderate
2025-01-19,LOC008,36.66,55.14,1009.33,13.26,27.6,29.53,23.4,0.0,0,No Rain
2025-01-20,LOC008,35.11,66.0,1010.02,20.08,122.7,28.63,15.4,0.0,0,No Rain
2025-01-21,LOC008,33.78,50.14,1014.24,13.3,55.9,24.04,12.4,0.0,0,No Rain
2025-01-22,LOC008,31.73,65.27,1009.61,12.72,73.2,25.02,5.5,0.0,0,No Rain
2025-01-23,LOC008,34.6,51.58,1011.63,21.85,31.5,25.29,1.4,13.87,0,Light
2025-01-24,LOC008,33.58,50.59,1013.03,12.94,78.2,23.36,9.8,0.0,0,No Rain
2025-01-25,LOC008,32.33,56.81,1008.91,14.7,49.6,24.74,0.7,0.0,0,No Rain
2025-01-26,LOC008,31.66,38.59,1015.77,14.48,26.1,19.88,19.8,0.0,0,No Rain
2025-01-27,LOC008,34.48,61.26,1010.86,16.76,65.6,26.63,13.2,0.0,0,No Rain
2025-01-28,LOC008,33.61,49.12,1011.22,19.21,78.3,22.89,18.6,25.48,0,Moderate
2025-01-29,LOC008,34.23,49.9,1006.16,12.74,338.9,23.13,0.0,0.0,0,No Rain
2025-01-30,LOC008,31.75,50.9,1013.58,11.69,63.0,21.65,11.0,0.0,0,No Rain
2025-01-31,LOC008,34.85,60.79,1008.31,13.01,170.3,27.05,1.6,0.0,0,No Rain
2025-02-01,LOC008,32.02,62.31,1014.53,23.97,78.1,24.66,11.4,0.0,0,No Rain
2025-02-02,LOC008,35.25,61.74,1010.52,12.71,90.7,27.68,8.4,0.0,0,No Rain
2025-02-03,LOC008,36.86,64.28,1012.07,16.83,84.8,31.37,9.4,0.0,0,No Rain
2025-02-04,LOC008,34.55,54.51,1010.84,31.1,23.0,24.06,1.2,0.0,0,No Rain
2025-02-05,LOC008,36.6,54.38,1010.91,10.29,24.2,27.74,0.0,0.0,0,No Rain
2025-02-06,LOC008,32.11,41.06,1010.75,10.9,52.8,20.44,10.2,0.0,0,No Rain
2025-02-07,LOC008,36.59,51.29,1011.64,11.28,70.8,25.55,0.8,0.0,0,No Rain
2025-02-08,LOC008,32.79,53.59,1014.17,10.15,55.3,23.92,7.3,0.59,0,Light
2025-02-09,LOC008,35.03,61.57,1009.3,30.55,103.3,27.51,9.0,0.0,0,No Rain
2025-02-10,LOC008,31.19,49.5,1009.51,17.25,104.2,21.49,11.5,0.0,0,No Rain
2025-02-11,LOC008,29.5,62.63,1011.16,17.46,331.2,21.78,30.7,0.0,0,No Rain
2025-02-12,LOC008,36.21,52.37,1010.08,14.58,25.1,27.12,19.2,16.0,0,Moderate
2025-02-13,LOC008,34.01,60.79,1013.08,10.37,79.1,25.08,12.0,0.0,0,No Rain
2025-02-14,LOC008,32.32,57.08,1006.17,23.7,79.8,22.43,2.7,16.0,0,Moderate
2025-02-15,LOC008,29.82,40.02,1010.41,10.19,357.1,18.43,8.1,0.0,0,No Rain
2025-02-16,LOC008,33.88,63.44,1011.37,10.49,16.8,26.66,30.3,0.0,0,No Rain
2025-02-17,LOC008,31.74,63.5,1011.25,14.53,40.9,25.34,30.0,0.0,0,No Rain
2025-02-18,LOC008,33.4,52.79,1010.36,13.85,141.6,23.67,7.6,0.0,0,No Rain
2025-02-19,LOC008,35.33,49.57,1013.68,13.53,108.0,25.6,18.2,0.0,0,No Rain
2025-02-20,LOC008,32.55,51.59,1013.17,13.28,46.1,24.07,15.1,0.0,0,No Rain
2025-02-21,LOC008,30.57,57.84,1009.81,15.26,33.0,21.18,21.9,0.0,0,No Rain
2025-02-22,LOC008,31.26,49.76,1011.74,17.66,50.7,20.96,9.8,0.0,0,No Rain
2025-02-23,LOC008,31.22,55.28,1014.52,10.82,7.6,23.18,6.8,0.0,0,No Rain
2025-02-24,LOC008,31.47,51.0,1014.74,17.01,144.4,21.83,19.3,0.0,0,No Rain
2025-02-25,LOC008,31.41,47.12,1008.42,18.98,34.0,22.05,0.0,0.0,0,No Rain
2025-02-26,LOC008,31.5,57.59,1011.29,13.32,77.3,23.25,20.6,0.0,0,No Rain
2025-02-27,LOC008,32.09,54.88,1009.53,13.78,69.2,22.79,30.1,0.0,0,No Rain
2025-02-28,LOC008,31.89,54.48,1011.85,10.01,120.6,23.38,12.9,0.0,0,No Rain
2025-03-01,LOC008,31.23,54.63,1014.41,14.73,81.2,21.98,16.3,0.0,0,No Rain
2025-03-02,LOC008,31.76,64.36,1013.78,14.32,105.0,23.16,0.0,0.0,0,No Rain
2025-03-03,LOC008,29.72,50.12,1007.49,11.22,35.7,19.08,7.4,0.0,0,No Rain
2025-03-04,LOC008,25.99,63.48,1014.06,10.43,50.2,18.57,18.4,16.0,0,Moderate
2025-03-05,LOC008,32.02,53.61,1015.5,13.76,33.2,22.4,7.2,0.0,0,No Rain
2025-03-06,LOC008,30.14,65.36,1016.84,10.04,354.6,22.03,7.4,0.0,0,No Rain
2025-03-07,LOC008,29.16,50.0,1010.7,14.51,18.1,18.88,12.6,0.0,0,No Rain
2025-03-08,LOC008,30.06,45.89,1010.03,22.97,98.4,19.71,23.1,1.71,0,Light
2025-03-09,LOC008,27.97,59.97,1010.54,14.41,10.2,18.66,18.6,0.0,0,No Rain
2025-03-10,LOC008,30.72,54.42,1006.71,12.53,84.0,22.16,10.1,0.0,0,No Rain
2025-03-11,LOC008,30.01,59.75,1011.13,13.03,30.7,22.33,10.9,0.0,0,No Rain
2025-03-12,LOC008,28.26,57.22,1013.11,13.24,102.6,18.75,5.2,0.0,0,No Rain
2025-03-13,LOC008,29.63,64.43,1013.38,16.61,82.2,23.16,4.2,0.0,0,No Rain
2025-03-14,LOC008,31.46,50.25,1009.74,11.82,57.3,22.1,41.8,0.0,0,No Rain
2025-03-15,LOC008,34.35,51.94,1013.21,12.76,52.9,25.0,24.1,0.0,0,No Rain
2025-03-16,LOC008,28.03,62.33,1010.6,11.83,353.7,19.82,8.5,2.69,0,Light
2025-03-17,LOC008,27.46,50.88,1006.56,13.71,24.6,18.25,33.1,0.0,0,No Rain
2025-03-18,LOC008,29.2,57.74,1011.79,17.74,19.3,21.15,16.3,0.0,0,No Rain
2025-03-19,LOC008,33.59,53.62,1007.12,10.35,72.0,25.21,6.9,0.0,0,No Rain
2025-03-20,LOC008,25.38,48.93,1007.38,10.9,28.5,16.7,29.9,0.0,0,No Rain
2025-03-21,LOC008,29.44,53.05,1011.99,12.11,63.1,21.5,6.7,0.0,0,No Rain
2025-03-22,LOC008,27.93,53.01,1011.13,11.8,29.4,18.08,28.6,0.0,0,No Rain
2025-03-23,LOC008,31.62,65.49,1012.66,15.17,73.1,24.25,15.1,0.0,0,No Rain
2025-03-24,LOC008,27.69,57.17,1013.24,10.7,67.2,18.25,0.0,0.0,0,No Rain
2025-03-25,LOC008,29.09,52.39,1013.27,12.91,42.8,20.79,0.0,0.0,0,No Rain
2025-03-26,LOC008,31.47,62.57,1011.72,19.39,78.1,24.34,10.8,0.0,0,No Rain
2025-03-27,LOC008,27.72,47.99,1010.62,10.82,65.9,16.69,0.0,0.0,0,No Rain
2025-03-28,LOC008,29.43,49.38,1011.95,12.33,90.6,20.14,9.7,0.0,0,No Rain
2025-03-29,LOC008,24.39,49.45,1010.73,14.47,160.7,13.4,16.6,0.0,0,No Rain
2025-03-30,LOC008,25.86,45.46,1018.12,15.74,92.8,15.61,21.4,0.0,0,No Rain
2025-03-31,LOC008,25.98,63.77,1012.0,10.77,93.7,17.44,17.7,0.0,0,No Rain
2025-04-01,LOC008,28.39,53.94,1007.75,16.75,25.7,18.78,13.6,0.0,0,No Rain
2025-04-02,LOC008,29.5,50.09,1009.7,10.34,104.8,18.98,35.2,28.28,0,Moderate
2025-04-03,LOC008,31.76,57.87,1014.26,19.78,42.5,23.88,9.2,0.0,0,No Rain
2025-04-04,LOC008,29.81,54.58,1008.8,10.76,35.6,20.0,15.1,0.0,0,No Rain
2025-04-05,LOC008,28.16,60.76,1012.09,12.6,65.1,20.87,17.6,0.0,0,No Rain
2025-04-06,LOC008,26.95,66.83,1013.65,12.94,60.4,19.47,31.3,0.0,0,No Rain
2025-04-07,LOC008,28.97,51.59,1007.88,11.24,66.2,20.81,8.3,0.0,0,No Rain
2025-04-08,LOC008,26.43,51.25,1009.96,21.86,145.5,16.85,16.7,0.0,0,No Rain
2025-04-09,LOC008,28.98,50.22,1011.44,10.8,333.4,19.11,14.3,0.0,0,No Rain
2025-04-10,LOC008,27.79,58.85,1013.55,10.14,90.2,19.41,31.9,0.0,0,No Rain
2025-04-11,LOC008,24.61,57.07,1012.37,10.7,348.9,15.21,21.3,0.0,0,No Rain
2025-04-12,LOC008,26.54,51.02,1012.0,13.18,32.8,15.98,16.8,0.0,0,No Rain
2025-04-13,LOC008,27.57,64.26,1005.55,16.67,121.6,19.76,26.7,0.0,0,No Rain
2025-04-14,LOC008,32.51,57.27,1015.16,14.07,53.9,25.08,12.0,0.0,0,No Rain
2025-04-15,LOC008,26.73,55.86,1007.03,11.33,93.5,17.8,19.9,0.0,0,No Rain
2025-04-16,LOC008,26.37,55.6,1005.15,10.38,70.4,18.01,12.1,0.0,0,No Rain
2025-04-17,LOC008,26.44,51.51,1012.81,19.91,74.3,16.73,23.4,0.0,0,No Rain
2025-04-18,LOC008,26.71,61.14,1014.16,10.64,21.9,19.42,21.0,0.0,0,No Rain
2025-04-19,LOC008,28.65,42.33,1012.24,15.45,133.6,16.81,0.0,2.95,0,Light
2025-04-20,LOC008,27.88,58.81,1009.01,15.4,88.3,19.14,14.6,0.0,0,No Rain
2025-04-21,LOC008,30.79,52.29,1009.95,13.94,50.6,21.87,15.1,0.0,0,No Rain
2025-04-22,LOC008,26.4,58.1,1010.28,18.28,60.4,19.22,14.5,0.0,0,No Rain
2025-04-23,LOC008,26.2,58.62,1012.22,13.69,86.6,17.54,12.3,0.0,0,No Rain
2025-04-24,LOC008,30.81,49.66,1015.62,11.53,83.2,20.46,30.0,0.0,0,No Rain
2025-04-25,LOC008,26.18,50.09,1012.65,19.17,63.5,16.86,11.6,0.0,0,No Rain
2025-04-26,LOC008,28.5,53.58,1009.93,13.86,110.6,19.54,14.3,0.0,0,No Rain
2025-04-27,LOC008,27.76,60.36,1011.76,18.2,348.4,20.9,19.1,0.0,0,No Rain
2025-04-28,LOC008,26.12,61.24,1013.32,10.16,10.4,17.91,5.3,0.0,0,No Rain
2025-04-29,LOC008,24.72,56.5,1011.92,10.34,9.4,15.71,19.5,0.0,0,No Rain
2025-04-30,LOC008,27.74,63.08,1010.38,10.76,13.9,20.33,9.2,0.0,0,No Rain
2025-05-01,LOC008,27.53,53.79,1014.56,13.05,8.9,19.14,17.5,0.0,0,No Rain
2025-05-02,LOC008,28.85,60.4,1013.37,12.19,67.9,22.51,33.5,0.0,0,No Rain
2025-05-03,LOC008,26.51,49.44,1014.2,11.69,42.7,15.1,2.9,0.0,0,No Rain
2025-05-04,LOC008,25.41,56.7,1007.51,19.36,100.5,15.1,19.1,0.0,0,No Rain
2025-05-05,LOC008,30.01,54.61,1011.96,18.78,77.6,21.19,22.3,37.65,0,Moderate
2025-05-06,LOC008,25.8,48.34,1008.96,11.68,71.9,14.39,31.4,0.0,0,No Rain
2025-05-07,LOC008,28.61,56.49,1011.62,22.85,78.7,19.94,35.3,16.99,0,Moderate
2025-05-08,LOC008,27.08,52.46,1011.55,20.09,81.2,17.43,24.9,0.0,0,No Rain
2025-05-09,LOC008,25.06,59.85,1011.86,15.44,108.3,17.15,24.9,0.0,0,No Rain
2025-05-10,LOC008,24.94,50.34,1011.49,15.12,90.2,14.8,25.7,0.0,0,No Rain
2025-05-11,LOC008,24.19,56.62,1009.71,12.39,86.5,14.77,3.9,0.0,0,No Rain
2025-05-12,LOC008,24.16,70.87,1008.19,13.75,0.4,17.53,23.8,0.0,0,No Rain
2025-05-13,LOC008,24.41,64.16,1010.33,15.09,115.0,16.88,40.3,0.0,0,No Rain
2025-05-14,LOC008,27.2,60.23,1010.11,18.17,299.4,19.35,16.2,0.0,0,No Rain
2025-05-15,LOC008,25.55,59.39,1010.16,11.58,106.8,17.52,17.1,1.06,0,Light
2025-05-16,LOC008,26.54,49.21,1010.4,12.61,359.4,16.57,15.7,0.0,0,No Rain
2025-05-17,LOC008,27.51,49.61,1010.31,11.64,83.8,17.07,20.8,0.0,0,No Rain
2025-05-18,LOC008,26.58,63.18,1011.55,16.7,353.3,19.34,4.6,0.0,0,No Rain
2025-05-19,LOC008,24.23,57.45,1011.6,14.89,66.5,15.66,7.7,0.0,0,No Rain
2025-05-20,LOC008,28.47,45.26,1010.64,12.74,64.7,17.33,5.0,0.0,0,No Rain
2025-05-21,LOC008,28.84,70.02,1010.55,18.97,77.1,21.75,23.0,0.0,0,No Rain
2025-05-22,LOC008,21.52,58.78,1013.23,11.89,121.8,13.66,32.4,0.0,0,No Rain
2025-05-23,LOC008,25.42,60.67,1007.89,17.98,24.2,18.34,16.2,0.0,0,No Rain
2025-05-24,LOC008,23.67,59.6,1008.96,11.33,329.7,16.24,20.1,0.0,0,No Rain
2025-05-25,LOC008,23.6,59.04,1008.78,20.93,343.1,16.03,16.1,0.0,0,No Rain
2025-05-26,LOC008,26.99,66.24,1010.73,13.26,128.5,19.62,30.0,0.0,0,No Rain
2025-05-27,LOC008,28.59,67.3,1011.51,16.39,8.8,22.39,31.9,0.0,0,No Rain
2025-05-28,LOC008,28.0,50.21,1007.16,11.55,44.9,19.64,21.8,0.0,0,No Rain
2025-05-29,LOC008,30.07,46.56,1011.96,16.4,0.5,20.49,30.0,0.0,0,No Rain
2025-05-30,LOC008,27.5,60.07,1010.29,11.39,60.2,19.94,15.9,0.0,0,No Rain
2025-05-31,LOC008,27.22,58.96,1010.43,11.95,88.2,18.3,31.5,0.0,0,No Rain
2025-06-01,LOC008,25.52,78.78,1004.27,29.88,51.6,21.98,41.9,0.0,0,No Rain
2025-06-02,LOC008,23.33,66.07,1005.28,22.62,63.4,17.23,39.8,0.0,0,No Rain
2025-06-03,LOC008,26.79,63.33,1001.44,19.25,115.7,19.72,30.0,0.0,0,No Rain
2025-06-04,LOC008,25.07,73.29,1004.63,17.45,345.4,20.06,49.2,0.0,0,No Rain
2025-06-05,LOC008,22.98,75.21,1006.6,28.63,74.2,18.69,40.8,0.0,0,No Rain
2025-06-06,LOC008,26.93,74.41,1007.44,18.26,67.8,21.81,42.1,0.0,0,No Rain
2025-06-07,LOC008,27.45,62.82,1003.75,16.4,20.0,18.14,62.5,3.35,0,Light
2025-06-08,LOC008,23.06,69.82,1004.36,23.51,63.7,17.27,37.1,0.5,0,Light
2025-06-09,LOC008,25.17,67.46,1006.19,23.93,78.5,18.34,44.3,0.0,0,No Rain
2025-06-10,LOC008,26.02,65.98,1008.12,28.57,72.6,21.13,65.8,2.6,0,Light
2025-06-11,LOC008,27.14,72.8,1004.42,21.67,87.5,22.05,38.0,5.17,0,Light
2025-06-12,LOC008,26.71,73.72,1001.99,19.07,38.8,21.79,36.3,0.0,0,No Rain
2025-06-13,LOC008,26.89,66.16,1009.59,16.73,76.1,18.67,62.8,0.0,0,No Rain
2025-06-14,LOC008,22.94,66.41,1005.32,17.36,42.4,17.64,48.8,0.0,0,No Rain
2025-06-15,LOC008,22.18,80.36,1006.94,16.35,91.5,18.97,71.6,0.0,0,No Rain
2025-06-16,LOC008,29.8,73.65,1009.67,19.13,56.6,24.98,23.7,0.0,0,No Rain
2025-06-17,LOC008,28.05,76.64,1006.83,18.17,68.2,23.61,35.7,0.0,0,No Rain
2025-06-18,LOC008,24.47,75.96,1007.08,16.46,98.9,20.53,53.6,12.7,0,Light
2025-06-19,LOC008,27.86,59.97,1007.32,16.27,44.5,21.21,51.2,2.26,0,Light
2025-06-20,LOC008,24.81,67.25,1002.75,28.08,16.8,18.75,41.8,0.0,0,No Rain
2025-06-21,LOC008,25.67,71.71,1003.04,17.94,102.8,20.47,46.7,16.13,0,Moderate
2025-06-22,LOC008,24.73,62.99,1006.75,16.94,52.9,17.65,57.6,3.67,0,Light
2025-06-23,LOC008,25.67,68.73,999.94,18.24,105.8,20.2,43.6,4.76,0,Light
2025-06-24,LOC008,29.76,85.11,1009.04,42.17,57.4,27.19,59.5,0.0,0,No Rain
2025-06-25,LOC008,27.75,66.76,1011.7,21.33,31.7,19.87,35.2,212.1,1,Very/Extremely Heavy
2025-06-26,LOC008,22.99,64.15,1005.66,21.67,21.7,16.52,53.0,0.0,0,No Rain
2025-06-27,LOC008,28.77,66.66,1007.74,17.45,73.2,22.15,31.3,40.35,0,Moderate
2025-06-28,LOC008,25.99,67.84,1002.08,17.63,54.1,18.25,33.5,7.74,0,Light
2025-06-29,LOC008,25.66,61.93,1005.64,21.42,82.7,18.47,47.6,0.0,0,No Rain
2025-06-30,LOC008,28.61,75.39,1006.2,16.74,20.5,23.88,39.7,0.0,0,No Rain
2025-07-01,LOC008,26.39,78.2,997.84,26.76,40.7,21.28,73.5,0.0,0,No Rain
2025-07-02,LOC008,26.02,80.57,1002.66,34.53,91.6,22.68,68.0,27.52,0,Moderate
2025-07-03,LOC008,19.97,80.25,994.65,30.32,34.8,16.91,100.0,0.0,0,No Rain
2025-07-04,LOC008,27.8,80.6,998.83,25.44,43.9,23.53,72.6,57.85,0,Moderate
2025-07-05,LOC008,25.11,74.63,1004.58,26.24,54.0,19.04,83.1,2.23,0,Light
2025-07-06,LOC008,25.53,93.65,1005.25,26.09,108.1,23.58,86.3,17.8,0,Moderate
2025-07-07,LOC008,28.24,89.38,1003.53,27.53,78.1,26.29,91.5,52.09,0,Moderate
2025-07-08,LOC008,25.14,78.66,1004.41,24.47,120.7,22.34,98.9,16.0,0,Moderate
2025-07-09,LOC008,23.7,83.15,1001.95,25.62,97.8,20.22,89.4,16.0,0,Moderate
2025-07-10,LOC008,25.12,86.22,1003.18,24.74,40.8,21.9,100.0,6.43,0,Light
2025-07-11,LOC008,28.6,79.74,998.06,26.46,45.3,24.91,77.0,35.3,0,Moderate
2025-07-12,LOC008,19.07,96.42,1004.03,24.13,15.6,18.85,99.4,16.0,0,Moderate
2025-07-13,LOC008,24.3,87.23,1002.43,33.26,159.4,21.57,82.2,6.54,0,Light
2025-07-14,LOC008,25.9,79.74,993.45,26.15,62.9,21.74,82.6,0.0,0,No Rain
2025-07-15,LOC008,24.58,88.8,998.69,43.45,13.3,22.95,84.8,39.39,0,Moderate
2025-07-16,LOC008,28.03,84.43,1003.45,23.68,64.5,24.83,82.4,4.31,0,Light
2025-07-17,LOC008,27.76,87.39,1004.23,23.92,150.6,25.38,86.9,0.0,0,No Rain
2025-07-18,LOC008,26.17,88.9,1001.24,24.71,62.4,23.8,72.4,16.0,0,Moderate
2025-07-19,LOC008,26.07,86.89,998.13,23.99,89.8,23.15,63.7,0.0,0,No Rain
2025-07-20,LOC008,25.53,84.19,1001.33,23.63,58.3,21.57,74.8,2.27,0,Light
2025-07-21,LOC008,28.75,90.34,1001.17,27.9,90.9,26.17,76.8,8.8,0,Light
2025-07-22,LOC008,31.7,82.91,997.78,27.77,49.6,28.2,83.1,13.61,0,Light
2025-07-23,LOC008,26.82,66.77,996.36,25.56,84.3,19.62,81.0,167.01,1,Very/Extremely Heavy
2025-07-24,LOC008,25.58,85.42,1002.53,29.45,104.6,20.99,78.7,0.5,0,Light
2025-07-25,LOC008,24.33,76.32,999.05,28.56,63.7,19.54,75.6,6.7,0,Light
2025-07-26,LOC008,25.59,95.73,992.31,46.2,29.7,24.79,86.2,6.73,0,Light
2025-07-27,LOC008,27.34,83.6,1000.61,41.87,108.4,24.04,99.4,22.93,0,Moderate
2025-07-28,LOC008,27.51,80.59,998.54,28.49,20.9,23.68,79.6,0.93,0,Light
2025-07-29,LOC008,25.08,91.56,1001.51,29.81,49.3,23.02,76.1,5.7,0,Light
2025-07-30,LOC008,27.11,87.6,1004.15,39.37,5.8,24.41,92.7,2.35,0,Light
2025-07-31,LOC008,28.33,71.98,999.13,24.03,95.7,24.07,72.5,2.6,0,Light
2025-08-01,LOC008,28.09,92.62,1000.5,24.65,30.8,25.24,96.4,37.49,0,Moderate
2025-08-02,LOC008,26.45,80.68,1003.13,24.05,67.0,22.33,76.0,8.58,0,Light
2025-08-03,LOC008,28.28,89.41,1001.9,28.06,121.5,26.54,85.4,64.0,0,Moderate
2025-08-04,LOC008,26.42,78.29,999.33,31.52,76.7,23.02,89.0,27.16,0,Moderate
2025-08-05,LOC008,28.68,85.85,1001.56,24.21,84.7,25.93,86.7,80.04,1,Heavy
2025-08-06,LOC008,27.97,85.21,998.33,28.49,65.4,24.87,77.8,0.94,0,Light
2025-08-07,LOC008,27.7,81.58,1000.71,50.45,34.3,25.41,86.8,0.0,0,No Rain
2025-08-08,LOC008,26.84,88.48,1001.79,29.57,339.4,24.68,85.7,16.0,0,Moderate
2025-08-09,LOC008,30.09,90.06,998.66,24.09,80.7,28.39,79.6,0.6,0,Light
2025-08-10,LOC008,26.39,80.23,1000.2,27.84,119.2,22.66,82.3,0.0,0,No Rain
2025-08-11,LOC008,26.7,90.66,995.98,26.02,28.2,24.38,72.4,0.0,0,No Rain
2025-08-12,LOC008,28.6,81.2,1000.98,25.1,18.9,23.74,79.0,5.17,0,Light
2025-08-13,LOC008,29.58,89.58,1002.65,28.33,66.3,27.78,78.2,7.99,0,Light
2025-08-14,LOC008,30.87,89.51,997.15,23.86,19.9,27.86,84.2,0.76,0,Light
2025-08-15,LOC008,30.48,85.59,1003.35,27.43,1.6,27.46,80.1,16.0,0,Moderate
2025-08-16,LOC008,27.64,87.02,999.21,35.44,53.9,25.25,100.0,16.0,0,Moderate
2025-08-17,LOC008,32.5,91.7,1003.65,27.44,160.8,31.19,88.7,3.05,0,Light
2025-08-18,LOC008,27.16,98.55,1001.07,24.43,26.5,26.66,79.9,6.39,0,Light
2025-08-19,LOC008,31.76,76.51,999.13,23.87,89.0,26.45,94.4,1.85,0,Light
2025-08-20,LOC008,28.31,92.54,998.66,27.21,67.0,27.63,85.0,5.23,0,Light
2025-08-21,LOC008,26.79,87.79,1000.5,32.15,55.1,24.38,76.7,5.58,0,Light
2025-08-22,LOC008,30.74,86.48,1001.31,26.57,40.5,28.11,99.9,4.46,0,Light
2025-08-23,LOC008,29.31,88.72,1000.97,26.21,95.1,26.73,88.4,16.0,0,Moderate
2025-08-24,LOC008,30.41,97.49,997.55,25.24,17.7,30.52,87.3,0.85,0,Light
2025-08-25,LOC008,28.33,89.28,999.97,27.33,39.7,27.86,80.1,21.64,0,Moderate
2025-08-26,LOC008,26.22,78.97,996.66,24.12,61.9,22.8,90.6,0.0,0,No Rain
2025-08-27,LOC008,28.89,84.17,998.17,27.81,46.5,25.1,87.8,69.71,1,Heavy
2025-08-28,LOC008,32.94,75.98,998.09,23.86,109.2,29.13,60.1,21.35,0,Moderate
2025-08-29,LOC008,28.22,85.3,994.51,28.55,20.1,23.74,87.3,98.89,1,Heavy
2025-08-30,LOC008,32.88,83.53,1002.76,24.01,78.2,30.21,91.2,0.0,0,No Rain
2025-08-31,LOC008,29.67,87.86,998.18,25.17,12.8,27.62,70.2,22.72,0,Moderate
2025-09-01,LOC008,31.95,66.92,1009.3,16.93,16.7,26.22,50.4,0.0,0,No Rain
2025-09-02,LOC008,31.0,62.94,999.18,16.51,24.5,23.41,47.8,0.0,0,No Rain
2025-09-03,LOC008,30.6,56.64,1008.81,20.19,96.9,24.65,52.3,2.87,0,Light
2025-09-04,LOC008,31.58,63.24,1005.41,29.81,316.5,24.38,38.5,3.89,0,Light
2025-09-05,LOC008,34.72,69.38,1004.4,17.06,122.1,28.05,30.4,0.0,0,No Rain
2025-09-06,LOC008,32.07,78.99,1005.46,16.56,35.0,27.9,58.9,212.41,1,Very/Extremely Heavy
2025-09-07,LOC008,32.47,58.05,1008.22,16.63,125.9,24.05,55.8,0.0,0,No Rain
2025-09-08,LOC008,31.74,71.01,1007.77,16.38,38.0,26.86,48.6,0.0,0,No Rain
2025-09-09,LOC008,31.8,72.9,1008.41,16.55,23.5,27.75,63.6,0.0,0,No Rain
2025-09-10,LOC008,30.56,69.63,1005.73,16.78,95.8,22.45,45.5,0.0,0,No Rain
2025-09-11,LOC008,28.51,71.72,1001.84,32.93,354.4,24.11,37.6,1.56,0,Light
2025-09-12,LOC008,30.96,70.0,1008.71,16.35,45.3,24.6,48.0,9.23,0,Light
2025-09-13,LOC008,33.35,70.88,996.37,21.99,47.2,27.97,38.6,0.0,0,No Rain
2025-09-14,LOC008,33.41,75.76,1003.67,20.48,90.1,28.91,47.9,0.0,0,No Rain
2025-09-15,LOC008,36.72,75.05,1003.36,18.09,50.1,31.31,42.6,0.5,0,Light
2025-09-16,LOC008,31.45,65.82,1001.51,26.27,122.9,24.58,28.2,11.38,0,Light
2025-09-17,LOC008,34.96,77.9,1007.28,20.8,124.1,31.31,50.0,89.29,1,Heavy
2025-09-18,LOC008,33.34,62.07,1001.73,17.0,45.6,26.66,43.7,0.0,0,No Rain
2025-09-19,LOC008,33.09,61.78,998.23,27.44,318.1,25.78,39.1,46.98,0,Moderate
2025-09-20,LOC008,31.58,72.43,1006.14,16.58,0.4,27.01,34.4,64.0,0,Moderate
2025-09-21,LOC008,31.67,72.93,1007.41,16.16,132.9,25.56,25.2,0.93,0,Light
2025-09-22,LOC008,32.0,72.17,1008.32,18.36,101.8,26.98,54.7,0.0,0,No Rain
2025-09-23,LOC008,36.15,63.3,1002.93,16.15,345.1,27.64,34.3,0.0,0,No Rain
2025-09-24,LOC008,29.26,61.44,1004.12,16.3,61.1,21.46,40.8,0.0,0,No Rain
2025-09-25,LOC008,32.68,75.67,1006.03,18.17,125.9,27.36,37.2,1.01,0,Light
2025-09-26,LOC008,33.59,63.7,1007.57,23.05,81.7,27.2,43.9,0.0,0,No Rain
2025-09-27,LOC008,32.96,62.31,1010.36,20.38,16.0,24.85,34.8,0.0,0,No Rain
2025-09-28,LOC008,34.24,65.94,1005.55,17.1,103.3,27.92,64.9,0.74,0,Light
2025-09-29,LOC008,33.05,71.06,1005.51,18.5,42.9,27.73,38.4,21.66,0,Moderate
2025-09-30,LOC008,30.7,65.46,1006.72,19.57,0.1,24.8,24.8,4.99,0,Light
2025-10-01,LOC008,36.88,61.29,1007.54,15.88,22.5,28.77,17.5,0.0,0,No Rain
2025-10-02,LOC008,35.61,58.01,1007.71,19.29,51.7,27.18,12.3,0.0,0,No Rain
2025-10-03,LOC008,39.35,46.12,1006.52,19.09,130.0,29.29,23.7,0.0,0,No Rain
2025-10-04,LOC008,35.51,56.61,1011.64,12.14,68.8,27.02,15.9,0.0,0,No Rain
2025-10-05,LOC008,35.68,52.5,1012.29,14.36,67.1,26.1,25.8,0.0,0,No Rain
2025-10-06,LOC008,34.8,61.06,1011.38,16.21,67.2,27.86,18.4,0.0,0,No Rain
2025-10-07,LOC008,34.93,60.88,1011.5,17.09,65.0,26.91,38.9,0.0,0,No Rain
2025-10-08,LOC008,35.79,51.42,1010.09,13.11,5.7,26.38,30.4,0.0,0,No Rain
2025-10-09,LOC008,34.89,53.89,1008.17,14.17,81.6,24.94,29.9,0.0,0,No Rain
2025-10-10,LOC008,39.09,50.27,1011.49,11.32,346.8,29.68,21.1,0.0,0,No Rain
2025-10-11,LOC008,37.74,56.53,1011.63,16.41,54.7,30.11,31.1,0.0,0,No Rain
2025-10-12,LOC008,35.68,56.19,1008.05,18.09,38.6,27.16,33.6,0.0,0,No Rain
2025-10-13,LOC008,39.43,53.53,1012.84,13.03,62.0,29.46,16.6,0.0,0,No Rain
2025-10-14,LOC008,35.4,52.94,1010.82,22.76,49.4,25.32,11.2,0.0,0,No Rain
2025-10-15,LOC008,35.76,59.29,1010.62,11.46,333.9,28.36,26.6,0.0,0,No Rain
2025-10-16,LOC008,38.9,56.35,1006.99,27.08,108.5,29.34,31.7,0.0,0,No Rain
2025-10-17,LOC008,38.9,61.72,1007.0,15.48,4.8,31.62,15.7,0.0,0,No Rain
2025-10-18,LOC008,39.69,56.16,1008.16,14.41,83.5,30.99,22.9,0.0,0,No Rain
2025-10-19,LOC008,37.98,57.8,1012.29,14.96,18.5,29.22,20.0,0.0,0,No Rain
2025-10-20,LOC008,36.47,65.28,1009.54,11.76,354.0,29.25,24.9,0.0,0,No Rain
2025-10-21,LOC008,39.69,53.34,1009.37,16.23,355.9,31.33,20.6,0.0,0,No Rain
2025-10-22,LOC008,38.68,60.98,1011.25,15.78,92.2,31.46,15.9,13.23,0,Light
2025-10-23,LOC008,34.46,62.34,1011.04,18.71,89.7,26.69,17.5,8.79,0,Light
2025-10-24,LOC008,38.59,55.79,1010.0,15.67,72.9,29.34,36.7,0.0,0,No Rain
2025-10-25,LOC008,32.31,54.66,1006.41,21.26,94.3,22.07,22.6,0.0,0,No Rain
2025-10-26,LOC008,37.17,59.77,1014.13,12.24,47.8,28.65,20.0,0.0,0,No Rain
2025-10-27,LOC008,35.11,52.8,1012.24,16.84,114.8,25.83,22.7,0.0,0,No Rain
2025-10-28,LOC008,34.97,56.06,1010.83,14.5,28.0,26.71,18.8,0.0,0,No Rain
2025-10-29,LOC008,34.67,60.56,1012.93,12.58,99.3,26.18,23.8,0.0,0,No Rain
2025-10-30,LOC008,34.57,55.22,1010.22,14.3,39.5,26.89,19.7,0.0,0,No Rain
2025-10-31,LOC008,33.78,63.66,1006.8,13.25,131.7,26.83,29.7,0.0,0,No Rain
2025-11-01,LOC008,37.33,67.57,1012.15,12.05,95.7,30.92,9.3,0.0,0,No Rain
2025-11-02,LOC008,33.79,57.82,1010.1,11.85,21.4,26.13,0.0,0.0,0,No Rain
2025-11-03,LOC008,35.82,59.15,1012.3,16.46,134.8,27.13,23.5,0.0,0,No Rain
2025-11-04,LOC008,37.62,49.25,1008.75,10.93,36.5,27.24,14.8,0.0,0,No Rain
2025-11-05,LOC008,39.68,51.15,1011.51,12.9,30.5,30.38,2.0,0.0,0,No Rain
2025-11-06,LOC008,34.9,59.69,1010.2,12.65,41.0,27.02,0.0,0.0,0,No Rain
2025-11-07,LOC008,38.97,44.71,1009.63,10.71,83.3,28.49,0.0,0.0,0,No Rain
2025-11-08,LOC008,38.34,46.88,1013.28,14.14,54.3,27.95,13.1,0.0,0,No Rain
2025-11-09,LOC008,37.08,52.13,1010.13,16.75,24.5,26.41,26.3,0.0,0,No Rain
2025-11-10,LOC008,38.53,53.16,1014.59,10.38,350.9,27.66,0.0,0.0,0,No Rain
2025-11-11,LOC008,39.77,52.11,1010.16,14.01,98.8,32.0,28.4,0.0,0,No Rain
2025-11-12,LOC008,35.68,42.9,1007.7,14.55,70.4,24.28,0.0,0.0,0,No Rain
2025-11-13,LOC008,38.27,53.1,1008.96,17.89,108.6,29.23,14.0,0.5,0,Light
2025-11-14,LOC008,35.83,50.98,1015.13,16.26,338.6,25.96,16.4,0.0,0,No Rain
2025-11-15,LOC008,32.45,58.55,1012.71,15.34,91.1,25.06,17.2,0.0,0,No Rain
2025-11-16,LOC008,39.11,50.14,1012.39,21.12,93.5,27.91,34.5,0.0,0,No Rain
2025-11-17,LOC008,38.27,51.64,1013.02,13.71,43.0,28.72,23.6,0.0,0,No Rain
2025-11-18,LOC008,38.29,44.82,1008.58,15.74,78.1,27.42,28.1,0.0,0,No Rain
2025-11-19,LOC008,34.07,50.64,1010.64,12.98,102.8,23.68,14.5,0.0,0,No Rain
2025-11-20,LOC008,39.12,52.34,1014.23,13.21,21.7,29.37,25.0,0.0,0,No Rain
2025-11-21,LOC008,36.04,50.69,1014.07,13.42,41.7,26.31,17.9,0.0,0,No Rain
2025-11-22,LOC008,36.31,51.3,1012.96,10.41,40.7,24.92,16.9,0.0,0,No Rain
2025-11-23,LOC008,35.55,63.14,1009.94,13.16,53.8,27.87,34.3,0.0,0,No Rain
2025-11-24,LOC008,37.47,55.8,1011.27,15.91,63.9,27.57,10.8,0.52,0,Light
2025-11-25,LOC008,39.45,50.51,1007.7,10.52,99.0,31.26,11.5,0.0,0,No Rain
2025-11-26,LOC008,33.33,59.93,1012.15,10.13,53.7,24.6,11.2,0.0,0,No Rain
2025-11-27,LOC008,38.07,43.31,1010.06,14.11,63.7,26.95,29.0,0.0,0,No Rain
2025-11-28,LOC008,35.05,49.58,1017.31,15.49,63.5,24.15,12.0,0.0,0,No Rain
2025-11-29,LOC008,37.74,62.25,1012.82,11.9,24.6,30.98,6.1,0.0,0,No Rain
2025-11-30,LOC008,37.8,52.83,1015.87,12.2,37.4,28.12,7.5,0.5,0,Light
2025-12-01,LOC008,37.16,50.63,1010.59,12.56,94.4,25.82,0.0,0.0,0,No Rain
2025-12-02,LOC008,38.66,42.69,1008.75,10.61,43.4,27.9,21.0,0.0,0,No Rain
2025-12-03,LOC008,37.54,45.15,1010.38,10.82,87.0,27.31,11.9,0.0,0,No Rain
2025-12-04,LOC008,39.58,56.85,1009.56,12.85,77.5,31.4,0.0,0.0,0,No Rain
2025-12-05,LOC008,37.84,49.2,1010.15,14.71,58.2,28.05,7.9,0.0,0,No Rain
2025-12-06,LOC008,40.95,64.12,1010.54,11.33,67.6,32.0,27.5,0.0,0,No Rain
2025-12-07,LOC008,33.69,57.24,1010.14,12.78,15.7,26.56,20.2,0.0,0,No Rain
2025-12-08,LOC008,32.82,49.33,1010.79,12.13,62.2,22.47,5.8,0.0,0,No Rain
2025-12-09,LOC008,37.9,50.21,1013.91,14.19,351.2,27.69,13.1,1.6,0,Light
2025-12-10,LOC008,37.18,54.52,1009.24,10.28,94.3,29.58,9.6,0.0,0,No Rain
2025-12-11,LOC008,38.41,62.38,1009.65,11.18,63.0,31.06,21.8,0.0,0,No Rain
2025-12-12,LOC008,35.14,58.59,1012.22,19.8,64.4,27.6,6.8,0.0,0,No Rain
2025-12-13,LOC008,39.96,43.44,1012.52,14.22,109.7,28.3,21.1,0.0,0,No Rain
2025-12-14,LOC008,37.05,47.16,1010.16,14.57,48.6,25.84,16.2,0.0,0,No Rain
2025-12-15,LOC008,36.07,55.64,1007.23,11.19,109.8,25.75,36.4,0.0,0,No Rain
2025-12-16,LOC008,36.53,54.54,1007.7,12.28,63.3,27.19,8.2,0.0,0,No Rain
2025-12-17,LOC008,34.29,56.52,1012.41,12.33,65.7,25.73,23.4,0.0,0,No Rain
2025-12-18,LOC008,40.21,63.7,1011.24,17.07,58.1,32.0,7.4,0.0,0,No Rain
2025-12-19,LOC008,39.75,60.44,1012.41,12.28,44.8,32.0,13.9,0.0,0,No Rain
2025-12-20,LOC008,35.57,52.41,1008.79,17.83,130.8,25.69,19.6,0.0,0,No Rain
2025-12-21,LOC008,34.98,60.2,1014.53,17.2,116.6,27.31,17.3,0.0,0,No Rain
2025-12-22,LOC008,34.61,55.39,1010.88,17.8,50.8,25.46,23.5,0.0,0,No Rain
2025-12-23,LOC008,34.29,63.6,1015.97,13.11,72.8,26.81,38.9,0.0,0,No Rain
2025-12-24,LOC008,36.88,54.7,1007.36,12.21,353.1,27.47,26.9,7.89,0,Light
2025-12-25,LOC008,36.67,64.31,1014.8,25.38,22.0,29.59,7.8,0.0,0,No Rain
2025-12-26,LOC008,35.7,49.08,1014.15,12.89,288.2,25.4,8.7,0.0,0,No Rain
2025-12-27,LOC008,35.99,60.93,1008.24,10.85,32.3,28.69,11.7,0.0,0,No Rain
2025-12-28,LOC008,37.89,59.84,1008.02,10.09,73.5,30.1,21.4,0.0,0,No Rain
2025-12-29,LOC008,36.82,40.37,1009.23,17.51,351.9,24.33,18.9,0.0,0,No Rain
2025-12-30,LOC008,34.15,56.05,1010.14,10.89,103.8,26.01,3.6,0.0,0,No Rain
2025-12-31,LOC008,31.17,45.25,1005.27,13.74,23.1,20.6,2.0,0.0,0,No Rain
2024-01-01,LOC009,40.5,41.51,970.17,12.7,52.7,29.14,15.9,0.0,0,No Rain
2024-01-02,LOC009,35.04,47.85,966.74,16.43,68.1,24.78,36.1,0.0,0,No Rain
2024-01-03,LOC009,37.01,60.91,966.94,12.31,115.0,29.65,10.5,0.0,0,No Rain
2024-01-04,LOC009,36.07,53.54,968.31,10.89,118.9,27.37,2.4,0.0,0,No Rain
2024-01-05,LOC009,38.4,57.79,968.96,10.91,24.8,28.84,0.0,0.0,0,No Rain
2024-01-06,LOC009,37.49,56.71,958.0,11.49,23.5,29.44,18.0,0.0,0,No Rain
2024-01-07,LOC009,39.13,51.37,969.97,12.79,86.9,28.67,17.2,0.0,0,No Rain
2024-01-08,LOC009,33.53,61.12,971.45,14.42,81.5,27.05,0.0,0.0,0,No Rain
2024-01-09,LOC009,35.1,59.16,969.28,20.53,4.4,25.61,5.3,0.0,0,No Rain
2024-01-10,LOC009,30.25,50.88,968.24,12.81,81.0,19.73,16.2,0.0,0,No Rain
2024-01-11,LOC009,33.74,62.68,965.84,19.88,44.6,26.62,10.3,0.0,0,No Rain
2024-01-12,LOC009,33.67,49.01,967.1,13.48,84.8,25.06,19.7,0.0,0,No Rain
2024-01-13,LOC009,37.0,51.62,970.98,10.04,88.1,26.67,0.0,9.46,0,Light
2024-01-14,LOC009,32.75,53.5,966.55,11.26,75.4,23.04,3.3,0.0,0,No Rain
2024-01-15,LOC009,36.21,57.44,968.06,10.23,14.5,26.49,3.5,0.0,0,No Rain
2024-01-16,LOC009,36.08,60.49,966.83,10.66,124.1,29.1,18.6,0.0,0,No Rain
2024-01-17,LOC009,36.44,59.55,963.22,18.89,102.3,27.99,0.0,0.0,0,No Rain
2024-01-18,LOC009,36.44,60.54,970.68,15.76,110.7,27.09,5.8,0.0,0,No Rain
2024-01-19,LOC009,33.9,61.44,967.9,11.58,100.3,24.84,9.8,0.0,0,No Rain
2024-01-20,LOC009,35.14,60.52,961.96,10.67,104.5,26.09,27.8,0.0,0,No Rain
2024-01-21,LOC009,36.32,50.21,971.18,13.17,71.7,26.14,12.0,0.0,0,No Rain
2024-01-22,LOC009,34.94,69.18,962.31,15.69,350.6,29.04,14.5,0.0,0,No Rain
2024-01-23,LOC009,31.19,61.71,967.96,16.36,59.9,24.25,22.2,0.0,0,No Rain
2024-01-24,LOC009,31.12,56.56,965.93,10.07,59.9,21.72,26.4,0.0,0,No Rain
2024-01-25,LOC009,32.65,55.47,964.68,23.42,91.4,23.71,23.9,0.0,0,No Rain
2024-01-26,LOC009,33.35,51.67,968.62,11.13,95.4,23.97,1.3,0.0,0,No Rain
2024-01-27,LOC009,33.39,56.87,963.19,16.67,67.5,25.87,15.7,0.0,0,No Rain
2024-01-28,LOC009,31.45,57.87,964.44,12.02,26.4,23.6,25.1,0.0,0,No Rain
2024-01-29,LOC009,34.2,55.32,966.99,17.65,84.9,25.24,5.9,0.0,0,No Rain
2024-01-30,LOC009,35.36,62.38,969.31,10.65,49.9,27.17,14.1,0.0,0,No Rain
2024-01-31,LOC009,34.02,45.6,966.59,10.88,129.9,20.56,5.3,0.0,0,No Rain
2024-02-01,LOC009,37.76,50.88,964.18,13.39,91.0,28.66,21.6,0.0,0,No Rain
2024-02-02,LOC009,34.03,58.11,965.66,19.67,60.0,26.9,14.6,4.03,0,Light
2024-02-03,LOC009,34.05,55.31,963.55,17.25,41.2,23.65,30.8,0.0,0,No Rain
2024-02-04,LOC009,30.48,52.63,971.52,11.56,42.8,20.33,0.0,0.0,0,No Rain
2024-02-05,LOC009,29.41,54.04,968.12,10.14,115.4,19.29,18.6,0.0,0,No Rain
2024-02-06,LOC009,30.54,57.62,968.44,11.71,340.4,21.62,8.7,0.0,0,No Rain
2024-02-07,LOC009,30.78,54.54,966.77,21.41,64.8,22.12,5.8,0.0,0,No Rain
2024-02-08,LOC009,31.14,52.86,967.23,13.34,99.4,20.65,1.0,0.0,0,No Rain
2024-02-09,LOC009,31.89,59.0,966.63,15.27,22.8,22.52,2.2,0.0,0,No Rain
2024-02-10,LOC009,29.9,57.69,969.6,13.81,151.2,21.52,30.4,3.99,0,Light
2024-02-11,LOC009,32.27,54.65,965.75,13.36,333.1,22.37,18.8,0.0,0,No Rain
2024-02-12,LOC009,34.58,62.86,965.15,12.06,55.5,26.51,4.3,51.55,0,Moderate
2024-02-13,LOC009,34.27,56.85,970.91,13.08,43.9,26.09,21.5,0.0,0,No Rain
2024-02-14,LOC009,31.69,50.55,970.19,10.91,106.5,23.28,0.8,0.0,0,No Rain
2024-02-15,LOC009,29.92,48.13,964.41,11.18,79.6,19.83,1.0,0.0,0,No Rain
2024-02-16,LOC009,27.93,59.69,963.23,12.07,88.9,19.94,16.5,0.0,0,No Rain
2024-02-17,LOC009,33.42,47.93,967.04,12.91,103.9,22.35,20.5,0.0,0,No Rain
2024-02-18,LOC009,32.29,50.77,967.0,21.25,7.7,22.54,8.0,0.0,0,No Rain
2024-02-19,LOC009,32.54,55.77,970.07,18.01,83.4,23.22,25.4,0.0,0,No Rain
2024-02-20,LOC009,33.35,52.6,970.96,12.22,86.4,24.93,31.5,0.0,0,No Rain
2024-02-21,LOC009,32.83,57.99,969.25,11.68,115.4,24.37,17.1,0.0,0,No Rain
2024-02-22,LOC009,31.26,53.45,971.76,21.52,5.5,20.73,3.7,0.0,0,No Rain
2024-02-23,LOC009,30.95,59.47,966.66,13.98,53.3,23.4,15.9,0.0,0,No Rain
2024-02-24,LOC009,30.31,42.78,965.87,11.72,105.8,18.51,26.4,0.0,0,No Rain
2024-02-25,LOC009,31.61,48.37,963.44,15.52,146.9,20.64,9.6,0.0,0,No Rain
2024-02-26,LOC009,33.48,42.87,963.54,12.23,57.8,23.32,13.7,0.0,0,No Rain
2024-02-27,LOC009,30.32,54.13,965.83,13.09,126.0,20.47,24.1,0.0,0,No Rain
2024-02-28,LOC009,31.27,56.61,966.97,10.3,345.9,23.51,28.1,0.0,0,No Rain
2024-02-29,LOC009,34.92,55.0,966.27,12.53,32.7,25.17,18.8,0.0,0,No Rain
2024-03-01,LOC009,31.61,63.1,967.5,10.83,100.8,24.51,0.0,0.0,0,No Rain
2024-03-02,LOC009,29.78,61.87,970.21,10.31,142.4,20.75,5.4,0.0,0,No Rain
2024-03-03,LOC009,25.85,47.23,967.03,11.98,89.1,14.76,0.2,0.0,0,No Rain
2024-03-04,LOC009,26.02,63.39,970.39,10.16,5.8,18.21,9.6,0.0,0,No Rain
2024-03-05,LOC009,31.66,48.72,963.1,12.11,140.2,21.23,17.4,0.0,0,No Rain
2024-03-06,LOC009,31.63,60.08,970.44,10.81,52.0,22.97,19.2,0.0,0,No Rain
2024-03-07,LOC009,29.46,55.44,968.01,10.96,349.7,21.11,8.0,0.0,0,No Rain
2024-03-08,LOC009,25.93,63.56,967.54,18.48,119.7,18.92,15.8,0.0,0,No Rain
2024-03-09,LOC009,31.85,55.58,964.37,19.03,81.3,23.31,9.5,0.0,0,No Rain
2024-03-10,LOC009,30.7,57.97,965.5,18.07,81.5,21.94,7.0,0.0,0,No Rain
2024-03-11,LOC009,31.83,54.35,967.28,10.45,28.4,23.07,0.0,0.0,0,No Rain
2024-03-12,LOC009,30.05,58.58,964.46,21.32,84.6,20.57,26.8,0.0,0,No Rain
2024-03-13,LOC009,29.02,46.69,965.12,10.24,71.3,19.77,15.5,0.0,0,No Rain
2024-03-14,LOC009,32.64,58.32,965.95,11.76,45.3,22.45,25.4,0.0,0,No Rain
2024-03-15,LOC009,28.45,57.08,961.71,13.53,12.7,18.75,9.5,0.0,0,No Rain
2024-03-16,LOC009,32.98,50.68,969.26,16.75,67.0,22.69,26.0,0.65,0,Light
2024-03-17,LOC009,28.95,49.8,966.68,10.09,59.2,19.44,14.1,0.0,0,No Rain
2024-03-18,LOC009,29.09,50.91,961.05,13.3,75.8,18.48,24.5,0.0,0,No Rain
2024-03-19,LOC009,33.53,52.73,963.59,12.68,13.1,25.74,20.9,0.0,0,No Rain
2024-03-20,LOC009,26.5,49.54,964.32,10.58,137.6,16.31,25.9,0.0,0,No Rain
2024-03-21,LOC009,32.74,41.29,968.19,17.27,68.8,22.21,15.8,0.0,0,No Rain
2024-03-22,LOC009,31.51,56.45,967.08,14.17,127.7,20.58,34.1,0.0,0,No Rain
2024-03-23,LOC009,29.54,49.97,967.82,10.24,62.8,20.59,11.6,0.0,0,No Rain
2024-03-24,LOC009,27.08,55.33,968.85,14.16,80.9,18.43,26.3,0.0,0,No Rain
2024-03-25,LOC009,26.29,54.47,972.49,12.32,59.7,16.97,14.0,2.43,0,Light
2024-03-26,LOC009,29.94,52.22,969.34,28.13,36.4,19.83,2.0,0.0,0,No Rain
2024-03-27,LOC009,23.56,65.68,964.94,16.91,353.3,17.09,17.5,0.0,0,No Rain
2024-03-28,LOC009,28.1,43.55,964.99,10.26,34.8,17.53,14.0,0.51,0,Light
2024-03-29,LOC009,29.07,54.37,969.87,13.85,67.1,21.15,0.0,0.0,0,No Rain
2024-03-30,LOC009,29.97,58.05,965.88,11.53,84.1,20.87,0.0,0.0,0,No Rain
2024-03-31,LOC009,28.64,50.22,960.96,10.39,21.9,19.63,10.3,0.0,0,No Rain
2024-04-01,LOC009,30.48,50.84,963.06,15.14,56.6,20.92,12.4,0.0,0,No Rain
2024-04-02,LOC009,29.96,55.75,968.03,10.5,77.1,20.38,23.3,0.0,0,No Rain
2024-04-03,LOC009,27.16,57.78,963.88,13.73,283.7,20.44,11.5,0.0,0,No Rain
2024-04-04,LOC009,30.29,53.7,965.64,11.04,40.9,21.02,16.2,0.0,0,No Rain
2024-04-05,LOC009,27.29,66.22,963.7,22.43,315.7,20.89,16.2,0.0,0,No Rain
2024-04-06,LOC009,27.58,49.09,964.25,10.52,53.1,17.7,0.4,0.0,0,No Rain
2024-04-07,LOC009,31.51,56.62,962.74,18.7,65.0,22.08,7.0,0.0,0,No Rain
2024-04-08,LOC009,28.13,49.73,959.64,13.05,111.1,18.8,9.7,0.0,0,No Rain
2024-04-09,LOC009,28.35,54.67,968.67,10.41,106.3,19.05,22.0,0.0,0,No Rain
2024-04-10,LOC009,28.44,44.59,962.61,12.56,93.5,16.88,34.6,0.0,0,No Rain
2024-04-11,LOC009,25.78,50.66,962.59,11.35,0.1,15.94,3.0,0.0,0,No Rain
2024-04-12,LOC009,26.89,55.6,966.21,11.94,89.4,17.41,5.4,0.0,0,No Rain
2024-04-13,LOC009,26.45,62.12,963.31,20.59,52.5,18.42,33.0,0.0,0,No Rain
2024-04-14,LOC009,27.71,62.44,965.88,11.51,154.4,19.69,5.9,0.0,0,No Rain
2024-04-15,LOC009,28.51,47.84,964.67,11.37,85.3,17.16,12.1,0.0,0,No Rain
2024-04-16,LOC009,28.02,55.11,966.28,18.54,29.6,18.46,19.6,0.0,0,No Rain
2024-04-17,LOC009,26.73,51.4,969.89,12.13,48.0,16.49,30.5,0.0,0,No Rain
2024-04-18,LOC009,28.17,43.1,963.11,14.23,101.3,16.93,13.8,0.0,0,No Rain
2024-04-19,LOC009,25.03,48.19,968.02,10.92,25.8,14.87,19.7,0.0,0,No Rain
2024-04-20,LOC009,27.82,61.42,964.81,11.11,35.4,20.99,14.9,9.02,0,Light
2024-04-21,LOC009,25.76,46.22,969.05,14.38,17.0,15.08,24.8,0.0,0,No Rain
2024-04-22,LOC009,28.38,46.89,968.29,11.33,62.0,17.64,25.8,0.0,0,No Rain
2024-04-23,LOC009,24.39,53.17,958.93,13.98,26.9,14.27,31.8,0.0,0,No Rain
2024-04-24,LOC009,26.15,54.11,964.86,15.12,23.3,17.42,23.2,0.0,0,No Rain
2024-04-25,LOC009,26.98,65.08,963.67,15.4,351.2,20.3,14.3,0.0,0,No Rain
2024-04-26,LOC009,27.49,52.81,966.55,13.63,39.2,17.12,19.5,0.0,0,No Rain
2024-04-27,LOC009,20.46,54.6,966.39,16.18,14.5,11.93,19.3,0.0,0,No Rain
2024-04-28,LOC009,24.58,48.55,967.38,32.16,19.0,15.04,1.5,0.0,0,No Rain
2024-04-29,LOC009,26.64,59.26,967.64,12.95,66.2,19.38,14.3,0.0,0,No Rain
2024-04-30,LOC009,25.27,64.72,966.44,10.37,60.5,19.22,38.1,0.0,0,No Rain
2024-05-01,LOC009,24.63,57.26,959.62,13.35,90.2,15.11,36.2,0.0,0,No Rain
2024-05-02,LOC009,25.39,49.74,967.63,13.05,10.9,14.85,20.8,0.0,0,No Rain
2024-05-03,LOC009,27.06,53.12,968.77,17.61,92.6,17.63,31.1,0.0,0,No Rain
2024-05-04,LOC009,28.76,76.66,964.25,20.68,31.7,23.56,13.9,0.0,0,No Rain
2024-05-05,LOC009,22.3,52.06,966.65,19.07,80.7,12.31,10.9,0.0,0,No Rain
2024-05-06,LOC009,27.26,61.31,967.96,15.54,91.6,19.19,35.7,0.0,0,No Rain
2024-05-07,LOC009,30.88,63.24,965.95,14.47,48.0,23.12,26.7,0.0,0,No Rain
2024-05-08,LOC009,25.4,58.98,963.14,13.19,48.4,16.3,19.8,0.0,0,No Rain
2024-05-09,LOC009,28.53,62.05,962.95,11.76,37.0,22.18,19.8,0.0,0,No Rain
2024-05-10,LOC009,26.71,55.42,966.2,24.68,139.3,19.15,33.7,0.0,0,No Rain
2024-05-11,LOC009,28.73,49.17,963.18,13.06,91.5,20.02,33.0,0.0,0,No Rain
2024-05-12,LOC009,24.61,64.84,966.08,12.51,39.3,17.5,7.0,0.0,0,No Rain
2024-05-13,LOC009,28.71,70.34,964.56,16.92,82.1,22.19,22.3,3.81,0,Light
2024-05-14,LOC009,27.77,56.65,970.11,11.77,104.3,18.17,14.9,0.0,0,No Rain
2024-05-15,LOC009,22.86,60.58,962.44,31.64,112.3,14.65,33.7,0.0,0,No Rain
2024-05-16,LOC009,25.0,61.15,966.9,12.24,87.3,17.04,18.5,0.5,0,Light
2024-05-17,LOC009,24.42,62.62,964.29,11.31,349.6,17.9,10.7,0.0,0,No Rain
2024-05-18,LOC009,28.7,57.64,964.26,14.35,111.5,20.56,6.6,0.0,0,No Rain
2024-05-19,LOC009,25.51,51.2,961.4,13.63,33.2,14.94,10.4,0.0,0,No Rain
2024-05-20,LOC009,30.71,56.31,968.56,19.3,133.4,22.17,25.0,0.0,0,No Rain
2024-05-21,LOC009,25.4,52.7,964.89,20.93,47.7,13.84,34.4,0.0,0,No Rain
2024-05-22,LOC009,28.6,49.61,969.02,12.03,64.1,19.09,24.1,0.0,0,No Rain
2024-05-23,LOC009,26.78,63.71,961.3,12.57,329.1,17.99,24.3,0.0,0,No Rain
2024-05-24,LOC009,26.02,52.86,972.58,11.45,92.3,18.25,23.6,0.0,0,No Rain
2024-05-25,LOC009,25.65,63.82,967.07,14.19,103.1,18.85,25.4,0.0,0,No Rain
2024-05-26,LOC009,26.18,49.58,963.16,22.65,299.2,16.39,37.9,0.0,0,No Rain
2024-05-27,LOC009,27.47,56.99,967.05,13.26,150.3,19.79,28.4,0.0,0,No Rain
2024-05-28,LOC009,25.19,58.88,966.87,19.66,120.8,16.91,2.7,3.4,0,Light
2024-05-29,LOC009,25.74,66.2,966.64,17.08,64.4,19.52,3.9,0.0,0,No Rain
2024-05-30,LOC009,26.18,49.19,964.79,11.37,76.8,15.94,16.2,0.0,0,No Rain
2024-05-31,LOC009,27.36,53.79,963.66,20.14,64.5,18.93,14.0,0.0,0,No Rain
2024-06-01,LOC009,23.33,68.08,961.33,21.64,99.5,17.79,45.4,0.0,0,No Rain
2024-06-02,LOC009,26.05,67.45,959.54,20.71,82.1,19.9,56.0,2.15,0,Light
2024-06-03,LOC009,27.4,65.35,964.3,40.59,69.7,19.29,29.9,0.0,0,No Rain
2024-06-04,LOC009,28.3,74.69,960.96,22.32,92.3,23.45,41.0,0.0,0,No Rain
2024-06-05,LOC009,26.34,65.09,957.24,16.54,72.3,19.05,29.6,0.0,0,No Rain
2024-06-06,LOC009,24.9,64.02,956.86,18.79,95.1,16.59,49.5,0.0,0,No Rain
2024-06-07,LOC009,24.13,73.97,958.3,17.85,105.1,18.35,54.1,0.0,0,No Rain
2024-06-08,LOC009,25.04,73.3,961.86,22.05,58.1,18.83,67.8,1.47,0,Light
2024-06-09,LOC009,27.06,64.4,962.96,19.17,69.4,19.49,49.6,0.0,0,No Rain
2024-06-10,LOC009,27.98,80.72,966.65,20.24,65.6,24.3,40.3,0.0,0,No Rain
2024-06-11,LOC009,27.75,71.9,959.86,16.72,111.7,21.88,48.4,1.56,0,Light
2024-06-12,LOC009,21.94,71.7,963.98,16.97,100.2,16.84,62.6,0.0,0,No Rain
2024-06-13,LOC009,23.98,71.37,963.83,17.11,95.1,18.55,53.7,0.0,0,No Rain
2024-06-14,LOC009,26.5,74.54,960.79,17.11,86.8,20.94,44.3,98.99,1,Heavy
2024-06-15,LOC009,24.79,64.62,961.84,16.57,101.8,18.1,29.0,16.0,0,Moderate
2024-06-16,LOC009,26.71,75.52,964.03,24.7,5.7,21.39,41.6,0.0,0,No Rain
2024-06-17,LOC009,29.46,64.71,963.04,18.28,24.6,22.84,42.6,26.35,0,Moderate
2024-06-18,LOC009,23.6,66.31,963.25,17.04,81.7,16.99,58.0,0.0,0,No Rain
2024-06-19,LOC009,22.47,82.63,960.42,20.59,354.4,20.54,53.4,28.87,0,Moderate
2024-06-20,LOC009,26.5,70.69,959.1,18.01,38.4,21.99,57.9,14.48,0,Light
2024-06-21,LOC009,30.73,77.33,957.07,19.67,8.6,26.67,57.7,3.34,0,Light
2024-06-22,LOC009,26.96,56.61,955.55,22.57,355.5,17.92,60.6,0.0,0,No Rain
2024-06-23,LOC009,26.04,66.33,962.88,20.7,85.8,19.86,36.0,0.0,0,No Rain
2024-06-24,LOC009,25.91,71.31,961.72,18.46,82.8,21.0,40.9,0.0,0,No Rain
2024-06-25,LOC009,24.79,67.24,961.65,22.06,66.9,19.75,66.1,0.0,0,No Rain
2024-06-26,LOC009,28.03,71.97,962.92,19.23,115.4,22.82,41.4,0.0,0,No Rain
2024-06-27,LOC009,28.66,62.38,955.96,21.28,124.6,21.31,39.9,87.68,1,Heavy
2024-06-28,LOC009,29.92,64.85,961.6,16.78,34.4,22.42,37.2,0.0,0,No Rain
2024-06-29,LOC009,26.19,76.08,960.89,23.05,346.5,21.2,62.7,0.0,0,No Rain
2024-06-30,LOC009,25.24,78.13,959.05,27.63,152.1,20.57,41.3,0.0,0,No Rain
2024-07-01,LOC009,24.66,83.19,955.52,24.03,355.2,20.87,71.2,0.5,0,Light
2024-07-02,LOC009,25.57,99.0,957.85,27.51,80.5,24.24,69.7,16.0,0,Moderate
2024-07-03,LOC009,24.01,86.46,956.15,24.63,114.6,23.04,85.6,15.5,0,Light
2024-07-04,LOC009,29.83,83.26,952.07,25.36,318.3,27.81,77.9,0.0,0,No Rain
2024-07-05,LOC009,22.13,80.14,956.84,27.05,35.4,18.5,79.5,103.68,1,Heavy
2024-07-06,LOC009,25.17,86.8,956.56,27.18,75.1,22.61,80.2,2.55,0,Light
2024-07-07,LOC009,25.7,79.19,956.62,26.75,36.6,22.97,67.0,0.0,0,No Rain
2024-07-08,LOC009,24.66,86.7,955.18,27.17,139.1,21.81,78.6,2.24,0,Light
2024-07-09,LOC009,26.74,78.53,951.85,23.76,118.3,20.81,84.4,0.0,0,No Rain
2024-07-10,LOC009,28.63,98.64,953.83,24.66,73.7,29.36,97.7,21.55,0,Moderate
2024-07-11,LOC009,29.23,82.09,956.68,26.2,76.0,25.85,100.0,2.06,0,Light
2024-07-12,LOC009,23.34,80.32,956.31,24.86,32.3,19.27,74.6,0.0,0,No Rain
2024-07-13,LOC009,28.73,80.82,951.64,33.1,14.4,23.91,77.0,0.0,0,No Rain
2024-07-14,LOC009,29.99,84.39,954.9,25.3,63.9,25.86,96.1,0.0,0,No Rain
2024-07-15,LOC009,25.55,88.17,950.93,26.18,85.1,23.37,84.2,8.41,0,Light
2024-07-16,LOC009,26.75,80.81,954.88,38.83,91.4,21.59,80.0,0.0,0,No Rain
2024-07-17,LOC009,27.32,92.21,951.65,24.1,58.6,24.63,100.0,10.17,0,Light
2024-07-18,LOC009,26.39,93.18,954.81,28.7,47.2,25.39,65.9,4.36,0,Light
2024-07-19,LOC009,24.79,85.32,950.13,25.19,68.8,23.23,74.5,13.73,0,Light
2024-07-20,LOC009,29.7,89.64,949.33,26.55,141.0,27.92,84.4,0.0,0,No Rain
2024-07-21,LOC009,23.69,88.89,952.23,29.07,23.7,21.08,92.0,5.4,0,Light
2024-07-22,LOC009,27.22,95.69,955.46,27.92,66.9,26.54,80.0,7.87,0,Light
2024-07-23,LOC009,28.03,84.27,951.77,28.78,66.5,24.49,72.6,46.87,0,Moderate
2024-07-24,LOC009,28.76,85.86,962.8,34.65,111.9,26.73,84.7,64.0,0,Moderate
2024-07-25,LOC009,23.84,99.0,955.16,26.29,61.7,25.77,59.3,0.5,0,Light
2024-07-26,LOC009,28.63,83.54,960.77,24.18,44.6,25.8,64.4,75.88,1,Heavy
2024-07-27,LOC009,26.4,87.76,951.75,26.94,131.1,23.94,79.0,2.04,0,Light
2024-07-28,LOC009,28.35,88.52,957.47,31.84,98.6,26.47,96.2,2.34,0,Light
2024-07-29,LOC009,26.36,84.68,951.35,26.42,12.0,24.67,96.3,0.0,0,No Rain
2024-07-30,LOC009,29.04,84.35,958.1,29.64,75.8,26.13,88.1,0.0,0,No Rain
2024-07-31,LOC009,28.86,89.34,956.7,29.66,74.7,26.29,81.3,16.0,0,Moderate
2024-08-01,LOC009,24.97,84.67,956.73,27.92,97.7,21.43,88.6,16.38,0,Moderate
2024-08-02,LOC009,32.28,87.72,955.94,27.38,75.4,30.46,86.4,0.5,0,Light
2024-08-03,LOC009,29.65,87.27,956.1,27.59,73.5,26.7,77.0,5.05,0,Light
2024-08-04,LOC009,27.35,97.31,954.23,25.23,88.4,27.41,85.4,0.0,0,No Rain
2024-08-05,LOC009,29.46,86.81,963.04,29.61,44.5,28.33,80.0,8.74,0,Light
2024-08-06,LOC009,26.01,95.51,954.85,25.66,58.0,24.53,100.0,1.18,0,Light
2024-08-07,LOC009,31.92,95.26,956.32,24.86,108.4,30.89,78.5,3.5,0,Light
2024-08-08,LOC009,28.68,79.75,955.69,24.13,17.6,24.35,63.8,42.22,0,Moderate
2024-08-09,LOC009,28.7,86.28,959.96,25.36,89.4,27.42,66.9,18.77,0,Moderate
2024-08-10,LOC009,28.87,81.71,957.9,29.7,50.7,25.1,88.0,0.0,0,No Rain
2024-08-11,LOC009,26.83,80.05,954.73,24.55,87.6,24.67,100.0,0.0,0,No Rain
2024-08-12,LOC009,27.33,77.78,954.64,24.29,136.3,23.15,95.9,4.44,0,Light
2024-08-13,LOC009,31.4,91.24,954.85,27.83,106.0,29.45,100.0,0.5,0,Light
2024-08-14,LOC009,26.27,88.92,957.05,24.6,109.3,23.69,82.5,5.39,0,Light
2024-08-15,LOC009,27.52,78.36,952.8,28.11,7.3,23.84,100.0,0.5,0,Light
2024-08-16,LOC009,32.98,85.8,958.87,24.35,74.6,31.14,73.7,6.06,0,Light
2024-08-17,LOC009,30.96,91.66,958.36,27.19,16.8,29.72,83.0,0.0,0,No Rain
2024-08-18,LOC009,29.64,92.48,955.93,31.63,40.5,28.23,79.7,1.54,0,Light
2024-08-19,LOC009,28.69,87.95,957.47,28.15,112.9,26.1,79.3,0.0,0,No Rain
2024-08-20,LOC009,29.38,88.01,958.06,24.61,50.1,27.95,70.8,7.61,0,Light
2024-08-21,LOC009,29.62,86.48,951.57,25.39,107.3,27.23,83.4,5.01,0,Light
2024-08-22,LOC009,30.85,89.35,956.69,26.96,13.2,28.46,77.0,0.89,0,Light
2024-08-23,LOC009,30.37,80.24,954.99,24.33,170.6,25.78,95.9,1.93,0,Light
2024-08-24,LOC009,34.66,82.12,951.15,30.14,58.3,29.79,96.4,51.27,0,Moderate
2024-08-25,LOC009,31.45,99.0,951.74,28.28,84.5,31.94,70.0,77.37,1,Heavy
2024-08-26,LOC009,27.89,87.5,954.16,43.05,37.8,24.16,79.6,44.95,0,Moderate
2024-08-27,LOC009,29.49,82.76,952.57,30.38,32.8,24.87,76.5,16.0,0,Moderate
2024-08-28,LOC009,26.81,85.06,955.4,24.92,99.3,24.61,83.9,0.0,0,No Rain
2024-08-29,LOC009,28.63,89.12,955.98,26.04,92.5,26.45,84.1,25.47,0,Moderate
2024-08-30,LOC009,29.86,86.24,957.8,34.29,88.4,27.01,81.3,54.21,0,Moderate
2024-08-31,LOC009,31.7,85.98,952.76,23.73,44.6,29.54,78.0,206.81,1,Very/Extremely Heavy
2024-09-01,LOC009,31.42,61.45,958.22,19.71,81.5,23.04,35.8,6.33,0,Light
2024-09-02,LOC009,32.65,76.07,962.1,17.73,44.0,29.07,44.9,0.0,0,No Rain
2024-09-03,LOC009,31.19,77.09,960.41,16.25,45.5,25.98,30.9,0.0,0,No Rain
2024-09-04,LOC009,30.52,72.96,963.66,16.94,39.7,24.28,26.9,16.0,0,Moderate
2024-09-05,LOC009,31.76,62.48,965.35,19.27,58.1,24.14,24.8,0.0,0,No Rain
2024-09-06,LOC009,32.83,75.35,954.13,17.21,71.2,28.27,40.4,0.0,0,No Rain
2024-09-07,LOC009,27.36,73.43,962.33,16.33,317.6,21.75,34.0,0.0,0,No Rain
2024-09-08,LOC009,34.25,71.98,953.42,16.18,75.1,28.65,41.8,0.0,0,No Rain
2024-09-09,LOC009,31.59,70.3,964.3,16.46,55.9,25.89,40.1,0.0,0,No Rain
2024-09-10,LOC009,29.44,80.66,955.62,16.33,314.6,25.34,40.6,0.0,0,No Rain
2024-09-11,LOC009,30.43,75.19,957.63,17.92,124.3,23.56,50.1,65.0,1,Heavy
2024-09-12,LOC009,33.13,69.39,960.02,21.91,55.6,27.46,38.1,0.0,0,No Rain
2024-09-13,LOC009,34.01,76.71,958.81,22.13,54.0,31.2,41.3,0.0,0,No Rain
2024-09-14,LOC009,33.89,65.93,961.39,23.82,64.0,25.79,46.7,36.42,0,Moderate
2024-09-15,LOC009,34.3,69.14,960.48,29.27,35.7,27.76,39.7,0.0,0,No Rain
2024-09-16,LOC009,32.11,67.49,958.19,16.32,72.4,27.21,54.7,1.86,0,Light
2024-09-17,LOC009,31.46,67.56,958.21,18.21,27.9,24.98,41.5,15.5,0,Light
2024-09-18,LOC009,34.47,63.61,959.74,17.92,39.2,28.0,32.2,0.0,0,No Rain
2024-09-19,LOC009,30.68,64.73,960.8,23.04,66.3,22.77,60.7,8.28,0,Light
2024-09-20,LOC009,30.88,79.9,954.22,16.3,102.0,27.17,37.6,0.0,0,No Rain
2024-09-21,LOC009,31.97,67.16,961.54,17.81,60.0,24.31,42.5,0.0,0,No Rain
2024-09-22,LOC009,33.16,73.63,965.26,17.01,46.2,26.45,25.1,0.0,0,No Rain
2024-09-23,LOC009,33.21,62.07,959.23,18.73,122.8,23.88,39.8,0.5,0,Light
2024-09-24,LOC009,34.82,76.47,964.32,16.14,23.5,30.31,47.8,0.0,0,No Rain
2024-09-25,LOC009,32.6,68.39,955.97,17.86,36.0,27.56,59.7,6.57,0,Light
2024-09-26,LOC009,33.8,64.77,956.35,21.02,48.9,28.17,47.2,0.0,0,No Rain
2024-09-27,LOC009,33.74,66.86,961.75,16.39,112.0,27.2,23.5,0.0,0,No Rain
2024-09-28,LOC009,35.13,67.98,963.13,32.38,37.7,28.01,36.5,23.25,0,Moderate
2024-09-29,LOC009,32.47,67.7,964.81,17.88,70.4,25.69,58.8,0.0,0,No Rain
2024-09-30,LOC009,33.27,71.66,959.89,16.64,60.4,29.1,35.4,4.48,0,Light
2024-10-01,LOC009,37.34,56.43,960.51,18.57,335.8,29.2,0.5,0.0,0,No Rain
2024-10-02,LOC009,35.45,52.04,963.91,11.65,28.9,26.02,15.3,0.0,0,No Rain
2024-10-03,LOC009,32.98,64.61,968.31,12.14,65.0,25.81,0.0,0.0,0,No Rain
2024-10-04,LOC009,38.27,59.03,968.11,15.76,356.6,30.26,30.6,0.0,0,No Rain
2024-10-05,LOC009,38.96,59.88,962.83,12.76,83.5,31.25,16.0,0.0,0,No Rain
2024-10-06,LOC009,35.24,48.14,961.63,20.7,61.6,25.42,22.7,0.0,0,No Rain
2024-10-07,LOC009,34.81,63.16,964.51,20.3,96.6,28.1,30.5,1.47,0,Light
2024-10-08,LOC009,35.27,56.39,971.37,17.68,36.4,26.77,20.1,0.0,0,No Rain
2024-10-09,LOC009,38.6,60.31,963.3,13.2,102.0,30.1,16.4,0.0,0,No Rain
2024-10-10,LOC009,37.7,49.98,967.27,15.14,23.1,28.12,8.0,2.38,0,Light
2024-10-11,LOC009,35.73,49.2,963.98,18.08,67.9,25.51,14.3,0.0,0,No Rain
2024-10-12,LOC009,37.08,56.33,962.37,11.41,48.0,27.9,26.6,0.0,0,No Rain
2024-10-13,LOC009,36.71,55.85,967.13,12.06,80.7,27.51,13.3,0.0,0,No Rain
2024-10-14,LOC009,36.56,54.41,969.63,20.52,79.0,27.56,34.4,0.0,0,No Rain
2024-10-15,LOC009,40.62,69.65,964.92,14.82,49.1,32.0,7.8,4.36,0,Light
2024-10-16,LOC009,33.25,46.87,964.56,11.41,30.5,22.12,10.6,0.0,0,No Rain
2024-10-17,LOC009,33.49,63.46,963.69,13.62,141.7,24.92,26.5,2.91,0,Light
2024-10-18,LOC009,36.06,64.28,966.59,11.71,69.5,28.24,36.6,0.0,0,No Rain
2024-10-19,LOC009,37.83,52.49,964.57,12.89,42.4,28.53,3.3,0.0,0,No Rain
2024-10-20,LOC009,34.86,61.58,963.1,11.62,44.7,26.71,7.0,0.0,0,No Rain
2024-10-21,LOC009,34.31,62.26,965.42,15.24,40.1,27.58,9.7,0.0,0,No Rain
2024-10-22,LOC009,36.22,52.56,963.84,15.15,43.2,26.07,11.5,0.0,0,No Rain
2024-10-23,LOC009,34.64,53.5,965.53,14.9,84.3,25.26,34.5,0.0,0,No Rain
2024-10-24,LOC009,37.67,51.97,968.14,15.72,78.7,29.03,21.8,0.0,0,No Rain
2024-10-25,LOC009,38.63,64.14,971.8,15.53,44.6,30.65,31.0,0.0,0,No Rain
2024-10-26,LOC009,35.51,57.2,969.52,16.22,64.2,26.27,30.9,0.0,0,No Rain
2024-10-27,LOC009,39.02,58.48,966.71,45.98,85.3,30.44,25.4,0.0,0,No Rain
2024-10-28,LOC009,38.56,48.16,966.73,23.47,45.1,28.42,24.4,0.0,0,No Rain
2024-10-29,LOC009,39.3,54.77,965.04,14.56,71.4,31.7,32.6,0.0,0,No Rain
2024-10-30,LOC009,36.69,51.76,967.15,13.18,20.6,27.49,29.5,4.39,0,Light
2024-10-31,LOC009,40.69,55.23,966.32,13.78,90.4,32.0,19.4,0.0,0,No Rain
2024-11-01,LOC009,36.21,53.43,971.54,20.98,63.6,27.3,30.7,0.0,0,No Rain
2024-11-02,LOC009,37.41,58.83,964.0,33.89,9.9,30.44,13.4,0.0,0,No Rain
2024-11-03,LOC009,37.3,65.37,969.68,21.45,150.3,30.44,21.0,0.0,0,No Rain
2024-11-04,LOC009,37.98,59.63,962.81,21.18,32.6,29.61,19.4,0.0,0,No Rain
2024-11-05,LOC009,33.33,65.12,967.87,15.83,51.8,26.92,14.0,0.0,0,No Rain
2024-11-06,LOC009,38.18,54.21,966.5,15.21,34.7,29.78,5.9,0.0,0,No Rain
2024-11-07,LOC009,35.43,46.24,966.03,17.4,69.4,23.41,18.1,0.0,0,No Rain
2024-11-08,LOC009,40.15,52.46,965.47,15.56,108.5,31.33,12.8,0.0,0,No Rain
2024-11-09,LOC009,34.37,53.31,964.6,11.96,28.4,24.79,12.8,0.0,0,No Rain
2024-11-10,LOC009,37.68,45.78,961.98,10.47,57.4,26.81,19.1,0.0,0,No Rain
2024-11-11,LOC009,36.87,46.71,965.98,11.19,343.0,27.39,17.0,0.5,0,Light
2024-11-12,LOC009,32.93,61.34,971.32,16.27,71.2,25.54,37.9,0.0,0,No Rain
2024-11-13,LOC009,37.84,55.36,965.08,12.8,344.6,28.29,10.6,0.0,0,No Rain
2024-11-14,LOC009,36.38,57.96,965.88,17.09,65.7,28.28,33.0,0.0,0,No Rain
2024-11-15,LOC009,36.59,53.68,966.71,13.11,67.4,27.09,16.6,0.0,0,No Rain
2024-11-16,LOC009,34.84,47.34,964.77,11.76,130.4,24.2,5.3,0.0,0,No Rain
2024-11-17,LOC009,34.76,53.19,967.32,13.66,96.1,26.82,16.6,0.0,0,No Rain
2024-11-18,LOC009,36.78,53.42,968.69,10.75,69.0,27.89,24.5,0.0,0,No Rain
2024-11-19,LOC009,35.62,64.31,966.49,10.86,34.3,27.86,0.0,0.0,0,No Rain
2024-11-20,LOC009,36.66,44.33,968.35,13.49,359.5,25.52,27.2,0.0,0,No Rain
2024-11-21,LOC009,35.94,63.89,967.2,10.37,124.2,29.42,22.5,0.0,0,No Rain
2024-11-22,LOC009,33.74,52.91,967.29,16.01,92.5,23.95,21.4,0.0,0,No Rain
2024-11-23,LOC009,40.5,43.58,964.43,16.68,67.0,30.27,15.8,0.0,0,No Rain
2024-11-24,LOC009,37.88,51.08,968.07,22.53,64.0,27.76,23.0,0.0,0,No Rain
2024-11-25,LOC009,37.81,61.31,969.18,10.82,48.9,30.2,20.8,0.0,0,No Rain
2024-11-26,LOC009,39.3,44.51,965.16,13.6,308.1,27.88,22.4,0.0,0,No Rain
2024-11-27,LOC009,36.64,65.35,968.47,12.24,325.8,28.64,11.9,0.0,0,No Rain
2024-11-28,LOC009,34.46,55.59,966.26,13.89,3.7,24.02,11.0,0.0,0,No Rain
2024-11-29,LOC009,35.95,59.55,965.76,11.17,321.9,27.21,18.1,0.0,0,No Rain
2024-11-30,LOC009,36.65,61.01,966.18,12.9,57.9,28.1,34.2,0.0,0,No Rain
2024-12-01,LOC009,35.66,53.48,967.41,11.71,61.4,27.13,20.4,0.0,0,No Rain
2024-12-02,LOC009,36.4,58.29,964.84,10.5,95.9,29.04,16.6,33.92,0,Moderate
2024-12-03,LOC009,36.37,47.31,965.95,10.81,44.2,25.58,13.9,0.0,0,No Rain
2024-12-04,LOC009,39.69,47.53,965.2,10.32,74.6,28.93,8.9,0.0,0,No Rain
2024-12-05,LOC009,34.35,67.57,966.91,12.97,37.2,28.95,15.7,0.0,0,No Rain
2024-12-06,LOC009,37.55,61.84,966.22,21.41,90.9,29.59,26.7,1.72,0,Light
2024-12-07,LOC009,37.78,53.12,963.46,10.67,13.7,28.8,19.2,0.0,0,No Rain
2024-12-08,LOC009,36.63,53.39,968.98,11.64,75.1,26.68,39.3,0.0,0,No Rain
2024-12-09,LOC009,37.01,48.99,967.69,10.34,125.3,25.62,18.1,0.0,0,No Rain
2024-12-10,LOC009,37.3,55.11,969.12,15.1,70.4,29.09,29.4,0.0,0,No Rain
2024-12-11,LOC009,36.82,57.14,967.5,17.61,63.5,28.51,27.3,0.0,0,No Rain
2024-12-12,LOC009,39.46,57.71,964.43,13.15,71.6,30.42,2.3,0.0,0,No Rain
2024-12-13,LOC009,41.42,60.12,964.98,14.14,32.7,32.0,21.7,0.0,0,No Rain
2024-12-14,LOC009,35.71,44.68,964.67,45.96,119.8,24.58,9.3,0.0,0,No Rain
2024-12-15,LOC009,33.87,49.31,964.7,11.12,47.7,22.47,0.0,0.0,0,No Rain
2024-12-16,LOC009,35.39,54.48,967.66,10.42,66.1,26.44,1.6,0.0,0,No Rain
2024-12-17,LOC009,36.53,38.78,965.75,11.1,72.0,25.73,1.3,0.0,0,No Rain
2024-12-18,LOC009,34.37,55.79,966.74,18.15,62.7,24.18,21.3,0.0,0,No Rain
2024-12-19,LOC009,34.87,61.82,966.83,23.56,22.0,25.36,6.2,0.0,0,No Rain
2024-12-20,LOC009,40.58,60.99,965.35,13.74,33.9,32.0,10.6,4.88,0,Light
2024-12-21,LOC009,32.03,49.21,962.67,11.35,92.1,22.04,31.4,0.0,0,No Rain
2024-12-22,LOC009,32.73,62.21,964.71,20.56,76.8,25.66,2.1,0.0,0,No Rain
2024-12-23,LOC009,37.43,52.28,962.31,14.5,11.2,27.58,0.0,0.0,0,No Rain
2024-12-24,LOC009,35.77,62.24,964.02,11.87,71.8,28.67,0.0,0.0,0,No Rain
2024-12-25,LOC009,35.59,58.02,964.05,10.03,61.0,27.81,25.2,0.0,0,No Rain
2024-12-26,LOC009,34.63,56.1,969.38,14.75,10.5,25.76,28.0,0.0,0,No Rain
2024-12-27,LOC009,34.86,49.09,968.62,10.36,148.4,23.97,0.0,0.0,0,No Rain
2024-12-28,LOC009,38.53,60.52,964.62,12.64,121.3,29.59,34.3,0.0,0,No Rain
2024-12-29,LOC009,37.07,51.04,969.15,10.57,75.5,28.05,20.7,0.0,0,No Rain
2024-12-30,LOC009,34.83,56.4,966.48,10.42,95.8,26.76,17.5,0.0,0,No Rain
2024-12-31,LOC009,33.75,45.97,964.93,10.48,42.5,22.78,0.0,0.0,0,No Rain
2025-01-01,LOC009,35.48,45.43,965.87,15.6,46.9,24.64,20.0,0.0,0,No Rain
2025-01-02,LOC009,34.72,60.8,967.01,21.61,66.6,26.47,11.8,0.0,0,No Rain
2025-01-03,LOC009,35.3,62.13,964.46,13.5,72.1,28.81,4.5,0.0,0,No Rain
2025-01-04,LOC009,33.93,57.17,969.31,11.15,139.7,24.49,13.0,0.0,0,No Rain
2025-01-05,LOC009,34.16,62.1,970.63,10.17,44.2,26.28,2.7,0.0,0,No Rain
2025-01-06,LOC009,35.83,60.53,967.25,10.82,41.6,27.08,28.4,0.0,0,No Rain
2025-01-07,LOC009,37.59,54.1,963.86,16.7,66.9,28.18,0.2,0.0,0,No Rain
2025-01-08,LOC009,37.31,48.96,967.94,12.64,61.7,28.4,0.0,0.0,0,No Rain
2025-01-09,LOC009,30.15,59.24,967.74,10.52,31.2,22.5,24.0,0.0,0,No Rain
2025-01-10,LOC009,33.86,53.5,965.06,13.62,138.0,24.92,13.4,0.0,0,No Rain
2025-01-11,LOC009,36.65,55.5,968.62,12.06,92.9,28.51,23.4,0.0,0,No Rain
2025-01-12,LOC009,36.65,58.36,967.59,14.13,88.3,29.16,22.1,16.0,0,Moderate
2025-01-13,LOC009,36.04,52.47,970.14,10.98,140.6,26.16,17.5,0.0,0,No Rain
2025-01-14,LOC009,31.92,60.04,965.17,13.8,39.1,23.73,22.4,0.0,0,No Rain
2025-01-15,LOC009,29.97,67.12,958.17,20.45,109.2,21.49,9.4,0.0,0,No Rain
2025-01-16,LOC009,34.63,64.26,971.16,10.79,17.6,26.48,24.0,0.0,0,No Rain
2025-01-17,LOC009,31.05,46.08,970.75,17.73,36.6,20.22,3.7,0.0,0,No Rain
2025-01-18,LOC009,33.65,59.81,964.94,10.32,33.7,25.61,24.1,0.0,0,No Rain
2025-01-19,LOC009,32.92,61.79,967.91,16.32,17.1,25.66,0.0,25.46,0,Moderate
2025-01-20,LOC009,32.72,59.76,968.63,10.91,75.9,23.43,14.1,0.0,0,No Rain
2025-01-21,LOC009,29.48,56.17,966.55,10.93,114.7,20.71,22.1,0.8,0,Light
2025-01-22,LOC009,32.44,64.15,965.04,11.72,42.2,25.66,5.5,34.47,0,Moderate
2025-01-23,LOC009,32.05,56.97,969.81,17.38,115.1,24.21,13.5,0.0,0,No Rain
2025-01-24,LOC009,32.04,55.97,970.17,15.08,81.2,25.18,22.9,0.0,0,No Rain
2025-01-25,LOC009,32.15,52.79,966.36,28.55,79.6,22.33,13.1,0.0,0,No Rain
2025-01-26,LOC009,34.49,60.8,965.37,12.54,86.3,26.62,20.5,0.0,0,No Rain
2025-01-27,LOC009,33.78,60.29,966.31,15.87,23.4,25.81,33.3,0.0,0,No Rain
2025-01-28,LOC009,36.3,50.08,967.28,11.39,50.7,25.79,13.4,0.0,0,No Rain
2025-01-29,LOC009,31.84,45.5,968.52,23.27,85.8,20.4,5.2,0.0,0,No Rain
2025-01-30,LOC009,36.26,53.56,964.93,14.95,84.7,27.3,18.6,0.0,0,No Rain
2025-01-31,LOC009,35.72,50.76,967.14,12.12,50.1,26.51,16.4,0.0,0,No Rain
2025-02-01,LOC009,37.24,66.25,963.93,12.93,352.6,30.41,2.3,0.0,0,No Rain
2025-02-02,LOC009,34.27,52.38,964.67,10.38,44.2,24.67,24.4,0.0,0,No Rain
2025-02-03,LOC009,32.2,60.14,969.66,12.41,109.9,21.8,8.3,0.0,0,No Rain
2025-02-04,LOC009,33.9,52.29,965.52,12.85,23.1,24.2,0.7,0.0,0,No Rain
2025-02-05,LOC009,32.91,55.82,971.03,15.44,24.3,24.84,8.1,0.0,0,No Rain
2025-02-06,LOC009,31.99,52.76,967.97,14.17,64.3,23.33,10.3,0.0,0,No Rain
2025-02-07,LOC009,31.19,49.71,969.3,10.98,344.6,20.39,18.5,0.0,0,No Rain
2025-02-08,LOC009,36.39,57.42,964.29,26.98,310.3,27.3,12.1,0.0,0,No Rain
2025-02-09,LOC009,35.72,56.81,969.31,12.28,21.8,26.64,19.6,0.0,0,No Rain
2025-02-10,LOC009,32.86,50.29,966.71,13.01,82.0,22.92,19.8,0.0,0,No Rain
2025-02-11,LOC009,32.63,54.49,967.55,11.52,72.0,23.48,25.5,0.0,0,No Rain
2025-02-12,LOC009,31.14,39.91,966.36,12.89,85.6,18.84,7.5,0.0,0,No Rain
2025-02-13,LOC009,33.07,46.89,964.64,15.87,139.6,22.18,0.0,0.0,0,No Rain
2025-02-14,LOC009,29.91,67.46,963.79,19.67,21.5,25.12,18.1,0.0,0,No Rain
2025-02-15,LOC009,34.5,55.77,964.46,14.24,35.1,25.93,10.7,0.0,0,No Rain
2025-02-16,LOC009,30.39,49.2,965.85,14.46,41.3,19.0,27.2,0.0,0,No Rain
2025-02-17,LOC009,32.72,49.54,960.67,25.6,82.7,22.98,14.9,0.0,0,No Rain
2025-02-18,LOC009,33.48,60.68,969.27,14.32,106.3,26.03,5.5,0.0,0,No Rain
2025-02-19,LOC009,30.15,52.72,968.86,14.58,72.0,20.71,17.4,1.92,0,Light
2025-02-20,LOC009,31.19,52.42,968.41,10.38,61.2,21.75,0.0,0.0,0,No Rain
2025-02-21,LOC009,32.0,66.82,963.33,11.66,97.9,25.44,2.5,0.0,0,No Rain
2025-02-22,LOC009,30.45,52.8,965.03,12.66,30.4,21.57,9.4,0.0,0,No Rain
2025-02-23,LOC009,29.03,58.16,962.52,11.64,95.1,21.02,19.1,0.0,0,No Rain
2025-02-24,LOC009,32.01,57.91,971.05,13.11,81.7,23.17,23.7,6.52,0,Light
2025-02-25,LOC009,32.51,65.49,965.99,17.14,64.4,25.52,0.7,0.0,0,No Rain
2025-02-26,LOC009,29.97,58.5,964.2,11.42,130.3,21.07,17.2,0.0,0,No Rain
2025-02-27,LOC009,28.28,55.73,967.31,14.43,21.4,18.06,4.9,0.0,0,No Rain
2025-02-28,LOC009,34.73,59.98,965.41,11.83,130.1,26.34,3.0,0.0,0,No Rain
2025-03-01,LOC009,25.95,56.64,968.39,11.85,89.1,18.55,8.4,0.0,0,No Rain
2025-03-02,LOC009,31.19,62.0,965.23,10.43,109.2,23.41,21.2,0.0,0,No Rain
2025-03-03,LOC009,30.04,53.64,971.38,11.27,350.4,20.15,1.9,0.0,0,No Rain
2025-03-04,LOC009,31.51,60.69,966.05,12.6,103.9,23.94,28.4,0.0,0,No Rain
2025-03-05,LOC009,30.8,55.54,964.81,13.22,41.9,21.08,6.0,0.0,0,No Rain
2025-03-06,LOC009,31.95,50.5,967.46,11.66,71.4,21.97,22.2,0.99,0,Light
2025-03-07,LOC009,29.79,57.02,965.03,10.32,95.8,21.26,20.8,0.0,0,No Rain
2025-03-08,LOC009,34.57,55.31,969.49,10.8,93.9,26.69,0.0,0.0,0,No Rain
2025-03-09,LOC009,31.83,50.23,965.73,10.92,14.9,22.57,0.0,0.0,0,No Rain
2025-03-10,LOC009,30.47,59.01,965.66,15.36,61.5,20.8,14.7,0.0,0,No Rain
2025-03-11,LOC009,32.24,48.6,962.63,18.42,22.3,22.88,24.8,0.0,0,No Rain
2025-03-12,LOC009,31.56,54.29,964.21,12.98,92.9,23.24,4.9,0.0,0,No Rain
2025-03-13,LOC009,26.79,53.57,967.09,10.63,8.2,17.69,0.0,0.0,0,No Rain
2025-03-14,LOC009,29.5,55.25,966.62,20.15,130.5,20.28,24.2,0.0,0,No Rain
2025-03-15,LOC009,28.28,50.99,969.46,12.7,66.4,17.9,26.1,0.0,0,No Rain
2025-03-16,LOC009,32.35,59.15,964.65,10.93,1.0,23.5,24.2,0.0,0,No Rain
2025-03-17,LOC009,28.56,61.53,966.78,10.26,61.2,20.09,0.0,0.0,0,No Rain
2025-03-18,LOC009,27.96,61.89,968.94,10.72,16.2,20.93,3.9,0.0,0,No Rain
2025-03-19,LOC009,30.87,53.06,965.23,14.67,124.0,23.31,19.5,0.0,0,No Rain
2025-03-20,LOC009,32.39,61.97,968.91,16.21,89.4,24.43,23.5,0.0,0,No Rain
2025-03-21,LOC009,29.1,58.07,964.4,12.37,38.0,20.23,24.6,0.0,0,No Rain
2025-03-22,LOC009,27.52,50.73,967.96,12.11,337.6,17.6,20.0,0.0,0,No Rain
2025-03-23,LOC009,27.97,58.12,971.83,11.36,344.8,21.4,7.6,0.0,0,No Rain
2025-03-24,LOC009,27.0,68.05,963.96,12.6,4.5,21.16,22.0,0.0,0,No Rain
2025-03-25,LOC009,27.21,47.18,967.53,10.33,97.0,15.98,10.3,0.0,0,No Rain
2025-03-26,LOC009,28.96,42.73,966.74,11.36,59.8,16.84,0.8,0.0,0,No Rain
2025-03-27,LOC009,27.55,63.48,965.94,14.14,63.4,19.57,15.7,0.0,0,No Rain
2025-03-28,LOC009,24.97,50.47,964.01,14.35,75.9,13.95,6.9,0.0,0,No Rain
2025-03-29,LOC009,26.45,57.66,968.84,12.48,105.2,16.57,15.1,0.0,0,No Rain
2025-03-30,LOC009,31.09,49.48,968.09,13.16,122.5,20.23,0.0,0.0,0,No Rain
2025-03-31,LOC009,30.37,70.49,969.59,14.7,104.7,24.25,9.5,0.0,0,No Rain
2025-04-01,LOC009,31.33,42.46,964.4,15.78,82.5,20.74,13.3,0.0,0,No Rain
2025-04-02,LOC009,28.79,61.44,963.84,12.03,81.7,20.36,5.8,0.0,0,No Rain
2025-04-03,LOC009,29.55,54.0,963.23,19.03,33.1,20.26,18.2,0.0,0,No Rain
2025-04-04,LOC009,28.43,58.8,965.17,11.54,61.2,19.13,18.5,0.0,0,No Rain
2025-04-05,LOC009,25.96,55.05,962.34,11.86,44.8,17.57,0.7,0.0,0,No Rain
2025-04-06,LOC009,26.5,55.95,964.61,15.28,35.4,16.92,21.9,0.0,0,No Rain
2025-04-07,LOC009,27.39,50.15,966.62,19.24,42.6,16.84,16.2,0.0,0,No Rain
2025-04-08,LOC009,30.0,55.06,967.55,14.97,54.0,21.01,23.6,0.0,0,No Rain
2025-04-09,LOC009,22.92,68.39,965.14,12.39,8.6,16.03,20.7,0.0,0,No Rain
2025-04-10,LOC009,28.32,44.66,962.99,15.06,76.1,17.7,17.5,0.0,0,No Rain
2025-04-11,LOC009,29.73,58.87,963.78,17.04,106.5,23.58,9.2,0.0,0,No Rain
2025-04-12,LOC009,27.38,55.83,965.27,10.12,36.4,17.8,0.0,0.0,0,No Rain
2025-04-13,LOC009,28.64,53.78,964.13,16.73,91.6,20.3,23.4,0.0,0,No Rain
2025-04-14,LOC009,27.28,60.64,967.58,10.69,65.5,19.31,4.5,0.0,0,No Rain
2025-04-15,LOC009,25.85,48.71,964.74,16.52,58.6,16.28,25.1,0.0,0,No Rain
2025-04-16,LOC009,27.53,59.17,965.95,10.15,7.1,19.09,0.0,0.0,0,No Rain
2025-04-17,LOC009,30.0,48.02,964.07,13.69,39.9,20.34,2.5,0.0,0,No Rain
2025-04-18,LOC009,28.58,49.93,968.53,13.15,20.8,18.28,26.4,0.0,0,No Rain
2025-04-19,LOC009,27.81,55.76,966.23,21.32,97.3,20.13,8.2,0.0,0,No Rain
2025-04-20,LOC009,28.72,59.82,969.54,17.19,64.8,20.95,26.7,0.0,0,No Rain
2025-04-21,LOC009,34.09,64.92,969.03,13.03,51.6,27.04,34.5,0.0,0,No Rain
2025-04-22,LOC009,30.68,52.81,966.15,16.48,110.3,21.34,43.1,0.0,0,No Rain
2025-04-23,LOC009,26.12,56.48,968.43,20.92,69.5,17.02,22.4,0.0,0,No Rain
2025-04-24,LOC009,23.89,43.72,965.66,13.95,47.9,11.25,6.9,0.0,0,No Rain
2025-04-25,LOC009,29.67,50.61,966.87,11.16,40.8,19.37,17.2,0.0,0,No Rain
2025-04-26,LOC009,26.41,50.53,975.14,14.09,26.9,16.83,0.0,0.0,0,No Rain
2025-04-27,LOC009,26.35,52.82,969.26,12.32,48.4,16.87,13.5,0.0,0,No Rain
2025-04-28,LOC009,23.81,41.78,971.11,15.22,76.7,11.2,1.3,0.0,0,No Rain
2025-04-29,LOC009,25.71,56.77,974.59,13.85,53.4,16.67,19.9,0.0,0,No Rain
2025-04-30,LOC009,27.39,55.79,969.19,11.2,62.8,17.7,5.0,0.0,0,No Rain
2025-05-01,LOC009,26.47,63.91,964.94,11.3,15.5,20.61,17.4,0.0,0,No Rain
2025-05-02,LOC009,22.92,59.6,963.01,15.7,38.3,15.11,10.8,0.0,0,No Rain
2025-05-03,LOC009,27.23,55.86,962.49,13.32,335.7,19.34,14.0,0.0,0,No Rain
2025-05-04,LOC009,26.43,45.32,962.82,17.78,71.7,15.81,34.4,0.0,0,No Rain
2025-05-05,LOC009,27.34,72.47,961.49,16.5,310.0,21.27,14.6,0.0,0,No Rain
2025-05-06,LOC009,28.42,42.58,965.56,15.64,107.1,17.37,17.4,0.0,0,No Rain
2025-05-07,LOC009,25.42,55.58,966.57,17.78,357.2,14.39,34.7,0.0,0,No Rain
2025-05-08,LOC009,21.66,58.48,965.56,18.11,19.1,13.59,16.3,0.0,0,No Rain
2025-05-09,LOC009,29.14,63.57,968.49,13.68,12.5,22.07,33.3,0.0,0,No Rain
2025-05-10,LOC009,27.38,59.92,967.89,11.85,46.8,18.86,17.5,0.62,0,Light
2025-05-11,LOC009,25.73,65.31,967.52,11.82,99.3,19.82,18.7,0.0,0,No Rain
2025-05-12,LOC009,30.27,61.82,966.43,12.07,85.4,23.01,45.4,0.0,0,No Rain
2025-05-13,LOC009,31.59,74.47,968.66,11.5,28.7,25.44,10.0,0.0,0,No Rain
2025-05-14,LOC009,30.31,56.05,960.64,11.71,6.4,21.14,11.4,0.0,0,No Rain
2025-05-15,LOC009,25.78,53.75,963.36,22.74,68.6,16.58,16.8,0.0,0,No Rain
2025-05-16,LOC009,23.45,53.08,965.46,12.4,31.3,13.0,3.5,0.0,0,No Rain
2025-05-17,LOC009,27.24,57.71,962.15,22.86,47.4,18.55,38.8,0.0,0,No Rain
2025-05-18,LOC009,25.78,59.19,964.15,13.64,81.1,17.42,14.8,0.0,0,No Rain
2025-05-19,LOC009,26.46,56.21,964.38,12.31,39.0,16.3,23.0,0.0,0,No Rain
2025-05-20,LOC009,24.07,60.72,965.89,12.88,56.7,14.98,18.2,1.95,0,Light
2025-05-21,LOC009,25.67,55.69,964.9,14.93,93.1,16.59,28.9,0.0,0,No Rain
2025-05-22,LOC009,26.19,53.8,966.77,11.26,89.9,17.22,15.4,0.0,0,No Rain
2025-05-23,LOC009,24.64,62.26,966.32,12.07,16.2,16.67,17.2,0.0,0,No Rain
2025-05-24,LOC009,28.66,54.68,969.47,12.47,64.5,20.37,0.0,0.0,0,No Rain
2025-05-25,LOC009,26.24,58.22,964.6,13.07,81.6,17.02,17.7,0.0,0,No Rain
2025-05-26,LOC009,27.42,59.82,966.52,11.41,138.9,19.56,26.4,0.0,0,No Rain
2025-05-27,LOC009,29.16,49.12,965.66,15.43,39.2,19.08,26.3,0.5,0,Light
2025-05-28,LOC009,24.81,59.05,964.51,19.59,10.2,16.7,24.4,0.0,0,No Rain
2025-05-29,LOC009,27.32,61.1,965.6,13.76,44.9,17.42,30.1,0.0,0,No Rain
2025-05-30,LOC009,27.9,58.12,964.3,13.13,108.0,19.35,27.2,0.0,0,No Rain
2025-05-31,LOC009,27.1,67.5,965.67,15.92,65.7,20.06,18.2,31.18,0,Moderate
2025-06-01,LOC009,26.75,75.05,959.12,23.41,15.9,22.02,50.7,0.0,0,No Rain
2025-06-02,LOC009,26.8,72.08,954.46,17.28,20.8,21.92,44.0,0.0,0,No Rain
2025-06-03,LOC009,21.8,65.38,964.78,18.74,33.3,14.94,49.0,65.0,1,Heavy
2025-06-04,LOC009,27.01,65.0,959.76,16.58,115.1,19.72,48.6,0.0,0,No Rain
2025-06-05,LOC009,23.95,62.99,961.18,20.17,10.9,16.29,54.9,1.69,0,Light
2025-06-06,LOC009,24.39,61.03,963.32,17.44,41.1,16.9,46.3,0.0,0,No Rain
2025-06-07,LOC009,24.34,68.57,957.21,20.48,64.6,18.04,47.2,2.3,0,Light
2025-06-08,LOC009,26.26,74.86,959.75,22.12,40.2,20.95,56.6,0.0,0,No Rain
2025-06-09,LOC009,22.52,65.09,961.44,18.53,125.1,15.92,34.4,0.0,0,No Rain
2025-06-10,LOC009,25.97,80.13,961.17,17.52,77.8,19.99,34.7,0.0,0,No Rain
2025-06-11,LOC009,26.91,63.88,964.07,22.62,21.4,20.85,43.9,0.0,0,No Rain
2025-06-12,LOC009,25.56,72.34,963.85,18.09,111.3,20.49,32.2,0.0,0,No Rain
2025-06-13,LOC009,26.66,63.73,964.34,16.4,42.5,19.89,45.4,1.4,0,Light
2025-06-14,LOC009,25.01,68.18,960.84,17.93,45.4,18.52,48.7,0.0,0,No Rain
2025-06-15,LOC009,24.97,73.21,961.2,19.67,88.3,18.6,51.1,0.0,0,No Rain
2025-06-16,LOC009,27.38,74.7,963.44,18.2,23.4,22.59,51.3,0.0,0,No Rain
2025-06-17,LOC009,25.08,71.56,957.63,19.14,118.9,17.86,58.4,0.0,0,No Rain
2025-06-18,LOC009,25.71,71.42,963.28,24.21,30.3,19.23,41.3,0.0,0,No Rain
2025-06-19,LOC009,24.82,64.68,961.01,16.85,85.1,17.66,49.0,0.0,0,No Rain
2025-06-20,LOC009,27.76,63.8,959.51,22.51,140.7,20.7,46.6,0.0,0,No Rain
2025-06-21,LOC009,23.78,63.37,956.33,19.25,14.1,15.67,44.6,0.0,0,No Rain
2025-06-22,LOC009,26.47,72.28,955.33,25.8,13.1,21.48,46.2,64.0,0,Moderate
2025-06-23,LOC009,26.83,67.3,959.04,21.52,81.4,19.88,54.7,0.0,0,No Rain
2025-06-24,LOC009,26.43,58.67,960.57,17.96,121.0,16.63,44.4,1.65,0,Light
2025-06-25,LOC009,28.74,66.1,959.59,25.45,100.0,22.21,42.0,0.0,0,No Rain
2025-06-26,LOC009,27.18,68.36,960.61,16.33,357.5,20.47,38.6,65.0,1,Heavy
2025-06-27,LOC009,27.61,73.65,954.21,16.48,103.7,22.54,41.2,0.96,0,Light
2025-06-28,LOC009,29.9,64.77,963.03,24.6,30.1,23.42,70.8,0.0,0,No Rain
2025-06-29,LOC009,27.33,68.25,963.82,16.1,79.6,20.11,52.0,2.58,0,Light
2025-06-30,LOC009,29.33,64.05,961.27,21.16,102.8,20.37,44.3,0.0,0,No Rain
2025-07-01,LOC009,26.68,82.75,952.84,23.78,105.8,23.71,72.0,0.0,0,No Rain
2025-07-02,LOC009,27.21,78.47,953.63,24.07,101.2,23.25,49.3,0.59,0,Light
2025-07-03,LOC009,25.46,87.9,950.62,27.66,77.8,22.64,79.2,64.0,0,Moderate
2025-07-04,LOC009,28.47,82.11,957.43,37.47,96.7,25.45,88.3,16.0,0,Moderate
2025-07-05,LOC009,28.89,80.7,956.41,30.39,92.0,25.19,100.0,23.5,0,Moderate
2025-07-06,LOC009,26.02,82.23,959.18,23.86,44.5,22.42,84.9,11.36,0,Light
2025-07-07,LOC009,25.42,89.04,957.95,29.71,73.0,23.47,67.0,0.5,0,Light
2025-07-08,LOC009,22.13,86.76,955.55,29.58,70.4,19.01,93.2,15.5,0,Light
2025-07-09,LOC009,26.21,96.11,956.61,26.06,331.8,25.51,79.8,8.74,0,Light
2025-07-10,LOC009,19.29,96.67,955.53,23.75,109.5,18.99,93.0,4.63,0,Light
2025-07-11,LOC009,30.28,84.66,952.12,25.74,40.6,26.94,79.3,10.24,0,Light
2025-07-12,LOC009,24.41,89.6,956.91,24.74,14.0,22.26,79.0,26.95,0,Moderate
2025-07-13,LOC009,23.63,91.23,947.38,24.63,23.7,22.76,85.2,10.58,0,Light
2025-07-14,LOC009,28.31,78.91,957.6,27.22,74.0,24.2,88.6,0.0,0,No Rain
2025-07-15,LOC009,27.72,94.43,954.91,34.68,50.9,26.29,76.8,4.18,0,Light
2025-07-16,LOC009,24.86,95.5,949.81,30.71,13.3,24.62,74.6,6.91,0,Light
2025-07-17,LOC009,26.18,80.64,954.14,26.09,116.7,22.02,87.3,0.0,0,No Rain
2025-07-18,LOC009,22.93,83.18,956.57,27.76,39.6,19.68,82.0,0.0,0,No Rain
2025-07-19,LOC009,24.47,79.46,959.12,25.59,98.9,21.63,94.8,141.58,1,Very/Extremely Heavy
2025-07-20,LOC009,28.63,90.92,956.22,24.26,73.0,27.0,98.7,7.81,0,Light
2025-07-21,LOC009,28.9,96.2,950.69,25.61,135.2,27.56,89.1,64.0,0,Moderate
2025-07-22,LOC009,27.18,84.63,959.86,23.78,75.6,22.92,88.7,3.02,0,Light
2025-07-23,LOC009,27.64,85.08,951.58,32.2,113.0,23.79,86.0,11.71,0,Light
2025-07-24,LOC009,27.55,93.17,952.23,24.63,139.8,25.84,86.6,16.0,0,Moderate
2025-07-25,LOC009,26.33,87.08,958.46,33.01,42.9,23.8,81.3,64.0,0,Moderate
2025-07-26,LOC009,28.16,78.32,953.5,41.57,0.8,24.15,88.0,5.28,0,Light
2025-07-27,LOC009,23.52,85.94,952.66,25.49,24.8,17.99,90.5,16.32,0,Moderate
2025-07-28,LOC009,26.94,86.49,959.23,25.89,2.3,23.78,71.2,12.82,0,Light
2025-07-29,LOC009,26.06,84.67,952.52,26.74,10.4,23.68,71.0,2.28,0,Light
2025-07-30,LOC009,28.16,87.81,956.66,24.44,56.6,24.55,71.6,13.0,0,Light
2025-07-31,LOC009,30.46,77.55,949.26,28.6,65.0,25.43,63.8,0.5,0,Light
2025-08-01,LOC009,27.06,88.63,957.74,25.59,355.1,23.95,93.7,4.49,0,Light
2025-08-02,LOC009,24.86,86.13,948.64,26.46,49.8,21.38,100.0,18.73,0,Moderate
2025-08-03,LOC009,20.75,91.23,956.12,25.58,63.4,19.71,100.0,6.61,0,Light
2025-08-04,LOC009,28.51,98.83,956.05,26.24,25.3,28.02,86.4,9.59,0,Light
2025-08-05,LOC009,29.95,91.61,958.74,30.84,53.1,28.28,85.9,11.82,0,Light
2025-08-06,LOC009,26.27,90.64,953.77,35.83,77.2,24.02,82.3,6.02,0,Light
2025-08-07,LOC009,28.97,79.63,955.9,28.44,22.1,24.79,91.2,3.1,0,Light
2025-08-08,LOC009,28.37,93.22,961.19,32.39,88.7,27.28,67.6,0.0,0,No Rain
2025-08-09,LOC009,30.55,79.88,954.11,30.51,30.0,26.17,76.2,0.0,0,No Rain
2025-08-10,LOC009,28.73,84.47,952.96,28.13,53.7,25.9,89.8,8.65,0,Light
2025-08-11,LOC009,24.95,85.22,956.93,24.32,351.9,21.95,77.4,6.54,0,Light
2025-08-12,LOC009,29.77,93.36,956.95,34.22,71.3,29.27,89.6,16.0,0,Moderate
2025-08-13,LOC009,29.54,95.62,954.96,29.07,74.5,28.95,81.1,97.47,1,Heavy
2025-08-14,LOC009,25.99,89.21,954.65,26.65,77.1,23.47,70.6,2.85,0,Light
2025-08-15,LOC009,29.97,81.43,950.34,25.35,93.3,25.68,88.4,3.34,0,Light
2025-08-16,LOC009,28.28,85.27,956.53,24.07,94.9,26.25,77.9,0.7,0,Light
2025-08-17,LOC009,28.95,86.42,958.24,24.52,110.4,25.96,79.6,3.31,0,Light
2025-08-18,LOC009,27.96,87.2,957.79,25.35,78.5,24.99,74.0,10.23,0,Light
2025-08-19,LOC009,26.35,84.41,959.42,31.72,52.6,22.95,87.6,0.0,0,No Rain
2025-08-20,LOC009,24.49,93.61,958.19,26.05,81.7,24.48,79.5,19.1,0,Moderate
2025-08-21,LOC009,30.25,97.32,957.14,24.96,102.8,29.38,87.5,59.95,0,Moderate
2025-08-22,LOC009,26.55,93.52,956.02,27.9,51.7,25.53,61.5,0.0,0,No Rain
2025-08-23,LOC009,31.4,86.11,951.11,24.31,81.9,28.76,72.6,6.14,0,Light
2025-08-24,LOC009,26.65,89.66,959.65,23.59,46.5,25.05,92.2,22.16,0,Moderate
2025-08-25,LOC009,30.88,96.91,954.88,26.22,5.7,29.73,91.7,64.0,0,Moderate
2025-08-26,LOC009,31.61,82.31,956.76,25.0,51.1,28.43,76.8,13.87,0,Light
2025-08-27,LOC009,27.8,80.52,954.33,25.79,42.9,22.92,70.4,0.0,0,No Rain
2025-08-28,LOC009,31.95,82.29,959.59,25.96,66.7,28.52,80.3,9.4,0,Light
2025-08-29,LOC009,29.83,83.82,951.33,28.43,92.5,27.83,80.2,0.0,0,No Rain
2025-08-30,LOC009,27.84,97.5,951.06,26.51,342.4,26.53,81.0,4.79,0,Light
2025-08-31,LOC009,30.87,76.34,951.1,36.17,59.6,26.9,87.1,3.21,0,Light
2025-09-01,LOC009,34.05,71.42,955.62,16.33,89.9,27.23,53.3,0.0,0,No Rain
2025-09-02,LOC009,30.92,77.1,962.04,17.61,103.8,27.49,56.5,21.43,0,Moderate
2025-09-03,LOC009,33.21,61.84,964.91,16.56,35.5,25.02,51.7,0.0,0,No Rain
2025-09-04,LOC009,33.17,74.16,956.93,23.16,1.7,26.9,51.9,0.0,0,No Rain
2025-09-05,LOC009,33.45,62.09,959.82,21.31,34.9,26.85,49.6,0.0,0,No Rain
2025-09-06,LOC009,31.94,67.05,959.7,20.29,34.3,24.92,54.4,2.24,0,Light
2025-09-07,LOC009,30.74,63.42,960.2,19.24,62.9,24.36,54.1,0.0,0,No Rain
2025-09-08,LOC009,32.11,48.35,963.28,22.61,97.2,20.83,55.0,0.0,0,No Rain
2025-09-09,LOC009,33.06,72.73,955.78,16.56,353.2,29.16,61.5,16.0,0,Moderate
2025-09-10,LOC009,33.76,62.43,962.57,17.63,337.2,25.8,61.6,37.0,0,Moderate
2025-09-11,LOC009,31.9,77.94,956.73,19.38,35.8,28.65,51.3,16.24,0,Moderate
2025-09-12,LOC009,33.15,68.16,954.67,19.23,24.2,26.36,35.7,16.68,0,Moderate
2025-09-13,LOC009,33.61,78.99,961.8,25.35,96.9,28.79,45.1,0.0,0,No Rain
2025-09-14,LOC009,31.76,63.35,966.8,24.01,43.4,23.96,39.4,0.0,0,No Rain
2025-09-15,LOC009,34.12,64.25,961.87,21.86,43.3,27.42,35.4,0.0,0,No Rain
2025-09-16,LOC009,33.79,70.57,963.56,16.75,22.1,28.67,65.5,0.0,0,No Rain
2025-09-17,LOC009,35.55,74.17,959.16,18.17,54.1,30.07,57.1,0.0,0,No Rain
2025-09-18,LOC009,31.81,69.4,961.79,16.84,37.8,25.33,62.6,0.0,0,No Rain
2025-09-19,LOC009,32.19,69.17,959.36,18.41,50.8,24.51,70.4,0.0,0,No Rain
2025-09-20,LOC009,33.97,68.27,957.77,22.56,46.2,25.03,45.3,0.0,0,No Rain
2025-09-21,LOC009,35.41,66.2,961.99,19.61,79.5,30.34,55.0,0.56,0,Light
2025-09-22,LOC009,34.62,66.66,953.05,17.08,83.2,27.28,45.0,0.0,0,No Rain
2025-09-23,LOC009,34.19,71.76,961.66,19.78,155.5,28.32,34.1,0.0,0,No Rain
2025-09-24,LOC009,32.55,73.3,961.78,22.04,67.9,26.97,57.2,0.0,0,No Rain
2025-09-25,LOC009,32.72,80.37,959.5,35.82,28.3,28.5,54.1,1.35,0,Light
2025-09-26,LOC009,32.72,63.63,961.32,24.04,76.7,26.58,36.4,0.0,0,No Rain
2025-09-27,LOC009,34.16,59.0,961.01,17.13,21.5,28.21,40.7,0.0,0,No Rain
2025-09-28,LOC009,33.56,65.78,960.79,19.38,30.8,26.43,44.1,0.0,0,No Rain
2025-09-29,LOC009,35.75,75.98,956.42,17.73,115.7,31.89,45.0,0.0,0,No Rain
2025-09-30,LOC009,33.09,69.51,962.04,19.52,357.4,26.58,51.6,0.0,0,No Rain
2025-10-01,LOC009,37.6,60.68,964.9,14.92,62.5,29.2,18.3,0.0,0,No Rain
2025-10-02,LOC009,33.72,59.38,966.49,14.69,88.1,24.73,9.4,0.0,0,No Rain
2025-10-03,LOC009,33.87,59.88,963.83,14.46,109.2,24.25,13.1,0.0,0,No Rain
2025-10-04,LOC009,33.06,52.62,960.25,13.17,3.0,23.24,18.3,0.0,0,No Rain
2025-10-05,LOC009,35.45,66.62,969.11,15.83,144.9,26.89,12.3,0.0,0,No Rain
2025-10-06,LOC009,37.01,54.59,968.91,11.38,352.9,26.57,27.3,0.0,0,No Rain
2025-10-07,LOC009,38.81,63.99,961.83,11.52,101.1,32.0,14.5,0.0,0,No Rain
2025-10-08,LOC009,37.15,53.18,962.9,13.59,75.6,28.16,23.1,0.0,0,No Rain
2025-10-09,LOC009,35.47,46.15,965.12,13.73,115.0,23.97,12.2,0.0,0,No Rain
2025-10-10,LOC009,30.62,56.98,967.16,12.32,70.2,21.41,10.0,0.0,0,No Rain
2025-10-11,LOC009,39.8,51.06,965.01,13.9,74.7,29.66,29.0,0.0,0,No Rain
2025-10-12,LOC009,35.73,52.08,962.22,12.03,57.5,25.22,16.7,0.0,0,No Rain
2025-10-13,LOC009,35.22,47.75,965.92,15.11,17.0,25.4,37.0,0.0,0,No Rain
2025-10-14,LOC009,35.44,56.71,964.07,12.02,80.2,25.84,11.5,0.0,0,No Rain
2025-10-15,LOC009,33.46,57.8,969.72,11.68,71.0,26.3,15.6,0.0,0,No Rain
2025-10-16,LOC009,37.8,60.24,966.53,18.14,26.3,31.21,5.9,0.0,0,No Rain
2025-10-17,LOC009,34.07,59.39,963.58,12.05,75.5,25.6,34.9,0.0,0,No Rain
2025-10-18,LOC009,34.32,62.18,966.85,13.23,44.6,28.47,6.3,0.0,0,No Rain
2025-10-19,LOC009,33.55,68.79,972.31,11.73,68.1,27.58,7.5,0.0,0,No Rain
2025-10-20,LOC009,38.52,55.19,968.02,14.31,25.9,28.6,19.5,0.0,0,No Rain
2025-10-21,LOC009,36.95,65.1,967.54,14.6,40.5,29.25,28.9,0.0,0,No Rain
2025-10-22,LOC009,39.28,60.45,964.77,14.55,34.4,32.0,2.7,0.0,0,No Rain
2025-10-23,LOC009,40.28,73.89,963.44,16.03,319.9,32.0,28.6,0.0,0,No Rain
2025-10-24,LOC009,33.22,60.02,966.47,11.46,91.2,25.07,32.0,1.36,0,Light
2025-10-25,LOC009,36.05,57.6,963.5,12.25,53.1,26.06,28.3,0.0,0,No Rain
2025-10-26,LOC009,35.91,62.59,968.62,14.91,53.8,27.5,40.3,0.0,0,No Rain
2025-10-27,LOC009,35.54,56.52,965.34,19.54,353.9,26.77,21.5,0.0,0,No Rain
2025-10-28,LOC009,35.32,60.92,959.02,12.12,62.2,27.26,24.1,0.0,0,No Rain
2025-10-29,LOC009,35.9,59.34,972.92,25.18,44.0,28.0,14.0,0.0,0,No Rain
2025-10-30,LOC009,38.28,43.05,965.98,14.83,48.8,25.74,26.5,0.0,0,No Rain
2025-10-31,LOC009,35.63,55.89,967.41,14.67,144.0,27.58,10.5,0.0,0,No Rain
2025-11-01,LOC009,34.38,56.51,967.68,10.98,107.4,26.26,5.9,0.0,0,No Rain
2025-11-02,LOC009,35.85,63.0,971.2,11.33,116.1,29.68,30.8,0.0,0,No Rain
2025-11-03,LOC009,37.39,50.75,965.23,11.43,50.3,27.78,7.0,0.0,0,No Rain
2025-11-04,LOC009,36.09,53.63,964.71,11.01,65.5,27.37,16.6,0.0,0,No Rain
2025-11-05,LOC009,36.6,60.89,967.98,10.12,71.2,28.77,9.7,0.0,0,No Rain
2025-11-06,LOC009,34.9,52.62,967.6,12.9,100.1,23.51,18.4,0.0,0,No Rain
2025-11-07,LOC009,33.16,52.64,963.85,10.28,102.9,23.8,12.6,0.0,0,No Rain
2025-11-08,LOC009,38.21,50.9,968.5,11.94,28.8,28.2,4.1,0.0,0,No Rain
2025-11-09,LOC009,36.25,50.71,961.83,14.1,62.8,26.68,20.2,0.0,0,No Rain
2025-11-10,LOC009,37.74,50.11,970.9,10.97,71.5,29.66,19.6,0.0,0,No Rain
2025-11-11,LOC009,35.36,56.52,970.58,10.98,109.6,27.94,13.6,0.0,0,No Rain
2025-11-12,LOC009,32.66,50.38,970.86,22.16,135.4,22.75,12.5,0.0,0,No Rain
2025-11-13,LOC009,36.41,54.12,972.97,11.19,84.6,26.91,9.8,0.0,0,No Rain
2025-11-14,LOC009,39.58,58.51,970.06,18.97,78.9,31.48,5.1,0.0,0,No Rain
2025-11-15,LOC009,36.58,64.86,970.29,12.67,86.3,28.41,19.9,6.72,0,Light
2025-11-16,LOC009,37.4,51.74,965.12,10.37,95.5,28.71,13.4,0.0,0,No Rain
2025-11-17,LOC009,39.14,55.52,967.87,19.86,350.3,28.67,4.8,0.0,0,No Rain
2025-11-18,LOC009,37.93,49.95,965.38,13.39,116.4,28.17,18.4,0.0,0,No Rain
2025-11-19,LOC009,36.59,52.91,963.12,12.71,54.5,27.84,28.3,0.0,0,No Rain
2025-11-20,LOC009,39.3,61.59,971.94,12.93,348.8,30.9,28.4,0.0,0,No Rain
2025-11-21,LOC009,41.33,55.37,966.1,23.9,69.3,30.8,24.7,0.0,0,No Rain
2025-11-22,LOC009,36.55,56.07,965.84,10.71,6.2,27.07,2.9,0.0,0,No Rain
2025-11-23,LOC009,34.89,54.78,962.84,11.57,102.1,24.97,21.0,0.0,0,No Rain
2025-11-24,LOC009,36.32,54.17,964.59,11.85,31.3,26.01,11.2,0.0,0,No Rain
2025-11-25,LOC009,35.49,48.47,964.95,11.82,8.2,25.79,21.3,0.0,0,No Rain
2025-11-26,LOC009,36.7,40.71,968.61,26.8,10.3,25.46,32.4,0.0,0,No Rain
2025-11-27,LOC009,36.07,54.87,969.0,14.58,329.2,27.39,24.0,0.0,0,No Rain
2025-11-28,LOC009,40.28,64.23,964.9,15.29,64.8,32.0,17.0,0.0,0,No Rain
2025-11-29,LOC009,33.42,51.61,962.31,10.94,73.9,22.86,9.8,5.03,0,Light
2025-11-30,LOC009,37.34,56.65,967.94,12.42,124.2,29.93,15.9,0.0,0,No Rain
2025-12-01,LOC009,34.51,63.43,967.01,25.1,340.8,27.79,4.4,0.0,0,No Rain
2025-12-02,LOC009,34.26,50.79,966.1,13.36,26.9,24.36,16.0,4.09,0,Light
2025-12-03,LOC009,35.03,52.24,970.78,14.22,82.1,26.16,18.7,0.0,0,No Rain
2025-12-04,LOC009,39.99,41.45,964.39,10.14,87.2,28.51,16.4,0.0,0,No Rain
2025-12-05,LOC009,38.2,57.09,967.87,16.51,100.1,29.56,22.6,0.0,0,No Rain
2025-12-06,LOC009,35.48,55.23,965.83,10.68,344.1,26.77,18.9,0.0,0,No Rain
2025-12-07,LOC009,40.46,47.18,967.08,14.69,45.7,30.15,7.5,0.0,0,No Rain
2025-12-08,LOC009,39.36,55.31,963.62,10.45,52.7,31.43,19.7,0.0,0,No Rain
2025-12-09,LOC009,34.82,57.03,964.15,12.51,59.8,28.05,24.6,0.0,0,No Rain
2025-12-10,LOC009,37.88,44.83,967.68,11.97,66.5,25.62,15.7,0.0,0,No Rain
2025-12-11,LOC009,36.01,56.08,963.79,21.06,53.8,26.73,4.8,0.0,0,No Rain
2025-12-12,LOC009,30.43,44.8,964.3,13.62,22.2,19.35,15.2,0.0,0,No Rain
2025-12-13,LOC009,34.99,59.5,967.29,10.61,85.2,27.73,18.3,0.0,0,No Rain
2025-12-14,LOC009,37.12,57.23,962.39,11.73,101.2,28.0,21.3,0.0,0,No Rain
2025-12-15,LOC009,40.8,52.64,968.75,11.4,105.6,30.56,9.9,2.59,0,Light
2025-12-16,LOC009,34.56,47.74,965.91,19.5,75.7,23.69,14.0,0.0,0,No Rain
2025-12-17,LOC009,35.86,65.8,965.33,14.61,79.5,29.43,23.9,0.0,0,No Rain
2025-12-18,LOC009,36.07,51.84,968.01,15.62,114.3,27.34,9.6,0.0,0,No Rain
2025-12-19,LOC009,33.46,57.95,964.43,15.49,12.7,25.58,1.8,0.0,0,No Rain
2025-12-20,LOC009,36.26,60.92,961.29,17.55,74.5,27.68,26.7,0.0,0,No Rain
2025-12-21,LOC009,36.56,59.6,965.36,15.49,70.3,28.31,19.5,0.0,0,No Rain
2025-12-22,LOC009,37.2,51.49,966.41,10.54,95.1,26.83,5.8,0.0,0,No Rain
2025-12-23,LOC009,33.79,53.46,966.68,10.42,10.3,25.44,21.2,0.0,0,No Rain
2025-12-24,LOC009,35.89,54.4,964.68,10.63,129.2,26.04,20.1,0.0,0,No Rain
2025-12-25,LOC009,35.32,54.93,968.43,17.57,107.3,26.39,0.1,0.0,0,No Rain
2025-12-26,LOC009,33.29,59.84,964.15,14.04,57.3,25.81,26.3,0.0,0,No Rain
2025-12-27,LOC009,31.24,38.81,966.72,15.03,61.8,17.54,12.3,0.0,0,No Rain
2025-12-28,LOC009,32.57,61.78,961.89,10.06,47.2,25.63,6.4,0.0,0,No Rain
2025-12-29,LOC009,36.46,49.6,967.72,15.67,9.8,26.48,18.5,0.0,0,No Rain
2025-12-30,LOC009,34.39,67.27,961.21,10.36,25.0,28.49,21.2,0.0,0,No Rain
2025-12-31,LOC009,36.49,48.4,965.32,11.3,68.2,27.11,23.5,0.0,0,No Rain
2024-01-01,LOC010,35.14,58.42,1009.95,11.83,134.3,26.04,18.9,0.0,0,No Rain
2024-01-02,LOC010,34.82,57.48,1006.53,11.86,55.7,25.76,31.4,0.0,0,No Rain
2024-01-03,LOC010,38.19,55.31,1009.75,29.86,29.7,28.55,1.6,0.0,0,No Rain
2024-01-04,LOC010,35.67,52.58,1008.37,10.69,102.1,25.48,16.2,0.0,0,No Rain
2024-01-05,LOC010,32.93,51.92,1006.04,12.47,96.5,23.64,26.5,0.0,0,No Rain
2024-01-06,LOC010,36.77,64.03,1003.82,12.69,42.7,29.91,26.4,0.0,0,No Rain
2024-01-07,LOC010,37.0,55.07,1009.65,12.8,36.0,27.47,13.5,0.0,0,No Rain
2024-01-08,LOC010,35.85,53.81,1009.64,13.29,82.5,25.38,0.0,0.0,0,No Rain
2024-01-09,LOC010,34.17,53.94,1008.04,17.84,49.7,24.34,0.0,0.0,0,No Rain
2024-01-10,LOC010,32.44,53.56,1010.92,11.92,24.5,24.4,17.3,0.0,0,No Rain
2024-01-11,LOC010,34.97,49.04,1002.07,15.89,45.5,24.14,15.9,0.0,0,No Rain
2024-01-12,LOC010,34.64,58.59,1008.77,11.03,94.0,26.88,0.8,0.0,0,No Rain
2024-01-13,LOC010,37.69,54.8,1005.23,19.49,108.1,29.07,5.9,0.0,0,No Rain
2024-01-14,LOC010,34.98,61.62,1004.79,13.19,50.5,26.59,0.7,0.0,0,No Rain
2024-01-15,LOC010,30.33,53.79,1007.04,21.5,95.6,21.31,14.8,0.0,0,No Rain
2024-01-16,LOC010,36.69,54.51,1009.31,16.5,115.5,27.39,11.6,3.34,0,Light
2024-01-17,LOC010,34.86,58.17,1007.51,16.14,80.0,26.32,0.5,0.0,0,No Rain
2024-01-18,LOC010,32.21,61.73,1007.54,14.3,88.0,24.85,0.0,0.0,0,No Rain
2024-01-19,LOC010,33.08,50.28,1009.29,11.22,92.9,22.47,39.8,2.64,0,Light
2024-01-20,LOC010,37.56,56.12,1006.91,14.53,24.2,29.16,31.8,0.0,0,No Rain
2024-01-21,LOC010,34.3,58.85,1010.96,10.61,80.6,26.19,6.9,0.0,0,No Rain
2024-01-22,LOC010,36.64,56.01,1010.73,12.22,42.4,28.32,27.0,0.0,0,No Rain
2024-01-23,LOC010,33.91,52.24,1012.11,13.46,40.3,24.14,14.5,0.0,0,No Rain
2024-01-24,LOC010,33.41,63.42,1010.11,13.86,56.7,26.1,5.8,0.0,0,No Rain
2024-01-25,LOC010,33.56,51.92,1007.43,11.08,109.1,24.7,20.1,0.0,0,No Rain
2024-01-26,LOC010,34.12,58.6,1012.16,21.71,70.0,24.85,4.4,0.0,0,No Rain
2024-01-27,LOC010,36.34,59.46,1009.64,13.8,131.3,27.85,7.1,0.0,0,No Rain
2024-01-28,LOC010,33.96,52.41,1009.19,16.26,106.0,24.86,0.0,0.0,0,No Rain
2024-01-29,LOC010,37.15,52.37,1011.43,30.14,86.4,27.37,10.7,0.0,0,No Rain
2024-01-30,LOC010,31.55,58.08,1008.65,13.45,351.8,24.96,16.3,0.0,0,No Rain
2024-01-31,LOC010,37.38,48.07,1008.6,13.9,72.4,27.5,8.1,0.0,0,No Rain
2024-02-01,LOC010,34.08,57.98,1006.08,10.79,56.8,26.73,8.4,0.0,0,No Rain
2024-02-02,LOC010,29.08,42.19,1011.88,11.71,54.3,17.73,10.2,0.0,0,No Rain
2024-02-03,LOC010,27.15,69.05,1008.87,15.07,359.4,20.81,20.6,0.0,0,No Rain
2024-02-04,LOC010,34.51,46.23,1008.22,10.41,101.4,23.48,1.8,0.0,0,No Rain
2024-02-05,LOC010,37.19,54.68,1006.35,14.4,31.1,24.8,3.2,0.0,0,No Rain
2024-02-06,LOC010,31.82,64.39,1005.52,11.58,66.6,24.68,12.3,0.0,0,No Rain
2024-02-07,LOC010,31.85,54.58,1008.85,10.88,116.0,23.58,20.8,0.0,0,No Rain
2024-02-08,LOC010,33.65,58.79,1007.72,10.61,42.8,25.56,26.3,0.0,0,No Rain
2024-02-09,LOC010,32.11,53.94,1005.96,14.32,28.6,24.09,24.6,0.0,0,No Rain
2024-02-10,LOC010,31.56,56.22,1008.13,10.79,111.8,22.22,9.2,0.0,0,No Rain
2024-02-11,LOC010,31.8,51.46,1006.29,12.89,68.2,22.31,30.4,0.0,0,No Rain
2024-02-12,LOC010,31.41,51.62,1009.24,10.32,36.5,21.39,8.7,0.0,0,No Rain
2024-02-13,LOC010,33.87,59.69,1010.78,10.32,68.9,26.4,6.6,0.0,0,No Rain
2024-02-14,LOC010,35.36,50.11,1008.1,14.25,76.0,26.59,33.5,0.0,0,No Rain
2024-02-15,LOC010,35.11,59.28,1005.25,12.73,350.9,27.21,14.6,0.0,0,No Rain
2024-02-16,LOC010,33.86,59.48,1008.19,10.92,71.0,26.03,26.1,2.15,0,Light
2024-02-17,LOC010,31.4,52.8,1008.67,13.05,122.5,22.28,22.2,0.0,0,No Rain
2024-02-18,LOC010,34.72,61.26,1007.83,15.35,9.5,26.86,18.2,0.0,0,No Rain
2024-02-19,LOC010,30.5,64.49,1009.03,12.85,102.4,22.83,21.7,0.0,0,No Rain
2024-02-20,LOC010,31.55,49.98,1009.95,17.56,111.9,21.21,28.3,0.0,0,No Rain
2024-02-21,LOC010,36.93,58.64,1010.35,11.55,62.9,29.62,1.6,0.0,0,No Rain
2024-02-22,LOC010,33.37,49.37,1005.73,10.33,44.7,23.66,12.0,0.0,0,No Rain
2024-02-23,LOC010,29.97,47.34,1005.26,10.09,71.3,19.43,9.8,0.0,0,No Rain
2024-02-24,LOC010,35.61,53.74,1007.16,17.57,44.4,26.38,12.5,0.95,0,Light
2024-02-25,LOC010,33.08,53.83,1011.44,16.93,20.2,23.89,33.8,0.0,0,No Rain
2024-02-26,LOC010,30.99,50.71,1010.0,11.76,72.9,20.54,16.7,0.0,0,No Rain
2024-02-27,LOC010,32.25,70.57,1008.18,16.34,103.1,27.2,9.7,0.0,0,No Rain
2024-02-28,LOC010,35.08,61.81,1010.41,19.63,94.7,27.64,7.9,3.32,0,Light
2024-02-29,LOC010,32.31,60.05,1009.16,17.76,78.3,24.97,9.4,0.0,0,No Rain
2024-03-01,LOC010,30.4,53.19,1004.31,14.63,137.5,20.94,20.9,0.0,0,No Rain
2024-03-02,LOC010,32.61,55.74,1010.32,13.43,125.4,23.67,29.3,0.0,0,No Rain
2024-03-03,LOC010,29.97,52.04,1007.26,10.74,56.6,20.05,6.9,0.0,0,No Rain
2024-03-04,LOC010,29.27,59.79,1009.7,13.17,59.9,20.33,3.7,0.0,0,No Rain
2024-03-05,LOC010,29.47,55.48,1009.35,13.51,52.6,21.09,19.2,0.0,0,No Rain
2024-03-06,LOC010,28.97,48.53,1009.37,24.35,32.2,19.73,28.7,0.0,0,No Rain
2024-03-07,LOC010,25.73,52.27,1006.72,27.02,65.9,17.01,0.0,0.0,0,No Rain
2024-03-08,LOC010,29.57,61.68,1010.74,14.85,87.6,22.34,24.6,0.0,0,No Rain
2024-03-09,LOC010,28.27,55.92,1013.43,12.41,88.3,19.36,2.6,0.0,0,No Rain
2024-03-10,LOC010,30.1,50.02,1008.88,15.2,90.0,20.32,21.7,0.0,0,No Rain
2024-03-11,LOC010,30.26,63.97,1004.06,11.71,117.4,21.92,30.6,0.0,0,No Rain
2024-03-12,LOC010,24.91,55.77,1006.98,11.08,37.0,15.09,16.1,0.0,0,No Rain
2024-03-13,LOC010,28.44,63.62,1007.14,10.31,69.2,20.3,12.2,0.0,0,No Rain
2024-03-14,LOC010,28.79,60.19,1010.9,10.25,4.3,20.7,21.8,0.0,0,No Rain
2024-03-15,LOC010,27.73,50.48,1006.16,10.76,64.9,17.12,36.9,0.0,0,No Rain
2024-03-16,LOC010,30.99,48.35,1004.46,13.97,86.4,22.56,4.8,0.0,0,No Rain
2024-03-17,LOC010,25.83,64.13,1009.86,19.7,63.7,18.3,18.0,0.0,0,No Rain
2024-03-18,LOC010,30.09,51.88,1007.83,10.54,67.0,20.45,12.6,0.0,0,No Rain
2024-03-19,LOC010,30.7,59.97,1005.17,10.98,29.4,21.79,23.1,5.78,0,Light
2024-03-20,LOC010,29.18,54.27,1004.2,10.5,71.9,19.76,23.6,0.0,0,No Rain
2024-03-21,LOC010,27.57,52.37,1006.57,15.52,8.8,18.99,14.6,0.0,0,No Rain
2024-03-22,LOC010,29.14,59.17,1006.69,24.35,90.0,20.66,25.9,0.0,0,No Rain
2024-03-23,LOC010,32.97,54.34,1007.79,10.42,25.6,25.57,0.0,0.0,0,No Rain
2024-03-24,LOC010,24.51,55.55,1005.28,12.86,79.9,15.77,0.0,41.45,0,Moderate
2024-03-25,LOC010,30.2,62.31,1010.98,10.57,91.9,22.32,38.7,0.0,0,No Rain
2024-03-26,LOC010,30.29,50.19,1006.54,26.59,109.3,19.3,8.5,0.0,0,No Rain
2024-03-27,LOC010,30.27,59.45,1006.11,10.57,96.6,22.55,4.0,0.0,0,No Rain
2024-03-28,LOC010,28.54,58.27,1012.48,10.74,76.4,19.94,16.9,0.0,0,No Rain
2024-03-29,LOC010,25.72,53.84,1007.62,10.75,65.3,18.29,21.1,0.0,0,No Rain
2024-03-30,LOC010,28.29,54.28,1006.94,27.05,31.2,20.81,23.0,2.52,0,Light
2024-03-31,LOC010,32.67,51.21,1008.87,10.19,72.2,22.96,9.6,0.0,0,No Rain
2024-04-01,LOC010,28.97,70.91,1009.07,10.14,142.2,22.83,20.2,0.0,0,No Rain
2024-04-02,LOC010,27.87,68.29,1001.14,12.75,56.7,20.18,21.5,0.0,0,No Rain
2024-04-03,LOC010,27.73,59.33,1004.25,16.75,47.4,19.1,16.8,0.0,0,No Rain
2024-04-04,LOC010,30.29,56.35,1004.74,12.31,150.5,21.64,2.2,0.0,0,No Rain
2024-04-05,LOC010,28.38,56.26,1011.23,13.17,71.1,18.23,0.0,5.07,0,Light
2024-04-06,LOC010,27.21,55.2,1009.61,10.47,92.0,18.86,3.3,0.0,0,No Rain
2024-04-07,LOC010,26.93,45.89,1004.83,14.77,96.7,16.75,5.9,0.0,0,No Rain
2024-04-08,LOC010,28.43,61.66,1009.18,10.46,84.4,20.39,24.4,0.0,0,No Rain
2024-04-09,LOC010,31.05,58.99,1001.34,10.98,79.7,23.66,37.3,0.0,0,No Rain
2024-04-10,LOC010,31.35,53.04,1003.45,14.52,54.3,21.39,37.4,0.0,0,No Rain
2024-04-11,LOC010,27.0,49.16,1008.97,17.51,71.5,18.27,0.0,0.0,0,No Rain
2024-04-12,LOC010,26.79,65.11,1008.57,12.74,36.6,19.48,16.6,0.0,0,No Rain
2024-04-13,LOC010,27.51,55.86,1011.63,17.84,61.0,18.65,15.8,0.0,0,No Rain
2024-04-14,LOC010,28.04,43.19,1007.45,10.9,117.0,17.92,30.7,0.0,0,No Rain
2024-04-15,LOC010,26.01,56.9,1007.69,15.9,98.2,17.63,11.4,2.03,0,Light
2024-04-16,LOC010,29.61,45.94,1007.82,14.16,59.1,18.35,21.0,0.0,0,No Rain
2024-04-17,LOC010,30.01,54.06,1010.15,12.16,25.6,20.27,19.4,0.0,0,No Rain
2024-04-18,LOC010,31.06,60.36,1008.84,24.57,85.3,23.28,11.3,0.0,0,No Rain
2024-04-19,LOC010,28.04,68.75,1008.31,19.18,93.5,22.15,19.0,0.0,0,No Rain
2024-04-20,LOC010,26.04,55.46,1013.54,14.45,73.1,18.08,28.7,0.0,0,No Rain
2024-04-21,LOC010,28.87,58.69,1008.31,11.06,37.7,20.95,22.6,0.0,0,No Rain
2024-04-22,LOC010,29.26,46.82,1009.88,13.31,36.1,18.14,6.1,0.0,0,No Rain
2024-04-23,LOC010,25.53,51.77,1008.11,11.06,61.7,15.55,1.3,0.0,0,No Rain
2024-04-24,LOC010,26.05,52.49,1004.06,19.13,345.1,14.91,26.8,0.0,0,No Rain
2024-04-25,LOC010,29.56,53.98,1004.74,19.95,38.9,20.0,7.8,0.0,0,No Rain
2024-04-26,LOC010,23.4,63.83,1009.64,31.74,106.5,16.85,10.9,0.0,0,No Rain
2024-04-27,LOC010,30.09,55.49,1009.18,10.25,92.4,21.7,34.2,0.0,0,No Rain
2024-04-28,LOC010,26.89,50.59,1008.25,10.95,34.9,16.81,8.4,0.0,0,No Rain
2024-04-29,LOC010,27.13,48.98,1009.47,11.83,55.8,16.94,17.9,0.0,0,No Rain
2024-04-30,LOC010,25.92,53.82,1009.68,10.41,65.0,17.17,33.7,0.0,0,No Rain
2024-05-01,LOC010,26.75,56.84,1006.03,14.29,36.1,17.91,19.8,0.0,0,No Rain
2024-05-02,LOC010,27.76,57.75,1006.63,15.12,99.5,18.11,23.1,0.0,0,No Rain
2024-05-03,LOC010,26.59,54.83,1004.91,12.16,60.2,17.29,15.5,0.0,0,No Rain
2024-05-04,LOC010,28.79,65.51,1002.49,12.88,40.7,22.61,22.9,0.0,0,No Rain
2024-05-05,LOC010,23.34,49.27,1005.16,14.69,58.3,12.16,43.2,0.0,0,No Rain
2024-05-06,LOC010,27.13,61.65,1005.71,12.09,35.7,18.57,7.5,0.0,0,No Rain
2024-05-07,LOC010,29.53,52.9,1006.25,11.9,76.9,19.39,15.3,0.0,0,No Rain
2024-05-08,LOC010,24.67,60.46,1005.47,14.85,36.9,15.78,34.2,0.0,0,No Rain
2024-05-09,LOC010,24.24,61.31,1006.49,15.2,42.5,16.59,27.9,0.0,0,No Rain
2024-05-10,LOC010,26.85,62.77,1010.11,14.14,107.7,20.14,42.1,0.0,0,No Rain
2024-05-11,LOC010,23.69,58.05,1004.58,18.86,48.1,15.44,8.0,0.0,0,No Rain
2024-05-12,LOC010,24.74,60.5,1007.47,11.99,347.6,18.23,29.2,0.0,0,No Rain
2024-05-13,LOC010,28.73,57.41,1008.4,15.58,64.5,19.78,20.0,0.0,0,No Rain
2024-05-14,LOC010,27.72,54.84,1008.17,14.5,40.8,17.24,25.4,0.0,0,No Rain
2024-05-15,LOC010,27.54,61.4,1009.32,14.57,44.1,19.58,26.0,0.0,0,No Rain
2024-05-16,LOC010,26.37,61.49,1004.01,17.8,338.3,19.38,10.9,0.0,0,No Rain
2024-05-17,LOC010,29.5,60.71,1007.46,13.54,66.6,22.57,18.9,16.0,0,Moderate
2024-05-18,LOC010,26.83,57.34,1004.98,12.83,41.0,19.16,14.7,0.0,0,No Rain
2024-05-19,LOC010,25.02,60.48,1004.78,21.29,75.3,17.35,17.1,0.0,0,No Rain
2024-05-20,LOC010,26.0,48.61,1002.58,13.26,16.3,15.22,21.3,0.0,0,No Rain
2024-05-21,LOC010,25.47,60.85,1011.51,16.35,29.0,16.78,9.4,0.0,0,No Rain
2024-05-22,LOC010,25.86,55.51,1004.98,11.38,110.1,15.73,27.9,7.19,0,Light
2024-05-23,LOC010,27.29,60.24,1006.29,12.46,59.9,18.85,11.1,0.0,0,No Rain
2024-05-24,LOC010,28.58,58.72,1005.54,17.3,111.6,21.36,0.0,0.0,0,No Rain
2024-05-25,LOC010,25.17,53.24,1007.12,16.48,76.9,13.49,25.4,1.04,0,Light
2024-05-26,LOC010,28.75,50.62,1010.9,14.76,48.4,18.26,14.1,0.0,0,No Rain
2024-05-27,LOC010,25.84,66.46,1003.13,14.36,92.5,18.59,39.6,0.0,0,No Rain
2024-05-28,LOC010,23.06,45.29,1006.62,11.8,14.3,12.33,0.0,0.0,0,No Rain
2024-05-29,LOC010,24.02,54.57,1005.07,15.86,48.6,14.75,19.6,0.0,0,No Rain
2024-05-30,LOC010,27.99,52.07,1004.27,13.45,125.0,18.4,12.0,0.0,0,No Rain
2024-05-31,LOC010,24.71,57.21,1003.66,12.11,86.2,16.9,16.0,0.0,0,No Rain
2024-06-01,LOC010,22.68,69.92,1001.56,17.03,73.6,16.08,50.0,3.82,0,Light
2024-06-02,LOC010,25.21,69.96,1000.66,21.44,129.2,19.07,36.7,0.0,0,No Rain
2024-06-03,LOC010,26.86,65.16,1001.61,32.78,108.6,19.7,31.1,0.0,0,No Rain
2024-06-04,LOC010,26.06,70.49,1001.84,23.23,10.4,20.77,67.8,0.0,0,No Rain
2024-06-05,LOC010,26.88,68.47,1000.01,18.33,38.5,20.09,44.2,0.0,0,No Rain
2024-06-06,LOC010,28.94,67.74,1004.02,17.57,90.3,24.03,66.0,0.0,0,No Rain
2024-06-07,LOC010,25.15,67.1,1001.19,16.61,70.7,18.01,36.6,0.0,0,No Rain
2024-06-08,LOC010,21.42,74.85,1002.71,19.49,52.9,15.23,29.6,24.01,0,Moderate
2024-06-09,LOC010,27.57,77.02,1006.22,23.41,67.8,22.31,49.0,1.34,0,Light
2024-06-10,LOC010,28.52,68.38,998.73,19.96,83.7,22.3,44.7,122.34,1,Very/Extremely Heavy
2024-06-11,LOC010,24.29,68.26,1004.26,20.53,54.3,16.91,45.9,0.0,0,No Rain
2024-06-12,LOC010,25.54,65.37,1000.6,19.92,110.1,18.81,46.8,0.0,0,No Rain
2024-06-13,LOC010,24.12,73.63,1003.81,18.33,48.6,20.39,33.6,0.0,0,No Rain
2024-06-14,LOC010,27.53,70.91,1004.81,17.07,82.7,21.84,57.2,0.0,0,No Rain
2024-06-15,LOC010,26.65,73.53,1007.69,21.48,93.0,21.18,49.7,0.0,0,No Rain
2024-06-16,LOC010,27.49,76.34,997.3,22.44,73.1,22.42,68.6,0.0,0,No Rain
2024-06-17,LOC010,24.68,60.97,999.87,16.64,62.2,15.85,48.0,0.0,0,No Rain
2024-06-18,LOC010,23.64,74.44,998.28,17.81,69.1,19.33,60.9,0.0,0,No Rain
2024-06-19,LOC010,26.05,75.3,999.5,24.36,82.5,21.39,48.7,0.0,0,No Rain
2024-06-20,LOC010,25.76,72.36,1001.55,17.29,53.2,21.53,48.5,37.24,0,Moderate
2024-06-21,LOC010,27.82,71.07,1001.05,19.06,104.5,23.56,45.9,0.0,0,No Rain
2024-06-22,LOC010,24.05,64.65,1003.74,18.54,36.5,17.55,51.2,0.0,0,No Rain
2024-06-23,LOC010,26.74,78.19,1001.41,17.22,101.9,22.72,34.4,7.11,0,Light
2024-06-24,LOC010,28.26,66.38,1002.97,17.67,69.4,20.46,31.9,0.0,0,No Rain
2024-06-25,LOC010,26.88,70.21,1000.52,19.29,84.6,20.38,35.6,0.0,0,No Rain
2024-06-26,LOC010,28.27,70.58,1004.9,20.97,51.7,22.13,35.7,0.0,0,No Rain
2024-06-27,LOC010,24.79,71.92,1005.46,16.34,123.6,18.24,41.4,0.0,0,No Rain
2024-06-28,LOC010,28.69,63.01,999.2,18.79,94.6,24.05,45.8,0.0,0,No Rain
2024-06-29,LOC010,22.68,76.35,1005.82,23.45,84.8,17.9,42.4,0.0,0,No Rain
2024-06-30,LOC010,27.09,68.34,1002.67,17.98,74.4,19.77,41.9,0.0,0,No Rain
2024-07-01,LOC010,25.12,89.15,996.08,24.55,80.4,23.82,83.0,50.53,0,Moderate
2024-07-02,LOC010,23.26,90.53,988.08,24.26,9.0,22.34,66.5,5.43,0,Light
2024-07-03,LOC010,24.61,80.48,997.97,27.51,81.0,21.77,98.6,5.04,0,Light
2024-07-04,LOC010,26.22,82.62,996.04,30.08,39.0,21.81,80.0,3.75,0,Light
2024-07-05,LOC010,28.44,91.56,996.55,25.63,79.6,26.99,96.7,1.29,0,Light
2024-07-06,LOC010,23.18,89.29,997.94,23.8,50.6,22.4,80.1,3.98,0,Light
2024-07-07,LOC010,24.18,97.41,997.11,25.96,49.6,22.84,82.3,1.53,0,Light
2024-07-08,LOC010,26.84,79.68,998.22,32.47,121.0,23.91,97.6,7.78,0,Light
2024-07-09,LOC010,23.91,89.14,997.13,23.84,91.6,22.19,86.9,0.0,0,No Rain
2024-07-10,LOC010,24.08,89.78,993.3,29.53,354.1,23.51,97.0,25.82,0,Moderate
2024-07-11,LOC010,24.49,85.11,994.54,25.8,58.5,21.75,80.5,16.0,0,Moderate
2024-07-12,LOC010,23.34,82.45,999.39,23.76,67.5,18.35,74.1,93.06,1,Heavy
2024-07-13,LOC010,26.26,81.83,1000.69,26.96,95.7,22.06,82.4,4.69,0,Light
2024-07-14,LOC010,26.73,82.17,998.36,30.67,33.5,23.69,70.1,108.73,1,Heavy
2024-07-15,LOC010,26.61,93.87,1004.73,24.2,46.8,25.52,76.4,53.82,0,Moderate
2024-07-16,LOC010,25.19,89.63,995.17,29.55,145.1,23.59,100.0,16.0,0,Moderate
2024-07-17,LOC010,26.12,89.94,995.72,24.76,105.7,23.91,90.5,33.43,0,Moderate
2024-07-18,LOC010,27.26,84.11,986.65,29.88,106.0,24.38,88.7,0.0,0,No Rain
2024-07-19,LOC010,29.32,93.29,1002.48,26.87,53.4,28.16,84.1,16.0,0,Moderate
2024-07-20,LOC010,26.58,91.0,999.36,26.63,90.2,26.4,87.3,110.69,1,Heavy
2024-07-21,LOC010,26.36,72.51,994.34,24.67,54.3,20.43,72.3,16.0,0,Moderate
2024-07-22,LOC010,28.47,96.66,998.99,25.28,40.1,27.59,89.7,4.42,0,Light
2024-07-23,LOC010,22.05,83.28,999.06,23.57,347.9,18.36,62.1,25.65,0,Moderate
2024-07-24,LOC010,28.75,90.81,1000.77,25.15,94.7,27.56,96.9,131.83,1,Very/Extremely Heavy
2024-07-25,LOC010,24.1,76.64,997.22,24.19,93.9,19.73,68.2,0.0,0,No Rain
2024-07-26,LOC010,26.51,91.7,992.92,28.64,325.6,23.88,82.7,41.55,0,Moderate
2024-07-27,LOC010,28.58,88.31,998.53,24.53,86.6,27.02,96.9,15.5,0,Light
2024-07-28,LOC010,28.81,91.72,998.36,23.7,0.0,26.44,87.1,16.0,0,Moderate
2024-07-29,LOC010,29.24,99.0,993.83,27.09,17.5,28.34,81.3,1.7,0,Light
2024-07-30,LOC010,30.07,87.02,995.5,27.12,102.3,28.56,81.5,1.78,0,Light
2024-07-31,LOC010,25.12,91.73,997.7,32.01,31.1,23.99,70.9,0.82,0,Light
2024-08-01,LOC010,25.16,82.08,989.65,27.5,84.6,21.11,81.2,41.27,0,Moderate
2024-08-02,LOC010,27.51,86.51,996.51,24.96,58.3,24.07,89.4,0.0,0,No Rain
2024-08-03,LOC010,21.76,80.17,1000.91,29.83,102.8,17.15,79.1,1.17,0,Light
2024-08-04,LOC010,27.26,80.08,995.59,25.89,46.3,24.04,90.1,6.25,0,Light
2024-08-05,LOC010,27.38,79.17,1000.27,30.74,84.9,22.64,87.8,0.0,0,No Rain
2024-08-06,LOC010,29.72,83.81,1003.54,23.71,27.3,26.5,92.1,0.5,0,Light
2024-08-07,LOC010,30.96,72.81,997.02,25.24,16.3,25.24,78.5,6.72,0,Light
2024-08-08,LOC010,25.62,81.62,994.78,29.0,51.3,23.52,87.3,65.0,1,Heavy
2024-08-09,LOC010,26.91,88.54,990.97,24.21,111.1,23.94,76.5,6.86,0,Light
2024-08-10,LOC010,28.32,87.37,993.59,27.39,130.3,25.7,80.1,7.58,0,Light
2024-08-11,LOC010,27.82,79.44,997.32,25.32,111.3,23.02,72.1,0.76,0,Light
2024-08-12,LOC010,30.05,88.89,997.57,33.07,53.1,28.3,82.6,60.91,0,Moderate
2024-08-13,LOC010,26.29,92.72,995.63,32.51,114.5,23.18,69.3,16.0,0,Moderate
2024-08-14,LOC010,29.78,77.65,994.2,28.7,2.4,26.22,77.2,0.0,0,No Rain
2024-08-15,LOC010,28.83,75.54,990.97,25.14,21.3,24.27,72.0,0.0,0,No Rain
2024-08-16,LOC010,29.33,84.47,994.75,30.12,113.5,26.8,74.9,65.0,1,Heavy
2024-08-17,LOC010,27.5,85.57,992.3,25.34,70.7,23.39,77.4,28.29,0,Moderate
2024-08-18,LOC010,27.82,87.85,993.97,23.88,83.4,24.87,89.2,0.5,0,Light
2024-08-19,LOC010,29.0,87.16,996.99,23.8,143.7,26.89,90.1,5.71,0,Light
2024-08-20,LOC010,29.48,91.66,1002.31,32.94,30.6,27.41,86.8,64.0,0,Moderate
2024-08-21,LOC010,26.39,83.92,997.11,32.35,60.0,23.91,72.1,4.59,0,Light
2024-08-22,LOC010,32.38,88.11,999.8,23.59,51.0,31.01,88.3,4.19,0,Light
2024-08-23,LOC010,30.43,80.34,998.41,28.59,124.8,27.38,89.0,11.0,0,Light
2024-08-24,LOC010,29.57,98.65,1000.12,27.31,23.2,29.2,81.7,17.92,0,Moderate
2024-08-25,LOC010,30.77,96.98,991.79,26.0,64.0,29.64,70.1,0.0,0,No Rain
2024-08-26,LOC010,28.63,81.26,999.56,36.77,77.2,26.42,73.8,0.0,0,No Rain
2024-08-27,LOC010,27.07,82.34,996.35,24.58,9.3,24.4,69.4,0.0,0,No Rain
2024-08-28,LOC010,29.11,82.95,997.71,26.66,64.3,25.61,79.1,2.04,0,Light
2024-08-29,LOC010,31.06,76.99,998.87,23.93,128.2,26.8,93.1,24.83,0,Moderate
2024-08-30,LOC010,30.62,73.39,998.06,26.72,22.2,23.61,83.8,0.0,0,No Rain
2024-08-31,LOC010,29.79,80.66,995.59,31.3,111.0,26.74,90.3,0.0,0,No Rain
2024-09-01,LOC010,30.89,75.05,1003.26,20.69,103.9,26.24,41.1,0.0,0,No Rain
2024-09-02,LOC010,32.5,72.94,999.04,28.33,43.3,27.43,57.3,0.0,0,No Rain
2024-09-03,LOC010,31.27,64.53,1001.34,18.64,81.0,25.37,58.7,0.0,0,No Rain
2024-09-04,LOC010,30.15,69.77,998.61,17.88,62.3,24.68,28.6,47.76,0,Moderate
2024-09-05,LOC010,32.87,72.67,1000.02,22.61,325.7,27.49,73.8,0.0,0,No Rain
2024-09-06,LOC010,34.4,72.03,1002.08,21.55,110.0,28.02,48.2,0.0,0,No Rain
2024-09-07,LOC010,35.01,75.36,1005.89,23.68,32.9,29.55,49.8,0.0,0,No Rain
2024-09-08,LOC010,33.54,76.2,998.21,17.64,56.3,29.62,43.7,3.04,0,Light
2024-09-09,LOC010,34.69,68.86,1004.67,16.34,162.1,27.97,42.1,0.0,0,No Rain
2024-09-10,LOC010,31.15,67.79,1002.56,23.93,90.1,25.28,38.9,2.14,0,Light
2024-09-11,LOC010,31.98,58.53,1003.65,21.33,61.1,24.41,15.1,0.0,0,No Rain
2024-09-12,LOC010,32.54,72.17,999.87,25.97,80.2,26.22,63.7,16.0,0,Moderate
2024-09-13,LOC010,31.27,68.4,1007.21,19.07,117.1,24.79,40.5,0.0,0,No Rain
2024-09-14,LOC010,31.47,79.33,1005.57,16.29,22.1,27.7,38.1,0.0,0,No Rain
2024-09-15,LOC010,31.5,74.42,997.98,16.54,54.0,25.92,44.0,0.0,0,No Rain
2024-09-16,LOC010,33.27,65.57,1001.81,20.2,17.8,27.81,53.2,0.0,0,No Rain
2024-09-17,LOC010,32.25,61.24,999.01,19.36,85.9,24.66,58.4,0.0,0,No Rain
2024-09-18,LOC010,35.04,70.98,1001.75,18.63,61.6,28.99,51.2,8.8,0,Light
2024-09-19,LOC010,33.89,58.41,1000.15,16.45,84.6,25.51,42.4,0.0,0,No Rain
2024-09-20,LOC010,35.47,74.17,995.97,17.88,317.8,30.74,38.9,0.0,0,No Rain
2024-09-21,LOC010,34.83,59.37,1003.39,19.05,12.9,25.62,56.4,0.0,0,No Rain
2024-09-22,LOC010,37.2,74.82,997.52,27.11,7.4,31.88,44.0,0.0,0,No Rain
2024-09-23,LOC010,32.75,68.12,1002.45,22.01,42.1,27.45,46.0,0.0,0,No Rain
2024-09-24,LOC010,33.86,77.27,1009.48,19.89,5.4,30.46,51.5,0.0,0,No Rain
2024-09-25,LOC010,30.64,70.02,1004.25,18.75,46.3,25.01,35.1,0.0,0,No Rain
2024-09-26,LOC010,31.56,66.62,1005.09,17.34,37.2,25.09,64.6,0.0,0,No Rain
2024-09-27,LOC010,34.82,77.01,1003.66,23.56,0.3,29.13,46.3,0.0,0,No Rain
2024-09-28,LOC010,33.78,68.53,1005.69,22.68,118.4,26.43,48.2,1.13,0,Light
2024-09-29,LOC010,32.6,66.54,1004.36,33.59,110.1,27.66,70.3,1.04,0,Light
2024-09-30,LOC010,33.47,64.87,1011.59,19.85,76.7,27.76,55.1,2.59,0,Light
2024-10-01,LOC010,35.17,71.12,1008.55,13.21,313.9,28.87,21.9,0.0,0,No Rain
2024-10-02,LOC010,36.13,58.95,1004.24,11.76,135.3,27.24,11.9,0.0,0,No Rain
2024-10-03,LOC010,38.37,66.53,1006.65,29.21,57.4,30.43,29.2,0.0,0,No Rain
2024-10-04,LOC010,37.4,61.9,1006.62,14.27,35.1,30.02,28.7,0.0,0,No Rain
2024-10-05,LOC010,36.68,52.58,1005.66,14.12,83.6,26.66,12.0,0.0,0,No Rain
2024-10-06,LOC010,37.67,63.39,1006.8,13.69,130.7,31.23,18.4,0.0,0,No Rain
2024-10-07,LOC010,34.5,48.09,1007.88,14.7,32.9,22.86,25.1,0.0,0,No Rain
2024-10-08,LOC010,34.67,64.79,1004.76,16.29,112.4,28.03,21.7,0.0,0,No Rain
2024-10-09,LOC010,34.31,58.96,1004.34,34.58,130.2,25.52,27.0,0.0,0,No Rain
2024-10-10,LOC010,38.42,47.61,1008.95,11.68,23.0,26.4,24.4,0.0,0,No Rain
2024-10-11,LOC010,33.63,50.17,1006.02,15.99,27.9,22.91,43.7,0.0,0,No Rain
2024-10-12,LOC010,36.43,58.78,1004.88,11.43,33.6,28.37,9.5,0.0,0,No Rain
2024-10-13,LOC010,35.9,64.76,1006.32,14.85,15.6,29.87,42.1,0.0,0,No Rain
2024-10-14,LOC010,29.53,64.92,1009.66,14.51,2.3,23.75,22.9,0.0,0,No Rain
2024-10-15,LOC010,37.83,67.5,1007.77,22.84,2.1,32.0,18.1,0.0,0,No Rain
2024-10-16,LOC010,35.22,52.78,1004.66,11.89,65.7,26.5,37.0,0.0,0,No Rain
2024-10-17,LOC010,42.18,65.47,1003.76,14.67,84.9,32.0,34.9,0.0,0,No Rain
2024-10-18,LOC010,34.58,63.0,1009.82,14.4,47.3,27.69,12.2,0.0,0,No Rain
2024-10-19,LOC010,34.71,56.4,1008.38,16.44,19.3,24.83,32.9,0.0,0,No Rain
2024-10-20,LOC010,38.06,65.51,1004.88,24.16,8.8,31.63,16.1,0.0,0,No Rain
2024-10-21,LOC010,35.49,50.89,1004.01,12.4,33.1,27.03,28.9,0.0,0,No Rain
2024-10-22,LOC010,36.34,58.65,1006.12,14.82,59.3,28.19,34.4,0.0,0,No Rain
2024-10-23,LOC010,36.11,59.2,998.96,11.86,77.9,28.53,26.7,0.0,0,No Rain
2024-10-24,LOC010,37.18,66.72,1007.51,19.66,78.9,30.88,18.9,0.0,0,No Rain
2024-10-25,LOC010,36.06,67.44,1002.99,14.98,40.1,29.68,16.4,0.0,0,No Rain
2024-10-26,LOC010,37.09,61.7,1008.58,12.13,15.3,29.47,17.7,0.0,0,No Rain
2024-10-27,LOC010,37.04,63.06,1005.38,23.93,104.5,30.0,17.9,0.0,0,No Rain
2024-10-28,LOC010,36.63,55.51,1010.68,11.87,73.5,27.5,31.9,0.0,0,No Rain
2024-10-29,LOC010,32.75,56.73,1007.95,13.74,72.7,25.21,20.0,0.0,0,No Rain
2024-10-30,LOC010,41.9,46.95,1010.31,13.58,104.4,31.66,18.9,0.0,0,No Rain
2024-10-31,LOC010,36.5,56.9,1007.07,11.32,149.6,27.13,30.7,0.0,0,No Rain
2024-11-01,LOC010,35.75,71.2,1009.99,11.26,344.1,30.07,8.6,0.0,0,No Rain
2024-11-02,LOC010,36.18,64.94,1005.57,15.84,70.4,30.23,13.5,0.0,0,No Rain
2024-11-03,LOC010,34.49,52.7,1004.99,11.03,28.5,25.27,8.4,0.0,0,No Rain
2024-11-04,LOC010,40.09,58.1,1005.75,13.66,45.7,32.0,23.3,0.0,0,No Rain
2024-11-05,LOC010,39.04,55.57,1008.7,11.2,34.4,30.0,4.5,0.0,0,No Rain
2024-11-06,LOC010,37.99,59.31,1011.0,13.32,344.5,29.78,26.8,0.0,0,No Rain
2024-11-07,LOC010,37.65,53.44,1008.66,18.45,116.4,28.94,5.5,0.0,0,No Rain
2024-11-08,LOC010,37.6,64.03,1006.39,11.36,34.8,30.11,19.2,0.0,0,No Rain
2024-11-09,LOC010,37.19,56.58,1012.44,13.45,43.8,28.61,8.2,0.0,0,No Rain
2024-11-10,LOC010,36.29,50.5,1010.0,10.71,116.1,26.17,11.2,0.0,0,No Rain
2024-11-11,LOC010,38.84,56.87,1009.67,11.23,131.6,30.36,20.2,0.0,0,No Rain
2024-11-12,LOC010,38.43,53.59,1007.64,10.44,36.0,29.26,12.7,0.0,0,No Rain
2024-11-13,LOC010,38.92,66.8,1006.27,12.3,53.3,31.78,20.3,0.0,0,No Rain
2024-11-14,LOC010,39.82,56.97,1015.36,14.55,34.8,32.0,22.1,0.0,0,No Rain
2024-11-15,LOC010,37.68,59.15,1009.95,17.99,95.1,28.67,20.6,0.5,0,Light
2024-11-16,LOC010,38.91,49.66,1005.49,10.12,51.0,28.52,39.5,0.0,0,No Rain
2024-11-17,LOC010,37.29,50.72,1007.51,11.6,32.3,27.19,20.6,0.0,0,No Rain
2024-11-18,LOC010,41.32,53.57,1006.01,19.52,132.0,31.67,13.0,0.0,0,No Rain
2024-11-19,LOC010,39.59,62.77,1003.2,22.03,8.5,31.58,13.6,0.0,0,No Rain
2024-11-20,LOC010,35.0,60.74,1013.51,11.23,69.6,27.59,24.0,0.0,0,No Rain
2024-11-21,LOC010,37.61,57.22,1005.35,12.63,101.3,30.62,2.0,0.0,0,No Rain
2024-11-22,LOC010,37.39,52.06,1009.05,10.83,140.3,28.91,31.2,0.0,0,No Rain
2024-11-23,LOC010,37.59,58.74,1005.05,11.04,23.5,29.91,25.6,0.0,0,No Rain
2024-11-24,LOC010,37.07,54.87,1006.95,20.2,47.4,27.77,6.5,0.0,0,No Rain
2024-11-25,LOC010,35.7,40.22,1004.54,11.95,351.0,22.1,12.3,0.0,0,No Rain
2024-11-26,LOC010,36.73,56.44,1012.23,12.67,56.1,28.26,35.7,0.0,0,No Rain
2024-11-27,LOC010,36.78,57.34,1007.14,10.47,124.1,29.14,10.3,0.0,0,No Rain
2024-11-28,LOC010,35.36,51.13,1008.72,14.12,13.3,26.8,25.0,0.0,0,No Rain
2024-11-29,LOC010,37.36,52.24,1006.5,18.01,351.5,26.31,40.1,0.0,0,No Rain
2024-11-30,LOC010,35.75,61.21,1004.23,10.41,353.4,28.68,30.3,42.37,0,Moderate
2024-12-01,LOC010,35.6,49.71,1008.77,12.81,61.4,25.19,10.0,0.0,0,No Rain
2024-12-02,LOC010,35.8,50.82,1006.28,11.08,51.3,25.23,12.1,0.0,0,No Rain
2024-12-03,LOC010,36.76,54.98,1009.43,11.52,5.0,27.44,15.6,0.0,0,No Rain
2024-12-04,LOC010,40.13,55.09,1009.26,10.44,131.5,30.67,27.0,0.0,0,No Rain
2024-12-05,LOC010,36.0,59.08,1006.42,12.67,79.5,27.49,0.0,0.0,0,No Rain
2024-12-06,LOC010,35.35,52.55,1009.31,12.35,79.9,26.61,22.1,0.0,0,No Rain
2024-12-07,LOC010,38.76,55.74,1007.61,14.84,31.8,30.74,30.2,0.0,0,No Rain
2024-12-08,LOC010,32.09,60.03,1006.12,17.13,16.9,25.0,18.3,0.0,0,No Rain
2024-12-09,LOC010,32.62,62.26,1006.2,11.66,92.0,25.97,20.4,0.0,0,No Rain
2024-12-10,LOC010,35.66,54.16,1011.52,17.59,88.0,26.61,0.6,0.0,0,No Rain
2024-12-11,LOC010,33.57,41.62,1006.84,15.0,49.9,22.21,42.2,0.0,0,No Rain
2024-12-12,LOC010,36.4,54.57,1009.98,11.4,65.2,26.71,11.0,0.0,0,No Rain
2024-12-13,LOC010,38.85,49.66,1010.26,11.22,99.1,28.9,20.5,0.0,0,No Rain
2024-12-14,LOC010,35.48,47.8,1009.83,14.37,354.4,26.31,14.7,0.0,0,No Rain
2024-12-15,LOC010,35.36,61.62,1003.46,12.87,62.3,27.53,23.8,0.0,0,No Rain
2024-12-16,LOC010,34.79,63.86,1006.98,10.81,29.0,26.38,0.0,0.0,0,No Rain
2024-12-17,LOC010,33.37,47.78,1007.74,15.15,74.3,23.24,18.3,27.61,0,Moderate
2024-12-18,LOC010,35.2,61.82,1010.63,13.83,74.1,28.78,5.8,0.0,0,No Rain
2024-12-19,LOC010,32.16,57.14,1004.53,10.43,20.1,23.7,0.0,0.0,0,No Rain
2024-12-20,LOC010,35.04,55.49,1008.51,16.52,7.3,26.36,11.4,0.0,0,No Rain
2024-12-21,LOC010,36.49,54.57,1004.31,10.33,141.9,26.8,0.8,0.0,0,No Rain
2024-12-22,LOC010,36.87,49.07,1010.65,12.89,15.8,26.82,16.7,0.0,0,No Rain
2024-12-23,LOC010,35.8,50.93,1008.14,10.37,58.1,24.95,12.1,0.0,0,No Rain
2024-12-24,LOC010,37.45,57.34,1008.62,16.7,120.0,28.86,6.5,0.0,0,No Rain
2024-12-25,LOC010,35.03,57.44,1007.88,26.85,91.1,28.3,3.4,0.0,0,No Rain
2024-12-26,LOC010,34.58,52.58,1011.2,10.19,61.7,24.03,16.9,0.0,0,No Rain
2024-12-27,LOC010,34.29,60.27,1011.72,13.67,41.1,26.47,23.2,0.0,0,No Rain
2024-12-28,LOC010,35.1,56.5,1006.96,10.81,63.9,26.46,6.8,0.0,0,No Rain
2024-12-29,LOC010,35.51,46.98,1006.02,10.73,37.3,25.44,9.1,0.0,0,No Rain
2024-12-30,LOC010,34.9,56.2,1006.61,11.4,72.8,24.72,8.3,0.0,0,No Rain
2024-12-31,LOC010,35.34,48.59,1004.31,16.48,52.2,23.98,0.0,0.0,0,No Rain
2025-01-01,LOC010,37.18,45.58,1007.68,18.6,122.7,26.17,21.0,0.0,0,No Rain
2025-01-02,LOC010,32.08,55.24,1005.79,12.76,334.4,22.55,9.7,0.0,0,No Rain
2025-01-03,LOC010,36.59,59.64,1007.78,19.19,27.7,29.34,8.9,0.0,0,No Rain
2025-01-04,LOC010,35.38,56.09,1007.2,17.89,48.2,27.99,1.7,0.0,0,No Rain
2025-01-05,LOC010,36.59,54.52,1009.68,10.54,66.8,27.53,10.0,0.0,0,No Rain
2025-01-06,LOC010,34.88,61.47,1015.1,14.58,125.6,27.49,13.5,0.0,0,No Rain
2025-01-07,LOC010,38.45,50.35,1006.57,10.45,48.0,28.22,0.0,0.0,0,No Rain
2025-01-08,LOC010,37.48,41.47,1005.8,10.49,64.9,26.04,22.3,0.0,0,No Rain
2025-01-09,LOC010,32.16,51.99,1009.66,11.96,19.4,23.59,12.5,0.0,0,No Rain
2025-01-10,LOC010,36.4,52.27,1007.85,11.71,317.3,25.97,16.6,0.0,0,No Rain
2025-01-11,LOC010,30.79,60.99,1006.05,14.33,63.4,23.02,11.1,0.0,0,No Rain
2025-01-12,LOC010,36.6,49.65,1006.82,10.35,14.7,26.52,14.9,0.0,0,No Rain
2025-01-13,LOC010,34.1,59.28,1009.2,24.01,29.5,26.47,19.4,0.0,0,No Rain
2025-01-14,LOC010,36.9,49.48,1008.71,34.75,53.1,25.32,21.2,0.0,0,No Rain
2025-01-15,LOC010,34.57,55.09,1008.29,13.71,40.1,24.71,17.9,0.0,0,No Rain
2025-01-16,LOC010,39.53,63.94,1009.75,13.69,61.6,32.0,14.1,0.0,0,No Rain
2025-01-17,LOC010,34.07,46.97,1006.32,13.46,352.7,21.74,22.0,0.0,0,No Rain
2025-01-18,LOC010,33.21,47.51,1007.93,10.09,84.0,23.13,11.6,0.0,0,No Rain
2025-01-19,LOC010,36.31,64.29,1008.57,17.97,78.6,29.51,1.8,0.0,0,No Rain
2025-01-20,LOC010,34.5,55.65,1012.5,11.0,106.6,25.83,21.9,0.0,0,No Rain
2025-01-21,LOC010,32.17,43.79,1008.22,19.45,101.8,21.14,16.9,0.0,0,No Rain
2025-01-22,LOC010,33.77,56.79,1005.3,17.95,74.8,25.63,1.8,0.0,0,No Rain
2025-01-23,LOC010,29.54,56.3,1010.95,11.36,92.6,20.44,0.0,0.0,0,No Rain
2025-01-24,LOC010,33.63,62.09,1010.75,15.69,16.0,24.91,28.9,0.0,0,No Rain
2025-01-25,LOC010,37.28,61.49,1010.14,16.65,44.2,29.53,38.3,0.0,0,No Rain
2025-01-26,LOC010,34.62,56.17,1010.59,22.19,62.3,26.13,0.0,0.0,0,No Rain
2025-01-27,LOC010,31.87,55.68,1007.13,13.27,27.2,23.58,11.3,0.0,0,No Rain
2025-01-28,LOC010,36.86,47.63,1010.07,14.4,111.8,25.89,13.9,0.0,0,No Rain
2025-01-29,LOC010,33.53,50.27,1005.47,11.27,30.4,24.31,41.0,22.1,0,Moderate
2025-01-30,LOC010,31.39,45.27,1009.98,13.96,51.9,20.25,21.8,0.0,0,No Rain
2025-01-31,LOC010,33.71,46.52,1010.24,13.72,91.9,21.25,5.0,0.0,0,No Rain
2025-02-01,LOC010,34.78,58.36,1002.63,17.78,42.4,25.6,0.6,0.0,0,No Rain
2025-02-02,LOC010,33.22,55.18,1009.61,11.26,115.0,24.73,33.7,0.0,0,No Rain
2025-02-03,LOC010,30.9,52.73,1005.61,11.05,340.7,22.88,27.4,0.0,0,No Rain
2025-02-04,LOC010,35.6,54.76,1011.11,11.28,66.0,26.38,8.7,10.44,0,Light
2025-02-05,LOC010,30.23,56.97,1009.51,11.88,21.8,21.38,5.4,0.0,0,No Rain
2025-02-06,LOC010,30.51,53.86,1004.15,18.4,60.1,20.28,20.2,0.0,0,No Rain
2025-02-07,LOC010,35.63,49.92,1007.67,17.42,36.0,25.51,27.6,0.0,0,No Rain
2025-02-08,LOC010,35.08,64.22,1003.28,12.86,35.8,27.77,14.7,0.0,0,No Rain
2025-02-09,LOC010,31.93,56.05,1009.32,12.09,20.0,22.72,16.7,0.0,0,No Rain
2025-02-10,LOC010,31.56,57.62,1009.69,26.25,63.8,23.47,11.7,0.0,0,No Rain
2025-02-11,LOC010,32.12,63.6,1006.38,12.6,99.0,24.27,6.3,0.0,0,No Rain
2025-02-12,LOC010,32.51,53.28,1008.19,10.37,56.9,24.22,3.1,0.0,0,No Rain
2025-02-13,LOC010,30.84,56.23,1006.13,17.82,56.1,21.07,27.7,0.0,0,No Rain
2025-02-14,LOC010,34.2,64.24,1009.68,10.68,34.1,26.68,14.9,0.0,0,No Rain
2025-02-15,LOC010,31.87,52.73,1010.88,18.1,85.6,23.2,38.0,0.0,0,No Rain
2025-02-16,LOC010,33.71,69.95,1012.36,10.99,29.2,27.16,32.2,0.0,0,No Rain
2025-02-17,LOC010,33.46,61.4,1011.64,11.04,67.2,26.54,19.4,0.0,0,No Rain
2025-02-18,LOC010,32.4,49.9,1003.1,17.34,54.4,22.2,29.3,0.0,0,No Rain
2025-02-19,LOC010,33.58,58.17,1006.64,10.18,20.6,27.31,18.0,0.0,0,No Rain
2025-02-20,LOC010,29.58,57.72,1010.93,12.21,124.5,21.18,37.4,0.0,0,No Rain
2025-02-21,LOC010,34.59,63.41,1007.85,19.24,83.9,28.04,15.9,0.0,0,No Rain
2025-02-22,LOC010,33.51,54.54,1007.83,11.44,33.6,24.59,15.2,9.02,0,Light
2025-02-23,LOC010,32.76,48.63,1007.68,25.89,110.8,24.46,0.0,43.53,0,Moderate
2025-02-24,LOC010,28.74,57.31,1007.15,13.86,66.3,19.46,15.2,0.0,0,No Rain
2025-02-25,LOC010,29.49,51.63,1013.58,10.74,112.0,19.67,19.7,0.0,0,No Rain
2025-02-26,LOC010,30.9,54.03,1010.64,12.05,86.2,21.88,14.6,0.0,0,No Rain
2025-02-27,LOC010,29.13,51.47,1004.8,18.33,103.1,19.32,10.6,0.0,0,No Rain
2025-02-28,LOC010,33.76,58.54,1010.07,15.54,48.6,24.43,9.7,0.0,0,No Rain
2025-03-01,LOC010,31.88,59.64,1008.16,15.74,62.3,22.82,12.0,0.0,0,No Rain
2025-03-02,LOC010,32.52,50.81,1006.75,11.25,33.2,21.56,8.0,0.0,0,No Rain
2025-03-03,LOC010,32.84,53.27,1009.3,18.31,349.3,22.76,1.9,0.0,0,No Rain
2025-03-04,LOC010,32.81,52.81,1012.25,10.51,138.1,22.36,7.9,0.0,0,No Rain
2025-03-05,LOC010,30.73,49.63,1006.36,13.6,45.2,19.95,8.5,0.0,0,No Rain
2025-03-06,LOC010,30.98,64.89,1014.23,10.22,72.6,25.65,2.9,0.0,0,No Rain
2025-03-07,LOC010,26.5,50.97,1001.12,11.12,44.3,17.2,13.1,0.0,0,No Rain
2025-03-08,LOC010,30.21,55.52,1005.92,18.9,61.1,21.77,23.5,29.24,0,Moderate
2025-03-09,LOC010,31.72,48.99,1008.34,10.34,65.2,22.37,28.9,0.0,0,No Rain
2025-03-10,LOC010,24.21,49.33,1007.85,11.2,59.6,14.61,17.4,0.0,0,No Rain
2025-03-11,LOC010,32.4,46.91,1005.53,12.01,62.3,21.93,11.4,0.0,0,No Rain
2025-03-12,LOC010,32.39,55.89,1006.9,10.51,34.8,24.58,22.4,0.0,0,No Rain
2025-03-13,LOC010,28.55,53.84,1008.25,11.22,22.2,19.49,23.8,0.0,0,No Rain
2025-03-14,LOC010,30.22,53.78,1010.76,10.24,3.3,21.09,29.0,0.0,0,No Rain
2025-03-15,LOC010,34.04,53.14,1008.81,10.93,114.3,25.81,8.5,0.0,0,No Rain
2025-03-16,LOC010,28.97,43.04,1008.46,18.81,47.0,18.03,8.6,0.0,0,No Rain
2025-03-17,LOC010,31.11,57.12,1006.67,10.51,11.5,22.9,12.7,0.0,0,No Rain
2025-03-18,LOC010,26.94,54.96,1010.92,18.62,128.9,19.74,6.6,0.0,0,No Rain
2025-03-19,LOC010,28.52,46.62,1005.5,13.07,5.9,19.52,15.0,0.0,0,No Rain
2025-03-20,LOC010,28.89,56.4,1005.26,12.93,118.8,21.43,12.1,19.72,0,Moderate
2025-03-21,LOC010,30.86,60.85,1004.77,10.45,73.6,23.87,10.2,0.0,0,No Rain
2025-03-22,LOC010,30.17,56.65,1010.4,11.05,45.3,22.24,17.0,0.0,0,No Rain
2025-03-23,LOC010,32.39,44.05,1006.13,11.96,109.2,21.22,14.3,0.0,0,No Rain
2025-03-24,LOC010,24.51,56.26,1004.53,13.66,106.8,15.59,20.4,64.0,0,Moderate
2025-03-25,LOC010,26.96,55.33,1005.81,24.02,119.2,18.49,19.1,2.97,0,Light
2025-03-26,LOC010,27.73,53.3,1004.33,15.02,123.6,19.08,12.3,0.0,0,No Rain
2025-03-27,LOC010,29.53,54.4,1011.42,20.79,48.8,20.48,18.3,0.0,0,No Rain
2025-03-28,LOC010,28.23,51.21,1006.91,18.58,50.5,18.36,23.6,0.0,0,No Rain
2025-03-29,LOC010,27.39,59.37,1008.52,10.71,9.4,19.68,34.8,0.0,0,No Rain
2025-03-30,LOC010,28.43,50.97,1003.83,17.66,33.3,18.53,2.8,0.0,0,No Rain
2025-03-31,LOC010,29.7,51.84,1007.41,13.17,67.7,19.12,0.0,0.0,0,No Rain
2025-04-01,LOC010,27.39,48.9,1009.36,16.82,63.4,15.94,30.4,0.0,0,No Rain
2025-04-02,LOC010,29.7,57.54,1006.26,10.27,28.6,20.93,14.4,0.0,0,No Rain
2025-04-03,LOC010,30.47,58.54,1010.12,21.28,102.8,21.1,38.5,0.0,0,No Rain
2025-04-04,LOC010,30.46,53.89,1005.15,13.34,56.3,21.63,5.2,0.0,0,No Rain
2025-04-05,LOC010,29.0,64.47,1008.52,13.14,24.9,22.85,17.3,0.0,0,No Rain
2025-04-06,LOC010,28.83,58.26,1012.18,10.17,117.5,20.25,23.8,0.0,0,No Rain
2025-04-07,LOC010,31.99,56.08,1008.2,11.58,74.4,21.4,17.4,0.0,0,No Rain
2025-04-08,LOC010,26.6,50.43,1010.17,19.11,32.4,16.68,16.5,3.16,0,Light
2025-04-09,LOC010,26.04,54.39,1008.5,16.65,350.0,17.55,21.2,5.11,0,Light
2025-04-10,LOC010,28.26,57.77,1006.72,10.44,51.6,19.74,21.7,0.0,0,No Rain
2025-04-11,LOC010,28.05,45.48,1009.25,27.53,99.4,17.87,6.6,0.0,0,No Rain
2025-04-12,LOC010,28.83,51.44,1012.63,20.33,36.0,18.3,23.6,0.0,0,No Rain
2025-04-13,LOC010,27.43,45.12,1009.93,11.72,348.4,15.82,14.2,13.02,0,Light
2025-04-14,LOC010,29.9,46.23,1006.77,10.35,41.0,18.5,30.2,0.0,0,No Rain
2025-04-15,LOC010,27.76,54.91,1009.31,12.52,83.6,18.76,6.7,0.0,0,No Rain
2025-04-16,LOC010,28.69,50.92,1005.25,14.7,354.2,19.04,6.9,0.0,0,No Rain
2025-04-17,LOC010,31.25,55.39,1007.93,11.4,126.0,22.37,24.3,0.0,0,No Rain
2025-04-18,LOC010,28.87,51.58,1006.26,10.72,55.2,19.67,20.3,0.0,0,No Rain
2025-04-19,LOC010,29.55,58.13,1006.33,13.22,22.7,21.92,15.6,0.0,0,No Rain
2025-04-20,LOC010,26.02,51.56,1006.1,12.86,52.8,16.49,0.2,0.0,0,No Rain
2025-04-21,LOC010,30.29,63.05,1008.98,19.84,21.8,23.19,15.3,0.0,0,No Rain
2025-04-22,LOC010,25.6,50.49,1004.97,11.06,169.1,16.91,13.8,0.0,0,No Rain
2025-04-23,LOC010,29.04,51.99,1005.71,15.66,127.2,20.13,12.3,0.0,0,No Rain
2025-04-24,LOC010,32.04,52.11,1009.3,11.47,28.5,23.46,1.8,0.0,0,No Rain
2025-04-25,LOC010,29.29,58.69,1006.66,11.19,107.0,20.79,5.6,0.0,0,No Rain
2025-04-26,LOC010,30.3,48.43,1006.3,14.95,21.5,18.83,20.9,0.0,0,No Rain
2025-04-27,LOC010,28.39,66.65,1009.29,13.17,69.9,21.92,10.9,0.0,0,No Rain
2025-04-28,LOC010,28.73,56.62,1007.24,10.69,88.6,19.77,0.9,0.0,0,No Rain
2025-04-29,LOC010,24.45,55.98,1008.34,15.32,62.3,14.88,22.0,0.0,0,No Rain
2025-04-30,LOC010,26.36,56.19,1009.77,14.85,121.4,17.7,10.2,24.13,0,Moderate
2025-05-01,LOC010,25.83,56.05,1006.0,14.72,89.3,17.27,22.4,0.0,0,No Rain
2025-05-02,LOC010,26.67,55.79,1005.83,12.78,76.7,17.68,30.3,0.0,0,No Rain
2025-05-03,LOC010,26.48,63.82,1005.93,14.26,150.0,18.42,11.9,0.0,0,No Rain
2025-05-04,LOC010,27.41,44.03,1003.13,19.88,61.0,15.12,26.8,12.13,0,Light
2025-05-05,LOC010,27.73,56.07,1009.65,19.15,57.3,18.5,24.2,0.0,0,No Rain
2025-05-06,LOC010,23.91,61.06,1012.07,14.61,117.0,15.11,15.9,0.0,0,No Rain
2025-05-07,LOC010,23.26,57.64,1007.57,14.3,3.4,15.02,11.2,0.0,0,No Rain
2025-05-08,LOC010,28.4,59.75,1010.27,23.15,14.4,19.32,20.6,0.0,0,No Rain
2025-05-09,LOC010,21.98,46.75,1008.97,15.33,32.1,11.6,44.8,0.0,0,No Rain
2025-05-10,LOC010,29.57,67.43,1010.99,15.38,86.8,24.07,9.5,16.0,0,Moderate
2025-05-11,LOC010,27.32,61.38,1006.39,11.43,53.6,20.4,30.0,0.0,0,No Rain
2025-05-12,LOC010,27.31,57.29,1010.56,24.5,70.1,19.47,14.9,0.0,0,No Rain
2025-05-13,LOC010,24.26,60.57,1005.7,12.07,42.7,15.5,31.3,0.0,0,No Rain
2025-05-14,LOC010,29.48,64.72,1009.82,13.46,47.6,22.42,9.4,0.0,0,No Rain
2025-05-15,LOC010,27.55,59.95,1008.71,20.12,9.9,19.28,14.7,0.0,0,No Rain
2025-05-16,LOC010,29.08,55.2,1007.64,25.07,21.6,20.73,8.2,0.0,0,No Rain
2025-05-17,LOC010,27.33,66.02,1006.4,27.06,27.2,19.46,23.0,0.0,0,No Rain
2025-05-18,LOC010,25.63,46.45,1003.27,15.63,92.5,14.83,20.9,0.0,0,No Rain
2025-05-19,LOC010,23.78,62.01,1006.23,16.08,21.8,16.89,28.3,28.72,0,Moderate
2025-05-20,LOC010,27.34,56.63,1009.89,14.31,22.7,17.88,26.7,0.0,0,No Rain
2025-05-21,LOC010,26.61,57.28,1004.66,18.35,21.0,17.47,31.8,0.0,0,No Rain
2025-05-22,LOC010,23.79,63.74,1009.14,17.62,100.1,17.74,38.9,0.0,0,No Rain
2025-05-23,LOC010,26.31,50.95,1006.34,19.81,98.5,16.8,19.6,18.68,0,Moderate
2025-05-24,LOC010,26.27,61.17,1006.64,13.57,35.7,18.65,38.6,2.94,0,Light
2025-05-25,LOC010,28.6,55.55,1011.27,12.65,50.5,19.81,24.0,0.0,0,No Rain
2025-05-26,LOC010,29.06,50.85,1005.31,11.66,39.2,18.58,9.7,0.0,0,No Rain
2025-05-27,LOC010,25.6,64.87,1006.19,11.75,15.6,19.79,24.5,0.0,0,No Rain
2025-05-28,LOC010,27.36,72.87,1005.55,12.39,87.4,21.59,15.2,0.0,0,No Rain
2025-05-29,LOC010,24.23,72.02,1011.64,17.92,95.3,18.21,9.8,0.0,0,No Rain
2025-05-30,LOC010,27.05,56.28,1008.95,15.96,52.9,19.2,17.8,0.0,0,No Rain
2025-05-31,LOC010,29.59,63.4,1007.4,17.12,95.8,22.66,12.7,2.69,0,Light
2025-06-01,LOC010,30.23,73.06,1000.06,16.27,100.1,23.91,41.5,0.0,0,No Rain
2025-06-02,LOC010,26.43,73.91,1003.31,18.55,343.0,20.0,38.9,2.25,0,Light
2025-06-03,LOC010,27.55,69.0,1003.41,26.73,76.4,22.46,46.3,0.0,0,No Rain
2025-06-04,LOC010,22.21,82.39,999.08,17.5,153.7,19.85,32.1,0.0,0,No Rain
2025-06-05,LOC010,22.92,70.39,1004.62,21.65,89.5,18.59,42.7,0.0,0,No Rain
2025-06-06,LOC010,25.92,67.72,1001.71,21.38,41.6,19.61,41.0,0.0,0,No Rain
2025-06-07,LOC010,24.08,68.0,1004.27,17.96,135.2,18.59,21.4,0.0,0,No Rain
2025-06-08,LOC010,26.64,66.27,1002.84,22.22,61.8,20.73,32.7,0.0,0,No Rain
2025-06-09,LOC010,24.72,76.78,998.97,17.32,32.7,20.85,41.2,0.57,0,Light
2025-06-10,LOC010,28.62,64.9,1003.43,33.78,340.6,21.55,46.2,0.0,0,No Rain
2025-06-11,LOC010,28.35,72.64,999.74,17.32,47.9,21.74,34.8,0.5,0,Light
2025-06-12,LOC010,25.68,69.69,1005.69,26.37,116.6,18.87,44.9,0.0,0,No Rain
2025-06-13,LOC010,24.79,70.18,1002.92,17.76,52.3,18.02,45.7,0.0,0,No Rain
2025-06-14,LOC010,27.47,72.5,999.88,22.02,100.5,22.0,40.6,117.23,1,Very/Extremely Heavy
2025-06-15,LOC010,25.92,65.29,999.99,19.29,59.7,19.05,48.7,0.0,0,No Rain
2025-06-16,LOC010,25.89,69.69,1004.86,19.63,56.0,19.84,37.3,64.0,0,Moderate
2025-06-17,LOC010,25.18,75.52,1001.26,17.71,49.7,20.08,43.5,11.33,0,Light
2025-06-18,LOC010,24.54,65.97,1004.8,16.51,86.4,18.4,58.7,0.0,0,No Rain
2025-06-19,LOC010,27.03,79.24,1003.39,16.18,22.2,22.53,41.5,0.0,0,No Rain
2025-06-20,LOC010,24.43,78.82,1001.05,19.43,21.9,20.84,41.6,0.0,0,No Rain
2025-06-21,LOC010,26.45,71.74,994.65,16.22,181.4,21.95,58.8,0.0,0,No Rain
2025-06-22,LOC010,23.81,74.23,1000.52,18.64,61.9,19.16,49.8,0.0,0,No Rain
2025-06-23,LOC010,27.07,65.16,1005.62,20.86,138.3,19.74,29.1,0.62,0,Light
2025-06-24,LOC010,24.9,78.97,998.69,23.28,123.4,21.55,18.8,0.0,0,No Rain
2025-06-25,LOC010,28.31,66.12,995.55,19.49,107.6,21.53,38.0,0.0,0,No Rain
2025-06-26,LOC010,28.83,75.73,1002.53,17.29,0.5,24.72,43.9,0.0,0,No Rain
2025-06-27,LOC010,26.41,64.58,1002.56,21.23,85.9,19.8,45.5,0.0,0,No Rain
2025-06-28,LOC010,27.22,63.3,1003.83,19.37,12.1,19.31,64.9,0.0,0,No Rain
2025-06-29,LOC010,27.1,60.16,1007.47,18.85,106.2,20.42,46.0,0.0,0,No Rain
2025-06-30,LOC010,27.2,68.36,995.25,28.95,50.3,19.8,54.4,0.0,0,No Rain
2025-07-01,LOC010,23.73,98.67,991.22,28.52,79.4,22.83,87.3,65.0,1,Heavy
2025-07-02,LOC010,25.54,86.59,997.0,36.45,65.3,22.91,95.8,16.31,0,Moderate
2025-07-03,LOC010,27.13,97.37,998.87,30.22,55.1,27.36,68.8,16.93,0,Moderate
2025-07-04,LOC010,26.53,94.26,996.88,24.86,32.1,25.25,86.1,10.28,0,Light
2025-07-05,LOC010,24.11,88.05,998.98,24.07,50.7,23.75,95.9,0.0,0,No Rain
2025-07-06,LOC010,27.14,89.9,1001.0,26.86,97.1,24.04,73.8,3.99,0,Light
2025-07-07,LOC010,26.93,88.83,999.96,24.64,68.9,25.51,92.1,12.33,0,Light
2025-07-08,LOC010,23.77,88.35,992.09,36.44,84.5,22.05,93.2,0.99,0,Light
2025-07-09,LOC010,24.54,93.75,996.08,35.26,17.0,22.93,100.0,3.7,0,Light
2025-07-10,LOC010,22.49,86.77,989.83,23.83,13.7,19.82,71.0,65.0,1,Heavy
2025-07-11,LOC010,26.42,70.42,995.09,24.66,79.2,19.67,95.8,139.21,1,Very/Extremely Heavy
2025-07-12,LOC010,25.02,78.54,997.32,33.4,5.4,20.85,65.3,43.5,0,Moderate
2025-07-13,LOC010,21.68,91.94,997.43,28.56,95.9,19.16,83.8,0.51,0,Light
2025-07-14,LOC010,26.01,73.86,996.19,26.09,359.1,20.53,89.5,2.31,0,Light
2025-07-15,LOC010,29.06,82.5,996.33,24.52,79.0,26.34,77.9,22.98,0,Moderate
2025-07-16,LOC010,25.2,88.71,998.49,29.77,60.6,24.35,97.4,3.84,0,Light
2025-07-17,LOC010,22.84,89.99,996.04,25.9,88.9,20.4,76.1,3.99,0,Light
2025-07-18,LOC010,24.55,80.33,995.74,26.63,76.4,20.89,80.7,6.23,0,Light
2025-07-19,LOC010,25.1,91.12,991.65,34.94,82.3,24.29,70.1,39.2,0,Moderate
2025-07-20,LOC010,22.04,86.88,999.85,31.26,158.8,18.31,99.4,0.54,0,Light
2025-07-21,LOC010,27.39,88.68,997.91,25.55,65.4,23.68,100.0,15.5,0,Light
2025-07-22,LOC010,26.19,79.95,999.69,35.86,54.2,21.86,62.6,0.0,0,No Rain
2025-07-23,LOC010,28.14,97.13,997.17,30.78,55.9,28.45,86.7,45.32,0,Moderate
2025-07-24,LOC010,26.5,76.24,998.03,26.89,359.8,21.51,73.3,0.5,0,Light
2025-07-25,LOC010,25.92,82.18,1001.39,25.68,296.9,22.63,82.3,0.0,0,No Rain
2025-07-26,LOC010,24.97,93.74,994.87,26.55,123.9,24.13,76.2,0.83,0,Light
2025-07-27,LOC010,26.54,94.39,994.08,27.93,11.4,23.92,100.0,11.77,0,Light
2025-07-28,LOC010,26.52,94.97,995.39,28.98,82.8,26.26,96.5,0.89,0,Light
2025-07-29,LOC010,26.1,82.11,1002.46,29.83,103.2,21.19,83.2,0.0,0,No Rain
2025-07-30,LOC010,26.81,99.0,996.78,26.6,105.4,26.9,84.5,115.25,1,Heavy
2025-07-31,LOC010,26.09,97.95,997.11,25.66,69.4,25.76,68.1,0.5,0,Light
2025-08-01,LOC010,27.52,87.11,997.6,28.56,33.6,24.29,79.6,0.0,0,No Rain
2025-08-02,LOC010,25.2,77.55,995.1,31.72,89.0,20.23,72.3,65.0,1,Heavy
2025-08-03,LOC010,28.2,91.37,998.38,24.01,25.4,25.82,81.1,64.0,0,Moderate
2025-08-04,LOC010,24.35,88.95,995.53,31.53,74.0,22.78,87.6,0.5,0,Light
2025-08-05,LOC010,29.04,89.09,997.87,26.24,126.8,26.41,89.6,0.86,0,Light
2025-08-06,LOC010,26.3,89.68,996.56,24.77,115.8,24.06,82.2,64.0,0,Moderate
2025-08-07,LOC010,28.55,96.29,994.32,29.29,94.3,29.8,77.3,9.08,0,Light
2025-08-08,LOC010,28.52,90.73,988.38,27.89,83.8,26.47,90.0,0.5,0,Light
2025-08-09,LOC010,24.92,88.77,996.75,26.39,51.7,22.22,96.0,2.47,0,Light
2025-08-10,LOC010,26.89,83.17,997.98,35.81,60.6,22.45,77.5,139.92,1,Very/Extremely Heavy
2025-08-11,LOC010,29.67,95.01,999.96,28.94,42.0,28.06,93.2,34.94,0,Moderate
2025-08-12,LOC010,28.84,91.93,995.68,28.85,74.0,27.36,62.6,16.0,0,Moderate
2025-08-13,LOC010,29.98,83.96,1000.35,30.5,62.5,25.33,95.7,30.0,0,Moderate
2025-08-14,LOC010,26.4,83.36,992.74,24.13,54.5,24.09,76.3,0.0,0,No Rain
2025-08-15,LOC010,26.39,83.4,1001.23,26.41,7.3,22.83,79.8,2.42,0,Light
2025-08-16,LOC010,27.0,86.17,999.41,24.17,99.6,25.38,73.0,0.0,0,No Rain
2025-08-17,LOC010,31.17,91.73,999.98,23.75,53.6,29.36,96.9,53.3,0,Moderate
2025-08-18,LOC010,29.62,77.3,994.66,25.33,100.4,25.52,67.6,1.38,0,Light
2025-08-19,LOC010,31.63,84.33,995.24,30.89,103.3,29.64,60.4,1.5,0,Light
2025-08-20,LOC010,28.81,91.34,994.49,25.39,34.4,26.82,96.3,0.0,0,No Rain
2025-08-21,LOC010,27.06,89.55,990.98,38.99,22.5,25.42,70.6,0.0,0,No Rain
2025-08-22,LOC010,31.25,94.25,998.66,26.71,63.1,31.07,91.2,64.0,0,Moderate
2025-08-23,LOC010,26.28,82.66,994.3,25.24,43.0,23.29,81.4,1.9,0,Light
2025-08-24,LOC010,31.89,83.57,997.07,32.89,35.9,28.61,79.7,2.34,0,Light
2025-08-25,LOC010,30.26,87.01,999.06,29.85,43.1,26.31,84.0,64.0,0,Moderate
2025-08-26,LOC010,30.92,94.55,993.9,24.23,42.6,30.24,85.5,65.0,1,Heavy
2025-08-27,LOC010,30.72,84.37,998.37,25.23,72.4,28.08,93.9,0.0,0,No Rain
2025-08-28,LOC010,29.3,83.13,995.62,26.61,97.8,23.9,75.4,2.52,0,Light
2025-08-29,LOC010,29.54,90.04,995.18,24.52,49.8,27.66,87.1,3.45,0,Light
2025-08-30,LOC010,28.73,82.01,999.13,23.86,109.8,25.51,84.1,0.0,0,No Rain
2025-08-31,LOC010,32.18,89.4,995.45,24.44,2.7,30.92,94.9,8.49,0,Light
2025-09-01,LOC010,31.0,75.64,1002.97,19.15,108.9,24.73,62.7,0.0,0,No Rain
2025-09-02,LOC010,35.4,74.45,1002.83,18.37,34.5,29.41,53.4,0.0,0,No Rain
2025-09-03,LOC010,29.49,74.15,1001.72,18.23,87.1,25.87,60.1,0.0,0,No Rain
2025-09-04,LOC010,31.98,68.51,1003.53,51.55,91.4,24.74,32.1,33.79,0,Moderate
2025-09-05,LOC010,28.9,75.44,1004.89,17.28,57.3,23.82,29.0,0.97,0,Light
2025-09-06,LOC010,33.64,71.14,995.14,20.4,67.1,28.58,53.7,0.0,0,No Rain
2025-09-07,LOC010,30.82,82.98,1002.07,21.15,53.6,27.83,43.5,0.0,0,No Rain
2025-09-08,LOC010,32.74,68.17,1006.62,18.43,25.8,25.67,52.6,56.71,0,Moderate
2025-09-09,LOC010,33.28,64.85,1006.08,19.12,71.1,26.68,24.1,0.5,0,Light
2025-09-10,LOC010,33.79,74.41,1000.17,17.32,43.8,28.56,44.3,0.0,0,No Rain
2025-09-11,LOC010,33.14,65.96,1005.67,18.67,61.9,26.46,67.9,0.5,0,Light
2025-09-12,LOC010,33.18,74.7,994.31,26.5,60.1,29.15,48.1,0.0,0,No Rain
2025-09-13,LOC010,35.36,79.23,1005.4,18.35,49.9,31.94,43.6,0.0,0,No Rain
2025-09-14,LOC010,31.6,70.76,998.34,27.2,50.3,26.09,45.7,64.0,0,Moderate
2025-09-15,LOC010,34.8,66.2,1001.91,16.14,100.7,28.54,40.0,1.45,0,Light
2025-09-16,LOC010,31.7,75.3,998.63,17.33,43.7,25.58,45.6,0.0,0,No Rain
2025-09-17,LOC010,33.14,82.6,1005.21,18.97,16.2,28.77,45.9,0.0,0,No Rain
2025-09-18,LOC010,31.07,70.63,996.79,19.41,97.2,24.44,46.9,0.0,0,No Rain
2025-09-19,LOC010,31.85,62.67,996.24,20.56,63.5,25.15,50.8,0.0,0,No Rain
2025-09-20,LOC010,34.21,70.81,1003.87,18.27,55.4,28.79,36.1,0.0,0,No Rain
2025-09-21,LOC010,36.57,77.84,996.98,16.27,102.3,31.63,33.5,0.0,0,No Rain
2025-09-22,LOC010,32.54,70.91,1007.81,17.79,62.0,27.02,39.1,1.85,0,Light
2025-09-23,LOC010,33.03,74.23,1003.0,21.5,69.7,26.84,49.8,0.0,0,No Rain
2025-09-24,LOC010,33.89,66.62,1003.88,22.63,41.7,26.52,57.4,0.0,0,No Rain
2025-09-25,LOC010,36.12,82.95,1006.07,33.17,80.8,32.0,62.4,0.0,0,No Rain
2025-09-26,LOC010,32.5,71.66,1001.35,19.81,21.1,27.62,48.1,12.0,0,Light
2025-09-27,LOC010,29.43,70.54,999.08,21.57,93.5,23.56,26.9,9.04,0,Light
2025-09-28,LOC010,34.52,66.85,1002.65,16.47,74.6,26.13,52.8,0.0,0,No Rain
2025-09-29,LOC010,35.42,73.6,1002.8,17.09,105.7,30.61,42.6,1.29,0,Light
2025-09-30,LOC010,33.12,71.37,1007.18,16.75,107.1,25.46,48.1,1.1,0,Light
2025-10-01,LOC010,34.57,58.7,1005.51,20.19,348.5,25.6,25.5,0.0,0,No Rain
2025-10-02,LOC010,32.17,50.76,1001.09,11.98,31.6,21.71,27.7,0.6,0,Light
2025-10-03,LOC010,37.39,59.9,1006.85,18.35,308.7,29.95,28.5,0.0,0,No Rain
2025-10-04,LOC010,35.62,72.25,1009.9,14.61,61.8,28.96,18.5,0.0,0,No Rain
2025-10-05,LOC010,36.43,60.85,1006.37,13.98,91.2,28.31,9.6,0.66,0,Light
2025-10-06,LOC010,37.16,65.9,1002.11,12.51,93.5,30.27,27.6,0.0,0,No Rain
2025-10-07,LOC010,37.22,65.54,1011.07,18.81,78.4,31.04,10.7,0.0,0,No Rain
2025-10-08,LOC010,33.97,62.31,1011.18,14.93,353.0,26.79,24.7,25.33,0,Moderate
2025-10-09,LOC010,35.1,52.24,1007.11,14.87,84.3,26.1,4.3,7.38,0,Light
2025-10-10,LOC010,32.7,65.3,1008.13,11.88,31.2,24.11,28.4,0.0,0,No Rain
2025-10-11,LOC010,36.83,70.37,1006.22,28.86,81.1,30.27,16.3,0.0,0,No Rain
2025-10-12,LOC010,34.19,54.21,1007.9,12.14,63.1,25.31,13.7,0.0,0,No Rain
2025-10-13,LOC010,34.16,55.49,1003.62,15.63,138.3,26.09,20.3,0.0,0,No Rain
2025-10-14,LOC010,36.63,55.28,1007.96,13.8,80.0,28.28,26.2,0.0,0,No Rain
2025-10-15,LOC010,33.87,59.93,1005.34,15.74,98.3,26.42,17.9,0.0,0,No Rain
2025-10-16,LOC010,36.98,58.68,1003.23,11.5,50.1,29.44,11.6,0.0,0,No Rain
2025-10-17,LOC010,38.59,54.8,1006.21,17.12,96.5,28.83,17.8,0.0,0,No Rain
2025-10-18,LOC010,34.32,62.65,1003.54,15.47,7.0,26.7,22.0,0.0,0,No Rain
2025-10-19,LOC010,36.03,54.73,1009.51,13.22,101.2,26.82,14.6,0.0,0,No Rain
2025-10-20,LOC010,34.18,55.6,1007.4,14.7,83.6,25.78,5.4,0.0,0,No Rain
2025-10-21,LOC010,35.14,57.37,1008.62,14.99,67.0,26.08,21.8,0.0,0,No Rain
2025-10-22,LOC010,33.56,65.46,1006.45,11.91,81.5,26.62,17.6,0.0,0,No Rain
2025-10-23,LOC010,37.65,70.75,1006.39,15.03,80.2,32.0,15.9,0.0,0,No Rain
2025-10-24,LOC010,33.87,56.11,1001.0,16.78,35.2,25.85,33.9,0.0,0,No Rain
2025-10-25,LOC010,33.21,56.33,1005.28,14.07,71.7,23.51,0.0,0.0,0,No Rain
2025-10-26,LOC010,34.68,47.19,1003.27,11.47,6.4,23.88,18.7,0.0,0,No Rain
2025-10-27,LOC010,33.9,60.66,1010.16,11.38,102.1,25.14,27.5,0.0,0,No Rain
2025-10-28,LOC010,33.28,61.75,1002.56,16.42,68.9,26.45,24.6,0.0,0,No Rain
2025-10-29,LOC010,34.14,62.75,1005.46,12.62,45.7,26.25,31.7,0.0,0,No Rain
2025-10-30,LOC010,38.86,56.27,1013.8,19.54,90.7,29.87,13.7,0.0,0,No Rain
2025-10-31,LOC010,35.48,62.68,1006.96,14.7,87.1,27.16,38.3,0.0,0,No Rain
2025-11-01,LOC010,36.24,58.13,1007.41,21.15,73.4,27.68,27.4,0.0,0,No Rain
2025-11-02,LOC010,35.2,54.8,1010.03,13.91,74.3,27.62,21.7,0.57,0,Light
2025-11-03,LOC010,41.67,58.19,1006.54,12.49,104.9,32.0,16.0,0.0,0,No Rain
2025-11-04,LOC010,37.1,62.56,1012.89,10.79,120.9,28.63,16.4,3.31,0,Light
2025-11-05,LOC010,35.25,59.55,1008.15,16.41,30.3,26.92,26.9,0.0,0,No Rain
2025-11-06,LOC010,35.25,51.63,1008.65,14.48,2.7,24.46,28.3,0.0,0,No Rain
2025-11-07,LOC010,35.95,53.47,1005.97,25.05,52.3,26.9,16.7,0.0,0,No Rain
2025-11-08,LOC010,35.48,58.34,1005.18,11.84,85.6,27.97,22.3,0.0,0,No Rain
2025-11-09,LOC010,37.24,51.02,1008.74,12.94,60.0,27.09,10.1,0.0,0,No Rain
2025-11-10,LOC010,36.43,48.83,1002.59,10.46,140.7,25.8,17.7,32.09,0,Moderate
2025-11-11,LOC010,33.9,54.63,1008.11,10.8,69.2,24.25,6.5,0.0,0,No Rain
2025-11-12,LOC010,40.55,59.46,1006.36,17.13,66.0,32.0,10.9,0.0,0,No Rain
2025-11-13,LOC010,35.2,56.17,1004.28,11.23,355.5,26.38,5.9,0.0,0,No Rain
2025-11-14,LOC010,38.94,60.69,1003.23,12.51,118.9,31.41,15.0,0.0,0,No Rain
2025-11-15,LOC010,36.4,52.01,1003.37,11.6,32.0,26.11,28.8,0.0,0,No Rain
2025-11-16,LOC010,38.2,64.14,1008.25,12.14,122.3,30.83,5.7,0.0,0,No Rain
2025-11-17,LOC010,35.38,60.0,1004.37,11.82,138.8,27.9,6.5,0.0,0,No Rain
2025-11-18,LOC010,37.43,60.7,1009.73,28.72,74.5,28.65,25.6,0.0,0,No Rain
2025-11-19,LOC010,41.48,72.19,1008.14,16.51,4.2,32.0,11.7,0.0,0,No Rain
2025-11-20,LOC010,36.67,66.99,1011.0,10.15,55.9,31.73,18.8,0.0,0,No Rain
2025-11-21,LOC010,34.83,48.92,1006.57,22.33,24.9,24.49,13.0,0.0,0,No Rain
2025-11-22,LOC010,37.17,47.81,1007.91,10.14,360.0,26.52,37.7,0.0,0,No Rain
2025-11-23,LOC010,39.68,56.63,1010.27,18.03,66.9,30.23,29.6,0.0,0,No Rain
2025-11-24,LOC010,33.99,45.31,1007.86,10.89,91.6,22.7,7.7,0.0,0,No Rain
2025-11-25,LOC010,39.06,49.2,1004.48,13.83,42.4,29.77,22.2,0.0,0,No Rain
2025-11-26,LOC010,38.56,55.27,1005.89,12.1,104.7,29.56,22.1,0.0,0,No Rain
2025-11-27,LOC010,40.02,57.02,1008.2,11.59,101.5,30.47,9.4,2.47,0,Light
2025-11-28,LOC010,33.96,56.91,1010.23,23.05,40.6,23.74,0.0,0.0,0,No Rain
2025-11-29,LOC010,38.61,61.17,1011.25,13.33,99.8,31.76,16.5,0.0,0,No Rain
2025-11-30,LOC010,39.21,53.6,1003.96,10.64,52.8,29.71,23.7,0.0,0,No Rain
2025-12-01,LOC010,38.42,41.97,1009.99,12.26,87.7,26.51,24.4,0.0,0,No Rain
2025-12-02,LOC010,35.65,67.42,1010.89,15.29,70.0,27.53,18.8,0.0,0,No Rain
2025-12-03,LOC010,40.18,55.27,1004.93,22.35,41.9,31.14,10.2,0.0,0,No Rain
2025-12-04,LOC010,36.84,63.22,1003.95,10.07,62.2,27.79,21.8,0.0,0,No Rain
2025-12-05,LOC010,36.44,47.38,1007.2,13.18,66.5,25.72,29.9,0.0,0,No Rain
2025-12-06,LOC010,36.2,60.19,1014.23,10.51,11.4,29.47,24.0,0.0,0,No Rain
2025-12-07,LOC010,36.5,56.01,1010.09,14.81,81.1,26.22,7.2,0.0,0,No Rain
2025-12-08,LOC010,36.03,54.06,1009.84,11.3,86.4,27.29,0.0,0.0,0,No Rain
2025-12-09,LOC010,33.63,59.48,1006.77,10.74,34.0,25.29,2.5,0.0,0,No Rain
2025-12-10,LOC010,38.24,57.4,1003.11,12.39,5.8,29.79,10.4,0.0,0,No Rain
2025-12-11,LOC010,37.53,57.14,1010.13,10.29,69.5,28.54,13.5,20.28,0,Moderate
2025-12-12,LOC010,37.01,54.82,1013.62,12.95,98.3,26.55,17.7,0.0,0,No Rain
2025-12-13,LOC010,36.6,55.5,1010.09,12.81,43.1,27.97,21.1,0.0,0,No Rain
2025-12-14,LOC010,37.3,62.28,1003.55,19.54,143.0,30.12,11.6,0.0,0,No Rain
2025-12-15,LOC010,37.43,58.21,1004.02,12.87,31.2,29.19,18.0,0.0,0,No Rain
2025-12-16,LOC010,34.67,55.3,1011.04,10.21,59.9,24.79,8.7,0.0,0,No Rain
2025-12-17,LOC010,35.01,54.05,1004.92,14.9,103.1,24.62,16.3,0.0,0,No Rain
2025-12-18,LOC010,38.52,54.87,1007.05,10.57,26.3,28.65,21.2,0.0,0,No Rain
2025-12-19,LOC010,38.55,55.32,1009.93,14.23,354.4,29.46,26.1,0.0,0,No Rain
2025-12-20,LOC010,32.34,47.53,1009.77,11.24,106.6,22.43,13.9,0.0,0,No Rain
2025-12-21,LOC010,38.28,55.28,1007.78,12.12,21.0,28.12,17.5,0.0,0,No Rain
2025-12-22,LOC010,34.74,60.25,1012.44,13.13,112.2,26.0,19.8,0.0,0,No Rain
2025-12-23,LOC010,36.19,61.83,1004.24,14.28,93.3,29.72,33.7,0.0,0,No Rain
2025-12-24,LOC010,35.3,60.62,1009.42,10.44,49.6,27.8,21.7,0.0,0,No Rain
2025-12-25,LOC010,36.24,55.0,1005.8,12.13,75.7,27.61,12.5,0.0,0,No Rain
2025-12-26,LOC010,36.85,57.56,1002.84,11.11,63.0,28.63,15.4,0.0,0,No Rain
2025-12-27,LOC010,33.33,55.29,1014.22,10.74,123.2,24.08,23.6,0.0,0,No Rain
2025-12-28,LOC010,36.22,38.97,1005.53,13.58,28.2,23.46,20.5,0.0,0,No Rain
2025-12-29,LOC010,36.13,55.5,1004.59,11.4,79.2,25.94,24.9,0.0,0,No Rain
2025-12-30,LOC010,38.23,46.58,1007.55,13.27,89.5,27.39,15.1,0.0,0,No Rain
2025-12-31,LOC010,37.57,48.03,1005.21,17.5,21.2,29.01,25.5,0.0,0,No Rain
2024-01-01,LOC011,36.76,68.55,1010.39,12.4,241.0,30.93,6.9,0.0,0,No Rain
2024-01-02,LOC011,36.57,58.87,1006.87,13.95,231.4,27.07,31.8,0.0,0,No Rain
2024-01-03,LOC011,33.22,74.86,1011.74,17.19,174.4,28.81,19.9,3.98,0,Light
2024-01-04,LOC011,36.44,60.4,1010.49,10.31,260.5,28.66,29.5,0.0,0,No Rain
2024-01-05,LOC011,34.55,61.39,1008.68,14.64,200.7,26.65,18.9,0.0,0,No Rain
2024-01-06,LOC011,35.16,62.27,1013.08,13.99,214.4,27.5,17.1,0.0,0,No Rain
2024-01-07,LOC011,33.01,63.0,1012.01,15.68,227.3,26.04,24.2,0.0,0,No Rain
2024-01-08,LOC011,37.03,60.86,1011.3,17.36,265.0,29.02,14.6,0.0,0,No Rain
2024-01-09,LOC011,31.61,74.32,1012.35,10.74,180.3,27.78,5.1,0.0,0,No Rain
2024-01-10,LOC011,30.04,67.02,1007.53,10.48,270.3,24.18,7.1,10.34,0,Light
2024-01-11,LOC011,33.85,70.71,1010.33,10.27,288.3,26.77,10.7,0.0,0,No Rain
2024-01-12,LOC011,36.3,60.43,1009.96,13.11,197.1,27.3,18.9,0.0,0,No Rain
2024-01-13,LOC011,36.54,70.59,1012.88,10.69,244.4,30.64,19.7,0.0,0,No Rain
2024-01-14,LOC011,29.56,60.11,1006.11,11.36,296.7,21.43,14.1,0.0,0,No Rain
2024-01-15,LOC011,36.95,63.46,1012.44,15.52,272.1,29.8,30.1,0.0,0,No Rain
2024-01-16,LOC011,35.84,82.33,1010.16,20.51,193.9,32.0,6.2,0.0,0,No Rain
2024-01-17,LOC011,32.33,72.33,1010.62,14.91,221.5,27.61,10.5,0.0,0,No Rain
2024-01-18,LOC011,31.0,78.17,1011.95,10.8,224.0,26.38,14.3,0.0,0,No Rain
2024-01-19,LOC011,31.55,62.1,1012.95,10.02,251.8,24.89,29.5,0.0,0,No Rain
2024-01-20,LOC011,39.29,60.06,1007.0,13.34,236.2,31.53,22.2,0.0,0,No Rain
2024-01-21,LOC011,31.96,64.72,1013.38,14.71,188.3,25.85,12.6,0.0,0,No Rain
2024-01-22,LOC011,31.86,61.37,1011.13,14.4,271.6,24.76,0.0,0.0,0,No Rain
2024-01-23,LOC011,34.06,62.19,1011.72,11.0,189.5,25.95,15.7,0.0,0,No Rain
2024-01-24,LOC011,34.58,71.04,1011.18,10.57,191.9,28.2,11.3,0.0,0,No Rain
2024-01-25,LOC011,32.39,58.99,1005.6,30.79,277.2,24.43,2.6,0.0,0,No Rain
2024-01-26,LOC011,33.47,60.55,1013.7,10.39,223.2,25.96,30.7,0.0,0,No Rain
2024-01-27,LOC011,35.24,79.35,1009.83,10.44,236.6,32.0,0.9,0.0,0,No Rain
2024-01-28,LOC011,32.31,67.49,1009.72,15.91,201.0,25.76,3.2,0.0,0,No Rain
2024-01-29,LOC011,35.59,73.89,1010.91,19.08,189.6,29.06,18.5,0.0,0,No Rain
2024-01-30,LOC011,31.79,60.63,1012.4,13.26,284.4,23.54,4.5,0.0,0,No Rain
2024-01-31,LOC011,30.67,55.25,1015.28,16.45,125.7,21.94,0.0,0.0,0,No Rain
2024-02-01,LOC011,32.82,63.26,1011.97,11.79,336.9,24.83,16.3,0.0,0,No Rain
2024-02-02,LOC011,33.35,59.18,1012.59,10.08,231.2,26.65,6.4,0.0,0,No Rain
2024-02-03,LOC011,32.8,65.56,1010.82,10.08,206.7,24.98,34.6,0.0,0,No Rain
2024-02-04,LOC011,32.18,72.51,1010.92,10.32,224.5,27.67,27.2,0.0,0,No Rain
2024-02-05,LOC011,33.47,73.0,1011.39,10.14,215.5,29.34,14.8,0.0,0,No Rain
2024-02-06,LOC011,34.4,63.94,1010.2,13.48,205.6,27.76,18.6,0.0,0,No Rain
2024-02-07,LOC011,33.42,72.11,1012.0,13.24,216.8,28.88,8.4,0.0,0,No Rain
2024-02-08,LOC011,32.9,62.42,1009.1,10.49,215.0,26.1,7.5,0.0,0,No Rain
2024-02-09,LOC011,34.66,62.04,1012.4,12.34,247.3,25.97,13.8,0.0,0,No Rain
2024-02-10,LOC011,31.37,57.4,1008.02,16.1,250.1,23.08,29.9,8.28,0,Light
2024-02-11,LOC011,32.53,71.88,1016.53,10.22,203.7,26.53,0.0,0.0,0,No Rain
2024-02-12,LOC011,33.88,65.27,1009.73,11.63,246.0,26.36,17.0,0.0,0,No Rain
2024-02-13,LOC011,31.93,67.15,1010.24,13.68,213.3,25.45,30.6,0.0,0,No Rain
2024-02-14,LOC011,34.09,64.17,1015.48,11.75,235.8,27.04,0.0,0.0,0,No Rain
2024-02-15,LOC011,34.44,66.51,1012.7,11.69,189.4,27.05,0.0,0.0,0,No Rain
2024-02-16,LOC011,31.43,65.82,1008.38,21.09,217.0,25.72,28.1,41.62,0,Moderate
2024-02-17,LOC011,32.85,64.81,1011.85,12.76,250.9,26.73,7.2,0.0,0,No Rain
2024-02-18,LOC011,34.64,72.0,1009.94,12.6,261.6,29.69,24.6,0.0,0,No Rain
2024-02-19,LOC011,30.02,58.78,1012.82,10.83,183.7,22.86,8.4,0.0,0,No Rain
2024-02-20,LOC011,30.74,57.51,1014.66,10.1,252.1,22.2,7.1,0.0,0,No Rain
2024-02-21,LOC011,31.83,65.9,1011.71,23.91,209.3,24.87,7.4,0.0,0,No Rain
2024-02-22,LOC011,32.91,67.36,1015.05,14.94,199.6,25.22,25.9,0.0,0,No Rain
2024-02-23,LOC011,30.93,74.11,1010.22,12.12,157.8,24.97,30.9,0.0,0,No Rain
2024-02-24,LOC011,31.02,66.54,1010.32,12.2,174.7,23.87,20.6,0.0,0,No Rain
2024-02-25,LOC011,31.26,59.49,1012.02,13.99,226.4,23.21,31.3,0.0,0,No Rain
2024-02-26,LOC011,35.17,72.34,1011.11,11.35,234.7,28.93,13.0,0.0,0,No Rain
2024-02-27,LOC011,31.02,60.51,1012.63,14.49,201.6,22.77,15.4,0.0,0,No Rain
2024-02-28,LOC011,31.32,64.43,1006.45,11.93,171.3,25.47,22.1,0.0,0,No Rain
2024-02-29,LOC011,32.64,58.98,1010.76,10.38,249.1,25.84,32.4,2.22,0,Light
2024-03-01,LOC011,31.55,55.44,1009.26,12.8,260.1,22.83,0.0,0.0,0,No Rain
2024-03-02,LOC011,28.2,53.1,1009.65,13.04,265.8,18.63,17.5,0.0,0,No Rain
2024-03-03,LOC011,29.37,72.96,1009.17,13.54,196.3,24.27,26.4,0.0,0,No Rain
2024-03-04,LOC011,31.87,67.52,1009.29,17.75,217.7,25.12,28.1,0.0,0,No Rain
2024-03-05,LOC011,26.95,54.99,1009.03,12.7,278.3,17.21,0.0,8.05,0,Light
2024-03-06,LOC011,29.32,63.43,1012.64,22.78,221.3,21.74,19.6,0.0,0,No Rain
2024-03-07,LOC011,29.94,73.46,1012.42,19.02,162.2,25.82,29.6,0.0,0,No Rain
2024-03-08,LOC011,30.96,66.12,1011.03,11.23,157.3,24.53,16.2,0.0,0,No Rain
2024-03-09,LOC011,32.42,75.56,1007.51,29.82,232.5,27.05,12.4,0.0,0,No Rain
2024-03-10,LOC011,25.96,58.86,1011.13,12.8,219.1,18.49,14.8,0.0,0,No Rain
2024-03-11,LOC011,35.08,70.99,1015.16,13.11,194.1,29.56,15.0,11.85,0,Light
2024-03-12,LOC011,31.16,73.99,1010.63,13.07,163.0,26.71,14.0,0.0,0,No Rain
2024-03-13,LOC011,27.03,61.85,1012.96,12.24,234.0,20.47,24.5,0.0,0,No Rain
2024-03-14,LOC011,29.33,70.44,1007.66,10.81,304.7,22.03,27.9,0.0,0,No Rain
2024-03-15,LOC011,33.89,64.51,1008.34,16.28,222.4,27.64,21.0,0.0,0,No Rain
2024-03-16,LOC011,29.27,67.45,1011.09,10.9,230.3,22.19,2.8,0.0,0,No Rain
2024-03-17,LOC011,30.5,59.54,1008.06,11.93,216.9,21.61,24.6,0.0,0,No Rain
2024-03-18,LOC011,31.25,59.71,1010.76,11.93,186.3,23.95,0.0,0.0,0,No Rain
2024-03-19,LOC011,26.68,63.76,1009.09,16.66,234.1,19.22,27.8,0.0,0,No Rain
2024-03-20,LOC011,28.21,67.43,1009.9,15.97,261.4,21.92,19.4,0.0,0,No Rain
2024-03-21,LOC011,33.58,68.62,1010.78,13.34,225.0,27.36,23.2,0.0,0,No Rain
2024-03-22,LOC011,30.59,68.31,1006.83,10.21,224.0,22.93,23.4,0.0,0,No Rain
2024-03-23,LOC011,26.63,72.62,1012.84,14.09,271.6,22.6,0.0,0.0,0,No Rain
2024-03-24,LOC011,30.54,66.77,1014.85,10.47,248.8,22.9,32.4,0.0,0,No Rain
2024-03-25,LOC011,31.89,65.2,1012.65,19.92,296.2,25.97,12.8,0.0,0,No Rain
2024-03-26,LOC011,27.06,46.61,1006.68,17.82,228.8,15.71,6.4,0.0,0,No Rain
2024-03-27,LOC011,27.02,65.47,1008.97,12.2,294.8,18.88,14.9,0.0,0,No Rain
2024-03-28,LOC011,27.64,57.94,1013.3,13.43,287.1,19.46,40.5,0.0,0,No Rain
2024-03-29,LOC011,30.42,63.49,1010.47,12.01,256.2,24.56,16.6,0.0,0,No Rain
2024-03-30,LOC011,27.24,69.0,1008.6,17.46,226.6,21.29,20.2,0.0,0,No Rain
2024-03-31,LOC011,29.05,68.92,1015.21,37.56,221.1,24.01,7.2,0.0,0,No Rain
2024-04-01,LOC011,25.74,71.62,1008.81,25.74,148.4,20.33,0.9,0.0,0,No Rain
2024-04-02,LOC011,29.04,70.07,1012.96,14.14,204.2,23.48,31.2,0.0,0,No Rain
2024-04-03,LOC011,27.66,72.09,1007.7,11.02,230.8,21.48,29.3,0.0,0,No Rain
2024-04-04,LOC011,31.09,68.05,1014.59,19.39,218.6,25.06,40.2,0.0,0,No Rain
2024-04-05,LOC011,27.07,73.83,1009.66,10.92,263.2,21.08,9.6,0.0,0,No Rain
2024-04-06,LOC011,29.45,60.0,1009.11,22.02,183.0,20.48,2.1,0.0,0,No Rain
2024-04-07,LOC011,31.41,62.61,1007.85,14.15,263.9,24.85,24.3,0.0,0,No Rain
2024-04-08,LOC011,28.67,67.3,1012.81,11.13,324.0,22.98,9.1,0.0,0,No Rain
2024-04-09,LOC011,25.15,64.69,1009.42,11.96,228.0,18.03,8.1,0.0,0,No Rain
2024-04-10,LOC011,28.36,53.86,1009.77,12.72,190.4,18.81,33.6,24.39,0,Moderate
2024-04-11,LOC011,27.61,61.82,1010.36,14.85,295.2,19.21,17.3,0.0,0,No Rain
2024-04-12,LOC011,24.45,54.39,1011.08,14.12,214.7,14.58,20.5,5.43,0,Light
2024-04-13,LOC011,31.2,64.89,1010.29,10.13,185.6,24.73,24.2,0.0,0,No Rain
2024-04-14,LOC011,27.34,59.86,1011.04,10.64,169.4,21.17,18.2,7.93,0,Light
2024-04-15,LOC011,27.17,67.83,1014.71,14.41,230.5,21.76,4.4,0.0,0,No Rain
2024-04-16,LOC011,27.26,61.51,1009.89,15.59,199.2,19.85,3.2,0.0,0,No Rain
2024-04-17,LOC011,27.94,60.98,1012.58,10.89,172.6,19.69,24.1,0.0,0,No Rain
2024-04-18,LOC011,29.06,67.67,1006.65,22.85,251.6,22.38,14.1,61.16,0,Moderate
2024-04-19,LOC011,29.35,72.38,1008.52,25.39,238.8,23.06,29.9,0.0,0,No Rain
2024-04-20,LOC011,26.73,49.13,1015.18,14.46,312.7,15.74,10.6,5.33,0,Light
2024-04-21,LOC011,29.66,61.64,1010.69,17.63,224.9,22.47,15.2,0.0,0,No Rain
2024-04-22,LOC011,27.54,57.8,1009.98,10.99,286.9,19.66,16.5,0.0,0,No Rain
2024-04-23,LOC011,26.91,66.68,1009.14,10.94,243.1,20.26,23.1,0.0,0,No Rain
2024-04-24,LOC011,29.52,69.37,1005.63,13.96,231.4,23.08,16.2,0.0,0,No Rain
2024-04-25,LOC011,28.78,72.7,1012.41,13.76,222.9,24.79,25.2,0.0,0,No Rain
2024-04-26,LOC011,28.1,64.83,1011.42,19.66,256.1,21.94,10.8,0.0,0,No Rain
2024-04-27,LOC011,26.34,70.78,1010.68,12.08,262.2,19.42,18.5,0.0,0,No Rain
2024-04-28,LOC011,26.77,69.85,1007.3,13.07,258.9,20.89,26.6,0.0,0,No Rain
2024-04-29,LOC011,28.08,62.49,1011.14,15.8,176.1,20.27,6.1,0.0,0,No Rain
2024-04-30,LOC011,25.42,67.29,1010.15,12.83,255.7,18.84,5.7,0.0,0,No Rain
2024-05-01,LOC011,28.08,71.29,1008.53,13.08,268.7,23.13,13.0,0.0,0,No Rain
2024-05-02,LOC011,27.99,66.09,1010.87,11.22,229.4,20.95,1.9,0.0,0,No Rain
2024-05-03,LOC011,26.17,61.2,1010.92,11.76,240.4,19.96,10.0,1.16,0,Light
2024-05-04,LOC011,28.69,65.25,1009.51,10.91,215.2,22.24,12.8,0.0,0,No Rain
2024-05-05,LOC011,24.8,68.55,1010.98,13.45,257.0,18.92,8.6,0.0,0,No Rain
2024-05-06,LOC011,28.22,75.48,1009.88,12.54,105.5,24.35,17.0,0.0,0,No Rain
2024-05-07,LOC011,27.9,63.35,1007.97,19.73,263.0,20.38,32.5,0.0,0,No Rain
2024-05-08,LOC011,25.66,68.79,1008.78,10.77,296.4,19.3,25.3,2.82,0,Light
2024-05-09,LOC011,24.51,67.41,1017.37,14.09,297.1,17.43,24.6,0.0,0,No Rain
2024-05-10,LOC011,25.96,63.51,1010.18,11.47,216.5,18.5,23.3,0.0,0,No Rain
2024-05-11,LOC011,28.2,64.4,1007.13,16.34,243.6,20.01,34.0,16.0,0,Moderate
2024-05-12,LOC011,25.17,55.71,1010.58,12.95,266.1,16.44,20.1,5.33,0,Light
2024-05-13,LOC011,24.64,58.38,1010.03,10.75,273.5,16.01,28.1,0.0,0,No Rain
2024-05-14,LOC011,23.4,66.92,1007.52,20.05,236.2,18.01,24.6,0.0,0,No Rain
2024-05-15,LOC011,25.71,74.31,1012.41,15.01,270.0,19.94,18.0,0.0,0,No Rain
2024-05-16,LOC011,28.23,57.34,1013.2,11.32,280.1,20.14,27.4,0.0,0,No Rain
2024-05-17,LOC011,28.9,53.15,1012.07,11.31,249.5,19.77,23.0,20.82,0,Moderate
2024-05-18,LOC011,22.05,62.9,1005.78,17.32,192.8,14.85,18.3,0.0,0,No Rain
2024-05-19,LOC011,27.99,70.98,1009.06,11.57,246.7,23.37,26.6,0.0,0,No Rain
2024-05-20,LOC011,24.58,66.72,1006.89,14.72,250.9,17.67,16.2,0.0,0,No Rain
2024-05-21,LOC011,28.5,62.91,1011.51,13.78,164.4,20.73,11.8,0.0,0,No Rain
2024-05-22,LOC011,25.56,59.67,1006.64,12.46,345.6,17.41,1.9,0.0,0,No Rain
2024-05-23,LOC011,26.44,74.31,1006.48,10.66,229.8,21.25,1.5,0.0,0,No Rain
2024-05-24,LOC011,26.83,69.41,1008.37,18.12,252.6,20.72,11.7,0.0,0,No Rain
2024-05-25,LOC011,29.46,62.36,1008.83,10.82,226.9,22.11,19.3,0.0,0,No Rain
2024-05-26,LOC011,30.08,73.27,1009.59,11.42,246.3,24.92,22.7,0.0,0,No Rain
2024-05-27,LOC011,29.19,57.67,1014.06,14.23,255.5,20.72,22.1,2.85,0,Light
2024-05-28,LOC011,28.5,59.43,1008.21,11.87,264.8,19.87,5.9,0.0,0,No Rain
2024-05-29,LOC011,23.35,62.54,1010.63,11.94,188.0,17.37,21.3,0.0,0,No Rain
2024-05-30,LOC011,29.26,63.34,1010.1,11.87,238.7,23.37,0.0,0.0,0,No Rain
2024-05-31,LOC011,25.55,68.64,1011.62,25.68,197.0,19.87,28.6,12.2,0,Light
2024-06-01,LOC011,28.04,73.05,1009.8,18.0,256.6,23.27,48.6,0.0,0,No Rain
2024-06-02,LOC011,25.25,81.61,1004.22,17.77,234.7,20.65,31.0,0.0,0,No Rain
2024-06-03,LOC011,27.79,73.83,1007.64,16.54,228.0,22.51,40.2,0.0,0,No Rain
2024-06-04,LOC011,24.85,76.32,1006.13,18.07,273.3,20.21,38.1,65.0,1,Heavy
2024-06-05,LOC011,26.43,77.52,1008.73,24.32,235.6,22.81,26.3,0.0,0,No Rain
2024-06-06,LOC011,25.79,98.66,1004.76,19.99,224.5,25.89,45.3,0.0,0,No Rain
2024-06-07,LOC011,24.55,72.39,999.98,14.92,198.0,18.44,40.8,0.0,0,No Rain
2024-06-08,LOC011,28.56,81.62,1003.45,15.38,300.2,25.53,42.0,16.0,0,Moderate
2024-06-09,LOC011,27.3,72.78,1006.02,17.21,239.4,21.18,44.3,0.0,0,No Rain
2024-06-10,LOC011,25.95,79.2,1009.25,19.24,227.9,22.56,46.0,0.0,0,No Rain
2024-06-11,LOC011,26.73,70.42,1000.11,23.17,262.0,20.24,22.9,16.0,0,Moderate
2024-06-12,LOC011,27.07,86.16,1001.03,15.15,174.9,24.34,41.2,16.28,0,Moderate
2024-06-13,LOC011,31.7,83.06,1012.13,19.41,230.4,28.04,62.7,13.18,0,Light
2024-06-14,LOC011,25.32,74.64,1005.05,18.69,217.2,19.86,50.3,0.5,0,Light
2024-06-15,LOC011,30.72,74.11,1008.12,18.09,190.0,25.35,37.4,0.0,0,No Rain
2024-06-16,LOC011,25.12,74.82,1003.07,17.5,200.4,19.84,28.1,0.72,0,Light
2024-06-17,LOC011,30.65,74.32,1001.62,26.34,238.3,26.09,36.3,40.74,0,Moderate
2024-06-18,LOC011,25.75,72.19,1005.25,14.95,245.0,20.14,52.6,0.0,0,No Rain
2024-06-19,LOC011,26.12,76.62,1001.33,18.1,311.4,21.71,41.2,0.0,0,No Rain
2024-06-20,LOC011,28.7,83.73,1010.77,19.95,191.4,24.58,40.2,0.62,0,Light
2024-06-21,LOC011,25.25,73.49,1004.66,16.55,193.2,19.64,35.6,0.0,0,No Rain
2024-06-22,LOC011,22.57,78.99,1008.2,16.66,214.2,19.11,24.2,0.0,0,No Rain
2024-06-23,LOC011,27.9,82.17,1007.02,15.59,230.0,24.52,31.3,65.0,1,Heavy
2024-06-24,LOC011,28.03,81.76,1007.43,16.61,190.1,24.44,38.4,0.0,0,No Rain
2024-06-25,LOC011,26.56,86.44,1004.47,22.38,263.1,25.2,33.0,16.0,0,Moderate
2024-06-26,LOC011,29.23,74.75,1010.78,15.64,290.2,24.13,38.8,64.0,0,Moderate
2024-06-27,LOC011,27.31,76.56,1008.99,14.92,189.8,22.63,40.0,8.53,0,Light
2024-06-28,LOC011,25.37,66.87,1001.94,22.78,256.5,19.54,34.8,0.0,0,No Rain
2024-06-29,LOC011,25.69,90.42,998.47,21.91,117.1,24.06,40.6,0.0,0,No Rain
2024-06-30,LOC011,28.01,76.7,1000.28,18.8,190.1,23.43,46.2,0.0,0,No Rain
2024-07-01,LOC011,25.32,90.44,998.44,23.96,209.3,23.13,81.7,23.33,0,Moderate
2024-07-02,LOC011,23.81,89.27,996.36,25.53,281.9,21.4,70.1,2.23,0,Light
2024-07-03,LOC011,24.96,99.0,996.61,28.65,200.9,23.12,69.0,1.82,0,Light
2024-07-04,LOC011,26.63,88.26,1001.31,29.09,262.4,22.53,71.3,8.67,0,Light
2024-07-05,LOC011,23.9,99.0,999.32,23.45,190.5,24.2,68.9,0.72,0,Light
2024-07-06,LOC011,25.17,99.0,1001.42,28.69,317.7,25.79,74.5,30.15,0,Moderate
2024-07-07,LOC011,26.46,95.89,993.47,28.59,246.4,26.57,80.7,16.0,0,Moderate
2024-07-08,LOC011,28.58,95.24,1006.53,26.97,158.0,26.94,92.1,0.59,0,Light
2024-07-09,LOC011,25.95,94.76,994.94,26.72,145.2,24.79,96.1,0.0,0,No Rain
2024-07-10,LOC011,25.24,94.0,998.69,25.52,301.1,24.23,82.4,4.71,0,Light
2024-07-11,LOC011,27.95,99.0,997.5,30.03,266.7,27.43,93.1,0.0,0,No Rain
2024-07-12,LOC011,25.7,99.0,1002.65,24.8,228.5,25.5,77.3,7.03,0,Light
2024-07-13,LOC011,28.04,89.45,1003.73,27.28,248.6,25.46,69.3,1.89,0,Light
2024-07-14,LOC011,28.0,99.0,1004.28,23.32,293.8,28.92,75.9,0.0,0,No Rain
2024-07-15,LOC011,24.1,83.0,999.31,29.92,218.4,20.45,80.8,16.0,0,Moderate
2024-07-16,LOC011,27.18,99.0,1001.63,25.11,144.0,28.79,70.7,4.82,0,Light
2024-07-17,LOC011,24.79,92.67,1000.88,25.42,232.2,23.52,81.2,0.0,0,No Rain
2024-07-18,LOC011,27.24,93.06,995.24,23.35,202.3,26.61,100.0,0.83,0,Light
2024-07-19,LOC011,28.08,99.0,997.33,27.45,204.7,25.76,74.4,29.33,0,Moderate
2024-07-20,LOC011,28.11,99.0,1002.18,26.09,205.0,28.26,82.2,4.05,0,Light
2024-07-21,LOC011,26.27,86.59,999.8,35.14,230.3,23.98,67.4,0.0,0,No Rain
2024-07-22,LOC011,27.09,99.0,1002.74,29.93,275.3,25.97,74.6,65.0,1,Heavy
2024-07-23,LOC011,25.11,93.43,1003.93,23.4,274.6,24.33,95.0,0.0,0,No Rain
2024-07-24,LOC011,24.46,98.06,1002.06,25.0,209.5,23.79,58.6,17.64,0,Moderate
2024-07-25,LOC011,25.99,87.06,999.94,30.59,179.5,23.45,82.2,79.81,1,Heavy
2024-07-26,LOC011,28.2,99.0,995.18,27.05,227.6,28.47,91.2,0.63,0,Light
2024-07-27,LOC011,25.65,92.65,1000.23,32.8,194.5,24.34,82.6,68.08,1,Heavy
2024-07-28,LOC011,24.9,88.13,999.04,24.84,272.5,21.52,93.9,19.65,0,Moderate
2024-07-29,LOC011,27.16,87.22,997.96,26.23,259.3,24.47,82.6,100.5,1,Heavy
2024-07-30,LOC011,26.49,94.88,999.18,34.19,184.9,24.61,97.8,0.7,0,Light
2024-07-31,LOC011,27.75,99.0,1004.04,24.03,215.8,27.01,79.9,5.72,0,Light
2024-08-01,LOC011,23.32,89.99,1000.34,28.14,314.9,21.99,76.7,0.84,0,Light
2024-08-02,LOC011,29.5,95.56,991.16,27.25,203.5,28.81,67.9,4.14,0,Light
2024-08-03,LOC011,27.28,99.0,998.53,23.67,261.4,26.24,95.8,13.82,0,Light
2024-08-04,LOC011,27.09,91.35,999.52,30.87,192.0,24.73,90.7,0.74,0,Light
2024-08-05,LOC011,26.2,96.19,998.75,24.85,191.5,24.83,89.9,1.75,0,Light
2024-08-06,LOC011,31.58,99.0,1000.66,25.4,332.1,30.61,76.9,84.74,1,Heavy
2024-08-07,LOC011,30.46,99.0,998.48,24.73,215.9,30.58,89.6,11.09,0,Light
2024-08-08,LOC011,26.57,90.79,993.51,26.21,225.2,24.54,73.4,1.88,0,Light
2024-08-09,LOC011,28.24,99.0,999.9,23.4,305.3,27.95,83.7,76.22,1,Heavy
2024-08-10,LOC011,27.68,89.47,1002.41,31.14,205.8,25.0,93.2,171.74,1,Very/Extremely Heavy
2024-08-11,LOC011,26.84,97.04,1000.05,27.55,235.6,27.07,67.6,3.57,0,Light
2024-08-12,LOC011,27.55,93.17,1001.6,27.98,172.8,27.14,92.3,15.5,0,Light
2024-08-13,LOC011,26.9,82.49,1005.22,26.07,139.3,22.6,76.6,4.15,0,Light
2024-08-14,LOC011,29.96,99.0,1000.42,27.21,237.5,29.35,84.9,20.12,0,Moderate
2024-08-15,LOC011,27.08,97.66,999.1,28.07,262.5,26.81,82.9,25.68,0,Moderate
2024-08-16,LOC011,27.77,88.58,998.95,33.38,201.4,26.58,86.8,0.0,0,No Rain
2024-08-17,LOC011,28.34,86.0,1003.25,27.6,294.8,25.89,80.6,0.0,0,No Rain
2024-08-18,LOC011,29.28,90.6,998.03,25.27,173.8,26.41,76.0,11.75,0,Light
2024-08-19,LOC011,28.62,99.0,992.5,26.06,235.5,30.22,86.1,7.93,0,Light
2024-08-20,LOC011,28.58,91.86,994.51,23.64,174.1,26.87,84.7,16.0,0,Moderate
2024-08-21,LOC011,28.0,88.13,1001.26,29.21,213.7,25.25,91.4,16.0,0,Moderate
2024-08-22,LOC011,29.92,98.89,1003.11,24.27,196.5,30.01,84.6,2.78,0,Light
2024-08-23,LOC011,30.29,96.56,1001.76,23.29,271.8,28.86,81.3,86.34,1,Heavy
2024-08-24,LOC011,32.4,99.0,997.74,24.23,121.5,31.62,84.9,7.05,0,Light
2024-08-25,LOC011,31.59,97.08,1002.44,24.99,251.5,30.49,87.5,2.4,0,Light
2024-08-26,LOC011,30.41,96.01,1002.8,27.05,249.4,29.91,84.0,16.0,0,Moderate
2024-08-27,LOC011,30.49,99.0,996.19,34.11,216.0,29.48,95.9,4.49,0,Light
2024-08-28,LOC011,29.57,94.37,994.61,28.68,205.8,27.92,77.3,12.07,0,Light
2024-08-29,LOC011,29.35,93.07,995.5,24.63,177.7,28.12,61.9,0.0,0,No Rain
2024-08-30,LOC011,30.68,93.4,999.96,24.86,173.5,28.22,81.1,0.71,0,Light
2024-08-31,LOC011,32.08,99.0,1001.42,23.92,199.7,29.69,92.2,3.75,0,Light
2024-09-01,LOC011,33.16,74.87,1007.76,15.01,253.9,28.66,16.4,0.0,0,No Rain
2024-09-02,LOC011,33.84,74.4,1003.54,18.32,257.2,29.52,45.9,26.36,0,Moderate
2024-09-03,LOC011,33.98,80.62,1009.19,15.0,255.9,30.42,34.6,0.0,0,No Rain
2024-09-04,LOC011,29.88,76.79,1007.5,15.11,289.3,26.09,31.2,0.0,0,No Rain
2024-09-05,LOC011,34.12,75.49,999.95,15.98,261.5,28.53,34.4,4.27,0,Light
2024-09-06,LOC011,30.27,72.93,1009.8,20.08,150.7,24.07,54.4,0.0,0,No Rain
2024-09-07,LOC011,32.47,67.47,1006.21,15.3,236.7,26.03,31.5,0.0,0,No Rain
2024-09-08,LOC011,31.73,78.19,1008.07,16.32,263.9,27.77,42.5,0.0,0,No Rain
2024-09-09,LOC011,31.47,78.03,1006.35,21.51,335.5,26.5,48.8,0.0,0,No Rain
2024-09-10,LOC011,31.14,81.84,1006.75,15.61,328.3,27.21,41.6,0.0,0,No Rain
2024-09-11,LOC011,33.44,66.99,1007.23,20.22,256.8,27.63,46.8,4.78,0,Light
2024-09-12,LOC011,33.38,69.35,1006.56,19.6,257.8,26.16,47.5,0.0,0,No Rain
2024-09-13,LOC011,29.49,68.77,1001.28,14.9,187.6,23.82,25.3,5.3,0,Light
2024-09-14,LOC011,33.28,81.17,1002.99,18.28,221.7,29.1,18.8,0.0,0,No Rain
2024-09-15,LOC011,33.5,72.38,1014.31,15.97,280.8,26.65,36.6,32.03,0,Moderate
2024-09-16,LOC011,35.99,84.56,1004.91,21.84,177.2,32.0,28.4,30.95,0,Moderate
2024-09-17,LOC011,33.78,85.35,1005.68,15.12,202.1,31.02,31.6,9.12,0,Light
2024-09-18,LOC011,32.15,78.74,1003.72,15.24,259.4,26.95,34.1,0.0,0,No Rain
2024-09-19,LOC011,33.82,74.77,1009.84,15.23,254.2,29.25,39.3,65.0,1,Heavy
2024-09-20,LOC011,32.57,74.85,1001.61,15.07,193.6,26.9,39.9,22.82,0,Moderate
2024-09-21,LOC011,35.55,66.97,1008.07,21.21,237.4,28.4,23.8,0.0,0,No Rain
2024-09-22,LOC011,33.82,79.91,1005.82,16.69,175.9,30.27,35.0,11.56,0,Light
2024-09-23,LOC011,30.81,83.14,1005.41,17.53,219.2,28.92,43.4,0.0,0,No Rain
2024-09-24,LOC011,30.87,72.83,1006.48,16.43,236.5,25.76,46.1,0.0,0,No Rain
2024-09-25,LOC011,34.21,64.61,1004.65,17.48,261.6,27.35,34.0,0.0,0,No Rain
2024-09-26,LOC011,32.29,75.83,999.91,15.7,225.9,27.28,36.7,64.0,0,Moderate
2024-09-27,LOC011,33.18,85.65,1008.02,17.11,242.3,29.75,35.7,22.62,0,Moderate
2024-09-28,LOC011,33.55,80.5,1010.6,16.34,214.6,28.66,34.7,0.0,0,No Rain
2024-09-29,LOC011,34.37,76.47,1008.22,16.6,260.5,29.62,46.7,0.0,0,No Rain
2024-09-30,LOC011,33.0,70.65,1009.63,16.93,295.4,26.62,25.8,0.0,0,No Rain
2024-10-01,LOC011,31.8,68.64,1007.01,15.75,171.2,25.88,8.0,0.0,0,No Rain
2024-10-02,LOC011,37.83,65.79,1016.2,20.8,238.9,30.37,31.4,0.0,0,No Rain
2024-10-03,LOC011,35.22,52.76,1011.25,18.8,180.0,24.56,17.9,0.0,0,No Rain
2024-10-04,LOC011,37.07,72.74,1011.73,19.8,249.5,30.41,33.9,21.69,0,Moderate
2024-10-05,LOC011,37.54,49.62,1013.1,10.91,230.2,27.22,20.2,0.0,0,No Rain
2024-10-06,LOC011,37.31,60.93,1014.79,11.76,262.8,28.76,5.4,0.0,0,No Rain
2024-10-07,LOC011,34.09,67.22,1011.34,10.91,139.4,27.57,24.6,0.0,0,No Rain
2024-10-08,LOC011,36.81,73.38,1010.48,13.28,203.2,31.04,14.4,0.0,0,No Rain
2024-10-09,LOC011,36.84,63.41,1010.08,13.27,224.8,28.56,17.7,64.0,0,Moderate
2024-10-10,LOC011,35.92,69.71,1010.37,11.45,225.2,29.81,17.3,0.0,0,No Rain
2024-10-11,LOC011,34.54,69.65,1008.64,12.73,229.6,28.47,32.6,0.0,0,No Rain
2024-10-12,LOC011,36.43,75.06,1011.39,18.19,235.8,31.11,5.3,0.0,0,No Rain
2024-10-13,LOC011,35.03,61.42,1011.77,12.75,221.4,26.78,11.8,0.0,0,No Rain
2024-10-14,LOC011,33.38,62.62,1013.16,13.84,219.6,25.85,21.2,0.0,0,No Rain
2024-10-15,LOC011,38.75,72.17,1007.78,23.42,251.4,32.0,20.4,2.56,0,Light
2024-10-16,LOC011,35.67,61.93,1012.47,16.22,245.3,27.1,5.5,0.0,0,No Rain
2024-10-17,LOC011,37.68,64.14,1008.8,11.16,229.4,30.21,9.6,0.0,0,No Rain
2024-10-18,LOC011,32.75,64.63,1013.16,16.4,223.0,25.15,6.2,0.0,0,No Rain
2024-10-19,LOC011,36.34,61.84,1004.35,11.59,212.9,29.08,3.6,0.0,0,No Rain
2024-10-20,LOC011,37.53,65.71,1009.08,18.78,270.0,30.86,23.2,0.0,0,No Rain
2024-10-21,LOC011,40.65,55.67,1011.93,10.71,257.9,31.47,8.3,0.0,0,No Rain
2024-10-22,LOC011,34.89,59.91,1012.45,17.19,237.7,27.87,11.7,0.0,0,No Rain
2024-10-23,LOC011,32.62,67.77,1015.97,12.56,156.6,25.89,9.7,0.0,0,No Rain
2024-10-24,LOC011,38.34,56.2,1010.08,11.2,299.9,29.37,22.8,0.0,0,No Rain
2024-10-25,LOC011,37.9,71.07,1010.62,11.35,288.2,31.01,20.3,0.0,0,No Rain
2024-10-26,LOC011,37.95,76.14,1008.53,11.86,232.1,32.0,22.4,0.0,0,No Rain
2024-10-27,LOC011,37.05,65.66,1011.39,14.45,281.2,29.09,12.2,0.0,0,No Rain
2024-10-28,LOC011,38.61,59.86,1014.1,11.9,241.2,31.12,0.0,16.0,0,Moderate
2024-10-29,LOC011,38.65,67.37,1010.43,10.9,220.1,32.0,7.3,0.0,0,No Rain
2024-10-30,LOC011,35.13,69.49,1011.63,14.97,174.7,27.79,8.1,0.0,0,No Rain
2024-10-31,LOC011,39.73,67.15,1007.78,19.43,218.9,32.0,27.5,0.0,0,No Rain
2024-11-01,LOC011,36.73,63.84,1010.32,18.18,180.7,30.99,11.1,0.0,0,No Rain
2024-11-02,LOC011,38.29,72.36,1010.47,27.45,248.4,32.0,29.0,0.0,0,No Rain
2024-11-03,LOC011,39.26,75.9,1007.31,10.18,234.0,32.0,39.5,0.0,0,No Rain
2024-11-04,LOC011,36.34,63.1,1010.59,12.56,212.0,28.5,22.1,0.0,0,No Rain
2024-11-05,LOC011,34.22,70.95,1012.12,15.1,217.8,27.85,19.8,0.0,0,No Rain
2024-11-06,LOC011,37.29,56.56,1008.21,14.27,216.0,26.99,7.3,0.0,0,No Rain
2024-11-07,LOC011,38.46,68.31,1011.77,10.52,179.1,32.0,15.3,0.0,0,No Rain
2024-11-08,LOC011,35.19,72.7,1013.58,17.23,192.8,30.2,16.7,0.0,0,No Rain
2024-11-09,LOC011,36.42,62.82,1011.91,13.47,210.8,28.34,9.6,49.02,0,Moderate
2024-11-10,LOC011,37.04,63.37,1014.59,22.33,228.0,29.88,10.9,0.0,0,No Rain
2024-11-11,LOC011,36.82,63.88,1009.43,20.55,234.9,30.11,14.2,0.0,0,No Rain
2024-11-12,LOC011,40.86,65.16,1008.89,10.09,204.9,32.0,25.8,0.0,0,No Rain
2024-11-13,LOC011,39.25,60.38,1010.86,11.26,230.8,31.07,11.3,0.0,0,No Rain
2024-11-14,LOC011,35.06,60.5,1013.21,15.53,249.7,27.94,11.8,0.0,0,No Rain
2024-11-15,LOC011,34.41,72.08,1010.7,10.94,231.7,29.15,0.0,0.0,0,No Rain
2024-11-16,LOC011,37.2,60.26,1008.32,12.95,198.0,27.21,0.0,0.0,0,No Rain
2024-11-17,LOC011,38.47,73.88,1008.39,18.93,265.7,32.0,4.7,0.0,0,No Rain
2024-11-18,LOC011,35.13,59.54,1012.48,14.66,239.9,28.42,20.6,0.0,0,No Rain
2024-11-19,LOC011,35.4,53.84,1008.33,11.62,273.5,27.26,18.4,0.0,0,No Rain
2024-11-20,LOC011,35.48,69.99,1016.22,12.58,302.2,29.29,18.8,0.0,0,No Rain
2024-11-21,LOC011,38.98,63.63,1012.87,12.13,236.2,32.0,23.7,0.0,0,No Rain
2024-11-22,LOC011,35.61,65.29,1012.86,13.99,204.2,28.81,5.2,0.0,0,No Rain
2024-11-23,LOC011,38.9,57.42,1009.68,13.79,250.5,32.0,28.6,0.0,0,No Rain
2024-11-24,LOC011,41.12,72.26,1007.91,12.91,250.0,32.0,29.2,0.0,0,No Rain
2024-11-25,LOC011,37.72,58.45,1007.11,10.9,230.2,29.2,7.8,0.0,0,No Rain
2024-11-26,LOC011,39.63,68.11,1008.47,17.9,167.3,32.0,36.2,0.0,0,No Rain
2024-11-27,LOC011,37.79,66.81,1009.17,13.97,287.1,31.87,15.7,0.0,0,No Rain
2024-11-28,LOC011,35.47,64.54,1013.78,10.04,192.6,27.07,0.0,0.0,0,No Rain
2024-11-29,LOC011,37.0,67.56,1005.92,15.76,292.9,30.88,13.0,0.0,0,No Rain
2024-11-30,LOC011,34.58,56.99,1011.55,13.79,204.9,26.83,1.1,0.0,0,No Rain
2024-12-01,LOC011,38.71,63.55,1008.9,17.89,308.9,31.84,30.1,0.0,0,No Rain
2024-12-02,LOC011,38.19,63.22,1010.4,16.05,235.1,29.82,30.8,0.0,0,No Rain
2024-12-03,LOC011,39.07,67.03,1013.91,10.95,218.6,32.0,6.1,0.0,0,No Rain
2024-12-04,LOC011,36.29,68.83,1005.97,21.13,182.4,29.94,23.0,0.0,0,No Rain
2024-12-05,LOC011,40.13,62.6,1013.25,19.37,199.5,31.95,21.2,0.0,0,No Rain
2024-12-06,LOC011,35.54,51.06,1007.17,14.71,262.1,25.7,14.1,0.0,0,No Rain
2024-12-07,LOC011,41.01,64.74,1009.13,13.25,160.2,32.0,7.2,0.0,0,No Rain
2024-12-08,LOC011,37.79,77.53,1007.2,10.51,265.2,32.0,20.8,0.0,0,No Rain
2024-12-09,LOC011,35.41,68.95,1010.39,25.7,195.9,27.91,22.5,0.0,0,No Rain
2024-12-10,LOC011,36.44,64.59,1009.68,21.2,228.7,28.36,17.4,0.0,0,No Rain
2024-12-11,LOC011,38.77,62.6,1015.1,11.87,207.3,30.19,2.7,0.0,0,No Rain
2024-12-12,LOC011,36.15,62.05,1007.78,13.7,213.4,30.33,0.0,0.0,0,No Rain
2024-12-13,LOC011,37.28,67.27,1011.96,12.4,275.4,31.19,29.5,3.82,0,Light
2024-12-14,LOC011,34.76,63.78,1013.16,12.65,250.8,28.0,21.0,0.0,0,No Rain
2024-12-15,LOC011,36.98,63.65,1007.54,12.06,258.1,28.93,9.1,0.0,0,No Rain
2024-12-16,LOC011,36.46,59.47,1013.88,16.25,228.8,29.25,27.1,0.0,0,No Rain
2024-12-17,LOC011,37.78,61.15,1007.61,16.43,202.4,31.8,6.6,16.0,0,Moderate
2024-12-18,LOC011,37.89,61.27,1009.02,14.95,204.7,29.75,18.8,0.0,0,No Rain
2024-12-19,LOC011,36.77,69.17,1012.43,15.33,216.4,29.99,35.2,0.0,0,No Rain
2024-12-20,LOC011,35.21,71.14,1005.81,10.3,231.4,28.99,22.9,0.0,0,No Rain
2024-12-21,LOC011,39.24,67.8,1013.91,13.78,256.5,31.56,7.3,0.0,0,No Rain
2024-12-22,LOC011,38.21,65.39,1015.27,13.16,225.5,32.0,0.3,0.0,0,No Rain
2024-12-23,LOC011,38.8,60.2,1008.45,10.24,244.1,31.88,11.7,0.0,0,No Rain
2024-12-24,LOC011,38.89,69.21,1011.54,10.46,187.4,32.0,4.0,0.0,0,No Rain
2024-12-25,LOC011,37.43,58.66,1010.68,16.29,258.2,29.96,15.0,0.0,0,No Rain
2024-12-26,LOC011,35.11,68.17,1007.58,15.59,154.9,29.12,28.9,0.0,0,No Rain
2024-12-27,LOC011,37.66,60.08,1013.2,13.18,220.6,29.59,16.3,0.0,0,No Rain
2024-12-28,LOC011,32.68,78.13,1009.52,12.04,153.7,28.65,10.4,0.0,0,No Rain
2024-12-29,LOC011,34.76,59.55,1012.58,10.35,248.6,24.44,12.8,0.0,0,No Rain
2024-12-30,LOC011,35.44,66.68,1011.15,11.81,180.2,28.77,11.1,0.0,0,No Rain
2024-12-31,LOC011,36.01,63.62,1008.73,10.55,193.5,28.23,0.0,0.0,0,No Rain
2025-01-01,LOC011,36.22,68.05,1009.19,10.18,187.7,29.01,39.0,0.0,0,No Rain
2025-01-02,LOC011,35.57,71.95,1005.53,18.22,197.9,29.33,4.4,0.0,0,No Rain
2025-01-03,LOC011,31.7,67.24,1010.15,13.08,198.2,23.69,31.7,0.0,0,No Rain
2025-01-04,LOC011,35.78,72.82,1007.38,16.07,189.9,31.14,38.0,0.0,0,No Rain
2025-01-05,LOC011,34.75,63.52,1013.83,11.46,206.4,26.96,8.8,0.0,0,No Rain
2025-01-06,LOC011,33.87,65.86,1014.2,11.69,243.1,27.47,30.4,0.0,0,No Rain
2025-01-07,LOC011,38.11,73.34,1010.11,13.39,256.9,32.0,26.1,0.0,0,No Rain
2025-01-08,LOC011,32.21,66.63,1008.99,10.43,226.8,25.43,1.9,0.0,0,No Rain
2025-01-09,LOC011,34.84,68.32,1011.9,17.96,214.5,28.9,27.1,0.0,0,No Rain
2025-01-10,LOC011,36.35,67.98,1013.78,14.63,301.2,30.95,12.2,0.0,0,No Rain
2025-01-11,LOC011,37.62,63.53,1009.78,26.29,246.3,31.59,22.5,9.64,0,Light
2025-01-12,LOC011,33.31,71.13,1013.67,10.77,253.8,28.85,13.4,0.0,0,No Rain
2025-01-13,LOC011,39.26,64.2,1012.0,10.49,225.9,32.0,10.4,0.0,0,No Rain
2025-01-14,LOC011,35.0,63.35,1010.82,17.3,229.7,27.31,13.3,0.0,0,No Rain
2025-01-15,LOC011,36.99,73.03,1013.24,11.61,252.5,31.52,0.0,0.0,0,No Rain
2025-01-16,LOC011,36.24,63.74,1009.77,14.56,286.6,29.44,2.6,0.0,0,No Rain
2025-01-17,LOC011,34.04,56.49,1012.07,10.41,214.8,24.55,21.3,0.0,0,No Rain
2025-01-18,LOC011,34.4,70.43,1014.03,11.24,216.8,28.21,6.0,0.0,0,No Rain
2025-01-19,LOC011,33.69,74.95,1005.07,10.87,200.8,28.65,14.7,35.81,0,Moderate
2025-01-20,LOC011,37.76,61.55,1012.27,19.84,241.1,29.02,3.9,0.0,0,No Rain
2025-01-21,LOC011,33.52,65.17,1011.13,11.51,197.5,27.03,14.7,0.0,0,No Rain
2025-01-22,LOC011,36.14,71.89,1009.74,24.11,223.5,29.6,9.8,0.0,0,No Rain
2025-01-23,LOC011,34.4,56.76,1011.41,13.22,222.9,25.06,31.5,0.0,0,No Rain
2025-01-24,LOC011,32.12,60.41,1011.31,13.49,245.3,24.8,23.8,0.0,0,No Rain
2025-01-25,LOC011,38.23,76.29,1012.14,10.61,265.0,32.0,9.6,0.0,0,No Rain
2025-01-26,LOC011,35.15,64.13,1016.68,12.82,214.7,27.95,23.0,0.0,0,No Rain
2025-01-27,LOC011,33.98,74.12,1015.63,11.4,214.3,28.29,16.0,0.0,0,No Rain
2025-01-28,LOC011,36.96,61.37,1013.57,12.99,315.2,29.21,4.7,0.0,0,No Rain
2025-01-29,LOC011,33.53,69.66,1007.49,10.82,242.2,27.59,32.0,0.0,0,No Rain
2025-01-30,LOC011,33.04,68.27,1009.47,16.08,222.2,25.41,8.8,0.0,0,No Rain
2025-01-31,LOC011,36.65,69.94,1010.71,17.19,241.7,32.0,22.6,0.0,0,No Rain
2025-02-01,LOC011,34.91,65.46,1011.61,12.81,207.7,29.15,11.1,0.0,0,No Rain
2025-02-02,LOC011,34.63,66.2,1012.01,16.29,218.8,27.51,10.8,0.0,0,No Rain
2025-02-03,LOC011,35.48,65.98,1012.83,13.98,250.7,29.34,0.0,0.0,0,No Rain
2025-02-04,LOC011,33.36,69.42,1010.06,21.53,235.1,27.65,14.9,25.5,0,Moderate
2025-02-05,LOC011,37.59,62.15,1010.46,17.82,270.1,30.63,15.2,0.0,0,No Rain
2025-02-06,LOC011,32.27,63.14,1008.87,14.51,250.6,25.8,15.8,0.0,0,No Rain
2025-02-07,LOC011,32.08,53.0,1013.45,12.63,274.8,22.36,10.1,0.0,0,No Rain
2025-02-08,LOC011,32.09,72.07,1009.79,12.54,231.0,26.46,27.7,0.0,0,No Rain
2025-02-09,LOC011,31.02,79.88,1012.69,11.39,279.1,27.25,15.3,0.5,0,Light
2025-02-10,LOC011,33.79,59.5,1011.84,24.97,258.4,26.61,9.1,0.0,0,No Rain
2025-02-11,LOC011,34.72,72.14,1009.07,11.15,189.1,29.3,15.2,0.0,0,No Rain
2025-02-12,LOC011,32.33,66.38,1012.78,12.07,242.7,25.95,23.3,0.5,0,Light
2025-02-13,LOC011,29.13,62.6,1010.01,10.45,216.5,22.36,18.0,0.0,0,No Rain
2025-02-14,LOC011,30.99,56.88,1015.71,16.6,223.9,22.17,11.3,0.0,0,No Rain
2025-02-15,LOC011,34.57,56.51,1015.14,13.71,264.8,26.26,18.4,0.0,0,No Rain
2025-02-16,LOC011,31.37,53.88,1005.18,11.37,158.9,22.86,12.0,0.0,0,No Rain
2025-02-17,LOC011,30.41,80.88,1015.49,10.76,216.5,26.07,1.6,0.0,0,No Rain
2025-02-18,LOC011,31.73,62.88,1010.55,16.0,187.7,23.88,39.6,0.0,0,No Rain
2025-02-19,LOC011,32.21,66.16,1013.03,13.25,206.8,24.73,8.4,0.0,0,No Rain
2025-02-20,LOC011,32.35,67.15,1008.81,14.79,150.4,24.88,1.6,0.0,0,No Rain
2025-02-21,LOC011,31.6,59.56,1011.76,13.11,125.6,23.59,2.7,0.0,0,No Rain
2025-02-22,LOC011,31.09,60.57,1010.8,10.94,218.2,22.98,13.6,0.0,0,No Rain
2025-02-23,LOC011,31.25,88.5,1006.56,18.07,198.2,29.42,25.6,0.0,0,No Rain
2025-02-24,LOC011,31.78,65.96,1011.09,21.31,208.4,25.78,2.8,0.0,0,No Rain
2025-02-25,LOC011,28.63,63.39,1007.62,11.77,267.3,22.7,3.8,0.0,0,No Rain
2025-02-26,LOC011,29.59,64.35,1010.35,10.79,198.8,21.8,0.0,0.0,0,No Rain
2025-02-27,LOC011,26.3,75.93,1012.14,19.03,230.6,21.68,15.6,0.0,0,No Rain
2025-02-28,LOC011,31.51,53.68,1010.49,16.01,278.2,21.75,2.5,0.0,0,No Rain
2025-03-01,LOC011,34.86,75.51,1011.58,17.82,186.2,29.65,20.0,5.18,0,Light
2025-03-02,LOC011,31.65,66.63,1014.83,16.67,261.3,27.25,7.0,0.0,0,No Rain
2025-03-03,LOC011,32.09,63.99,1014.97,12.77,229.1,24.79,20.7,0.0,0,No Rain
2025-03-04,LOC011,24.96,59.92,1010.94,14.36,176.1,15.66,16.3,0.0,0,No Rain
2025-03-05,LOC011,33.18,64.05,1006.11,12.25,211.5,26.32,8.7,57.01,0,Moderate
2025-03-06,LOC011,31.92,64.83,1011.18,10.92,265.1,24.16,16.5,0.0,0,No Rain
2025-03-07,LOC011,29.72,59.17,1010.94,12.28,259.4,23.85,8.3,0.0,0,No Rain
2025-03-08,LOC011,32.82,66.8,1012.09,13.7,270.3,25.41,17.3,0.0,0,No Rain
2025-03-09,LOC011,29.09,64.11,1011.26,12.25,229.2,21.19,14.4,0.0,0,No Rain
2025-03-10,LOC011,31.16,59.08,1012.34,20.38,262.1,23.05,7.6,0.0,0,No Rain
2025-03-11,LOC011,30.13,70.57,1010.38,11.17,189.4,23.86,7.2,0.0,0,No Rain
2025-03-12,LOC011,27.45,64.58,1010.27,10.55,250.5,20.02,8.7,0.0,0,No Rain
2025-03-13,LOC011,28.2,60.55,1012.34,10.65,194.6,20.4,32.0,0.0,0,No Rain
2025-03-14,LOC011,27.82,79.99,1012.65,10.65,202.9,22.66,16.4,0.0,0,No Rain
2025-03-15,LOC011,28.35,57.36,1013.05,11.0,163.2,19.33,0.0,0.0,0,No Rain
2025-03-16,LOC011,28.52,63.45,1016.06,11.74,234.4,22.08,18.3,0.0,0,No Rain
2025-03-17,LOC011,30.64,56.54,1007.51,15.96,211.9,21.63,20.7,0.0,0,No Rain
2025-03-18,LOC011,30.3,71.69,1015.27,22.91,189.6,23.88,8.6,0.0,0,No Rain
2025-03-19,LOC011,29.4,65.81,1010.04,12.45,194.3,21.72,15.3,0.0,0,No Rain
2025-03-20,LOC011,29.52,79.12,1010.49,15.15,196.5,25.19,6.6,0.0,0,No Rain
2025-03-21,LOC011,33.02,58.05,1013.12,10.59,264.8,23.69,30.8,0.0,0,No Rain
2025-03-22,LOC011,25.99,65.48,1011.31,17.67,224.9,18.16,9.0,0.0,0,No Rain
2025-03-23,LOC011,35.26,60.53,1011.2,22.02,227.2,25.36,7.2,0.0,0,No Rain
2025-03-24,LOC011,28.95,68.66,1008.08,32.31,204.9,23.08,10.1,0.0,0,No Rain
2025-03-25,LOC011,28.65,61.47,1009.65,14.55,292.5,20.63,12.6,0.0,0,No Rain
2025-03-26,LOC011,27.9,66.96,1007.88,16.99,244.0,21.35,34.2,0.0,0,No Rain
2025-03-27,LOC011,26.54,65.88,1012.65,14.55,181.1,19.88,9.1,5.8,0,Light
2025-03-28,LOC011,28.9,69.86,1007.8,13.59,231.6,22.1,0.0,0.0,0,No Rain
2025-03-29,LOC011,28.58,60.57,1014.12,12.7,152.4,19.76,18.7,0.0,0,No Rain
2025-03-30,LOC011,28.48,61.08,1011.32,12.3,189.0,20.48,26.9,0.0,0,No Rain
2025-03-31,LOC011,28.6,74.13,1011.72,14.29,249.0,22.95,0.0,0.0,0,No Rain
2025-04-01,LOC011,29.56,65.82,1006.52,10.56,205.7,21.6,10.4,10.03,0,Light
2025-04-02,LOC011,27.37,53.82,1014.31,12.85,197.0,18.63,13.9,0.0,0,No Rain
2025-04-03,LOC011,28.66,72.71,1013.07,18.33,183.7,24.92,20.7,0.0,0,No Rain
2025-04-04,LOC011,30.24,72.7,1007.42,14.32,260.7,24.29,34.4,0.0,0,No Rain
2025-04-05,LOC011,29.66,69.53,1008.55,11.57,229.5,22.57,12.2,0.0,0,No Rain
2025-04-06,LOC011,27.29,75.6,1015.12,21.05,166.3,23.21,15.1,0.0,0,No Rain
2025-04-07,LOC011,26.02,66.22,1013.91,13.35,185.8,18.95,21.0,0.0,0,No Rain
2025-04-08,LOC011,26.65,55.11,1009.76,10.34,184.0,16.63,8.2,0.0,0,No Rain
2025-04-09,LOC011,29.87,66.45,1010.23,10.27,203.7,23.06,16.8,0.0,0,No Rain
2025-04-10,LOC011,29.51,70.66,1003.41,11.99,252.1,23.88,11.3,0.0,0,No Rain
2025-04-11,LOC011,30.13,64.4,1006.31,13.24,80.5,23.46,6.7,0.0,0,No Rain
2025-04-12,LOC011,29.92,56.45,1009.84,15.65,238.5,22.06,31.5,0.0,0,No Rain
2025-04-13,LOC011,30.61,58.46,1014.03,12.1,209.9,23.84,33.7,0.0,0,No Rain
2025-04-14,LOC011,25.41,64.11,1011.73,15.49,204.9,18.78,17.4,0.0,0,No Rain
2025-04-15,LOC011,26.96,67.88,1012.31,12.58,250.8,20.21,11.3,0.0,0,No Rain
2025-04-16,LOC011,25.86,63.59,1008.65,10.54,232.2,17.22,23.4,0.0,0,No Rain
2025-04-17,LOC011,32.15,73.88,1011.1,11.42,221.5,27.44,2.0,0.0,0,No Rain
2025-04-18,LOC011,27.61,62.8,1014.07,11.57,242.4,20.42,11.4,0.0,0,No Rain
2025-04-19,LOC011,29.55,66.36,1011.57,13.88,7.1,21.41,16.5,0.0,0,No Rain
2025-04-20,LOC011,30.57,66.0,1011.12,10.15,188.2,24.38,20.8,0.0,0,No Rain
2025-04-21,LOC011,28.54,69.81,1007.99,10.48,178.4,23.17,22.4,0.0,0,No Rain
2025-04-22,LOC011,31.19,56.72,1007.35,13.93,182.6,22.18,34.4,0.0,0,No Rain
2025-04-23,LOC011,30.14,56.86,1010.63,10.43,282.0,20.09,0.0,0.0,0,No Rain
2025-04-24,LOC011,28.42,60.29,1013.33,10.13,254.4,21.12,28.7,0.0,0,No Rain
2025-04-25,LOC011,24.99,76.26,1011.96,14.22,230.9,20.81,0.0,0.0,0,No Rain
2025-04-26,LOC011,27.62,57.79,1014.25,13.36,202.5,19.8,31.4,0.0,0,No Rain
2025-04-27,LOC011,30.25,71.57,1010.26,11.69,238.7,24.51,26.2,0.0,0,No Rain
2025-04-28,LOC011,25.55,70.98,1011.63,16.2,285.8,19.82,22.4,0.0,0,No Rain
2025-04-29,LOC011,25.92,74.85,1014.38,14.12,263.4,21.5,6.9,0.0,0,No Rain
2025-04-30,LOC011,28.0,57.65,1007.67,12.25,263.1,19.69,11.6,0.0,0,No Rain
2025-05-01,LOC011,28.85,65.83,1006.83,11.01,228.1,22.53,17.5,0.0,0,No Rain
2025-05-02,LOC011,26.64,57.16,1008.9,11.46,206.9,17.79,19.1,0.0,0,No Rain
2025-05-03,LOC011,28.07,70.03,1011.83,23.29,208.3,22.44,16.4,0.0,0,No Rain
2025-05-04,LOC011,26.57,66.33,1008.59,17.48,238.2,19.76,17.9,0.0,0,No Rain
2025-05-05,LOC011,27.68,64.1,1010.0,13.06,189.6,19.76,6.4,0.0,0,No Rain
2025-05-06,LOC011,24.56,70.08,1011.11,14.05,154.1,18.03,8.8,0.0,0,No Rain
2025-05-07,LOC011,25.26,60.09,1012.36,11.18,255.6,17.39,19.1,0.0,0,No Rain
2025-05-08,LOC011,27.97,67.24,1014.12,11.46,243.2,22.71,11.7,0.0,0,No Rain
2025-05-09,LOC011,24.39,65.46,1010.17,11.51,268.5,16.63,24.9,0.0,0,No Rain
2025-05-10,LOC011,28.83,53.95,1010.43,11.15,207.9,19.6,1.6,0.0,0,No Rain
2025-05-11,LOC011,23.79,61.21,1009.65,15.62,266.3,15.71,19.9,0.0,0,No Rain
2025-05-12,LOC011,23.82,66.09,1011.9,28.48,285.5,16.64,21.6,0.0,0,No Rain
2025-05-13,LOC011,23.65,71.26,1010.65,11.35,213.8,17.71,11.4,0.0,0,No Rain
2025-05-14,LOC011,29.48,78.55,1010.73,18.49,224.1,25.08,3.4,0.0,0,No Rain
2025-05-15,LOC011,27.04,62.06,1014.26,14.17,175.3,19.41,16.7,0.0,0,No Rain
2025-05-16,LOC011,27.61,69.18,1013.13,14.11,259.7,21.9,37.3,1.24,0,Light
2025-05-17,LOC011,30.48,52.54,1011.79,14.29,169.7,21.13,30.2,0.0,0,No Rain
2025-05-18,LOC011,24.89,66.88,1010.45,12.04,264.0,18.95,16.3,0.0,0,No Rain
2025-05-19,LOC011,27.42,74.66,1008.9,16.44,201.0,23.16,0.2,0.0,0,No Rain
2025-05-20,LOC011,25.88,83.99,1002.88,19.16,197.4,24.35,9.8,0.0,0,No Rain
2025-05-21,LOC011,23.46,65.17,1008.0,20.7,184.6,16.78,9.8,0.0,0,No Rain
2025-05-22,LOC011,28.42,69.66,1011.47,10.89,202.0,22.61,30.9,0.0,0,No Rain
2025-05-23,LOC011,28.27,61.29,1009.61,15.8,173.6,20.25,4.3,0.0,0,No Rain
2025-05-24,LOC011,26.67,58.78,1010.36,11.19,297.4,19.1,28.5,0.0,0,No Rain
2025-05-25,LOC011,25.73,64.94,1010.08,16.44,262.0,19.27,22.8,9.41,0,Light
2025-05-26,LOC011,27.68,62.81,1010.26,17.03,224.4,20.22,18.4,0.0,0,No Rain
2025-05-27,LOC011,28.66,76.99,1009.21,15.41,272.9,24.68,17.6,0.0,0,No Rain
2025-05-28,LOC011,26.94,82.67,1009.16,12.28,201.6,23.76,14.4,21.22,0,Moderate
2025-05-29,LOC011,26.2,59.64,1007.16,19.5,230.6,18.53,21.7,0.0,0,No Rain
2025-05-30,LOC011,23.76,62.18,1007.68,20.46,209.2,15.71,20.5,9.78,0,Light
2025-05-31,LOC011,27.17,60.39,1008.68,15.64,288.7,18.58,25.6,0.0,0,No Rain
2025-06-01,LOC011,22.53,81.06,1007.22,19.14,254.4,20.09,60.7,0.0,0,No Rain
2025-06-02,LOC011,29.07,73.11,1007.66,17.4,213.5,22.99,34.1,0.0,0,No Rain
2025-06-03,LOC011,24.19,72.9,1007.95,14.99,230.9,19.05,23.2,0.0,0,No Rain
2025-06-04,LOC011,26.1,88.99,1007.81,16.55,188.0,23.62,31.5,0.0,0,No Rain
2025-06-05,LOC011,24.51,79.43,1007.5,23.41,223.7,21.28,52.1,0.0,0,No Rain
2025-06-06,LOC011,29.46,71.96,1005.62,17.92,235.2,22.16,42.9,0.0,0,No Rain
2025-06-07,LOC011,26.56,65.84,1003.78,17.01,293.0,18.84,40.5,0.0,0,No Rain
2025-06-08,LOC011,26.01,77.61,1003.09,15.19,224.7,21.91,48.6,0.0,0,No Rain
2025-06-09,LOC011,26.9,81.98,1008.68,18.83,201.4,23.2,46.3,3.31,0,Light
2025-06-10,LOC011,28.03,78.66,1002.45,27.36,202.7,22.05,35.6,15.5,0,Light
2025-06-11,LOC011,26.06,71.8,998.51,15.07,199.2,20.64,38.4,0.0,0,No Rain
2025-06-12,LOC011,26.64,78.96,1007.06,21.04,210.8,21.23,28.7,0.0,0,No Rain
2025-06-13,LOC011,26.88,78.26,1005.61,15.3,196.8,24.25,44.9,0.0,0,No Rain
2025-06-14,LOC011,25.58,71.52,1003.18,15.35,205.4,19.18,58.5,0.0,0,No Rain
2025-06-15,LOC011,25.53,78.99,1006.18,22.17,209.1,20.52,37.5,0.0,0,No Rain
2025-06-16,LOC011,27.87,77.71,1007.19,19.99,231.0,23.19,62.7,38.22,0,Moderate
2025-06-17,LOC011,23.87,68.21,1005.77,18.8,236.8,17.07,59.8,0.0,0,No Rain
2025-06-18,LOC011,29.11,66.13,1007.88,27.78,302.3,23.65,33.6,142.73,1,Very/Extremely Heavy
2025-06-19,LOC011,30.66,73.05,1006.64,21.82,247.1,25.61,45.1,16.0,0,Moderate
2025-06-20,LOC011,27.77,77.93,1005.85,25.38,204.8,22.3,33.3,16.0,0,Moderate
2025-06-21,LOC011,27.35,68.54,1004.51,16.49,241.1,21.99,34.0,0.91,0,Light
2025-06-22,LOC011,25.34,74.6,1005.29,17.43,261.0,19.98,15.0,0.71,0,Light
2025-06-23,LOC011,23.29,71.89,1005.33,17.16,174.6,16.58,35.3,0.0,0,No Rain
2025-06-24,LOC011,23.58,68.43,1008.25,14.98,196.4,18.04,50.8,0.0,0,No Rain
2025-06-25,LOC011,23.1,80.4,1001.63,15.89,293.9,19.69,28.2,2.45,0,Light
2025-06-26,LOC011,25.31,74.48,1003.0,18.01,227.5,20.2,18.1,0.0,0,No Rain
2025-06-27,LOC011,26.11,77.42,1009.51,17.17,300.0,22.67,42.8,0.0,0,No Rain
2025-06-28,LOC011,26.73,76.2,1007.42,16.31,257.5,22.17,33.6,64.0,0,Moderate
2025-06-29,LOC011,26.31,78.41,1004.05,17.02,227.3,22.21,39.0,0.0,0,No Rain
2025-06-30,LOC011,24.75,74.56,1008.2,15.02,198.8,20.92,43.4,16.0,0,Moderate
2025-07-01,LOC011,26.2,99.0,1004.04,24.57,294.0,25.82,85.3,19.17,0,Moderate
2025-07-02,LOC011,25.89,95.61,1000.17,23.3,221.2,24.04,67.6,15.5,0,Light
2025-07-03,LOC011,21.39,96.42,998.43,26.57,286.7,20.3,86.0,3.85,0,Light
2025-07-04,LOC011,22.02,99.0,1001.91,27.37,226.7,21.33,60.2,16.0,0,Moderate
2025-07-05,LOC011,22.7,93.5,999.8,23.42,242.8,22.35,59.4,18.45,0,Moderate
2025-07-06,LOC011,27.68,97.03,1000.75,23.56,236.2,28.03,84.3,5.53,0,Light
2025-07-07,LOC011,24.31,95.9,998.52,27.79,197.9,24.9,77.4,3.06,0,Light
2025-07-08,LOC011,25.61,89.41,1002.21,23.3,268.7,23.0,81.1,1.26,0,Light
2025-07-09,LOC011,26.35,93.3,1003.49,24.4,217.3,25.44,67.8,1.03,0,Light
2025-07-10,LOC011,26.65,99.0,996.94,31.76,226.1,26.39,83.1,1.08,0,Light
2025-07-11,LOC011,22.67,99.0,994.41,23.35,234.0,23.95,65.4,0.0,0,No Rain
2025-07-12,LOC011,24.78,98.56,997.73,23.9,245.4,24.03,67.6,2.06,0,Light
2025-07-13,LOC011,24.62,99.0,999.36,24.79,190.0,26.07,74.2,16.0,0,Moderate
2025-07-14,LOC011,25.74,95.58,1003.52,30.42,274.3,25.77,92.3,4.37,0,Light
2025-07-15,LOC011,26.36,95.39,1001.5,26.19,229.1,26.05,80.0,0.0,0,No Rain
2025-07-16,LOC011,22.76,88.83,1000.25,25.2,180.3,21.1,83.1,12.6,0,Light
2025-07-17,LOC011,22.16,90.65,1002.16,25.27,222.5,21.69,92.4,10.07,0,Light
2025-07-18,LOC011,25.28,99.0,1003.0,23.67,160.3,25.5,83.4,4.94,0,Light
2025-07-19,LOC011,25.56,99.0,997.23,23.69,237.6,24.94,69.0,4.08,0,Light
2025-07-20,LOC011,27.23,93.51,998.37,29.45,297.9,26.19,83.2,39.92,0,Moderate
2025-07-21,LOC011,24.65,90.33,999.71,23.26,184.1,21.97,94.7,3.27,0,Light
2025-07-22,LOC011,29.15,99.0,1002.66,25.58,282.3,28.99,81.0,0.0,0,No Rain
2025-07-23,LOC011,24.84,99.0,1001.45,23.8,307.4,23.33,70.2,101.75,1,Heavy
2025-07-24,LOC011,27.17,91.27,1001.21,26.05,227.9,25.72,82.2,6.17,0,Light
2025-07-25,LOC011,28.22,99.0,994.39,28.7,291.0,27.57,75.8,1.95,0,Light
2025-07-26,LOC011,26.77,91.86,1003.14,23.55,295.8,26.24,96.4,0.0,0,No Rain
2025-07-27,LOC011,26.16,97.61,999.29,25.16,266.1,27.16,81.2,54.47,0,Moderate
2025-07-28,LOC011,27.89,99.0,999.44,23.56,226.0,27.17,81.4,3.02,0,Light
2025-07-29,LOC011,27.98,94.87,993.97,30.49,190.6,26.65,82.8,10.84,0,Light
2025-07-30,LOC011,27.12,98.46,1002.86,24.69,339.4,26.09,89.9,0.84,0,Light
2025-07-31,LOC011,26.68,99.0,1004.94,24.3,220.7,26.88,88.3,15.5,0,Light
2025-08-01,LOC011,25.55,99.0,1003.89,33.41,267.9,25.05,89.3,143.91,1,Very/Extremely Heavy
2025-08-02,LOC011,26.35,98.68,1003.38,25.26,271.8,26.56,64.7,39.8,0,Moderate
2025-08-03,LOC011,29.03,92.74,1005.09,45.16,230.9,28.22,67.5,9.85,0,Light
2025-08-04,LOC011,27.3,98.81,1002.74,25.39,205.8,26.2,82.8,4.98,0,Light
2025-08-05,LOC011,29.43,91.91,1002.56,23.94,231.5,27.38,80.2,2.45,0,Light
2025-08-06,LOC011,27.23,96.58,996.73,27.35,346.5,26.32,70.8,14.3,0,Light
2025-08-07,LOC011,28.18,97.69,999.56,35.36,288.2,26.66,86.4,16.0,0,Moderate
2025-08-08,LOC011,30.26,90.69,1006.15,24.55,230.0,28.91,93.0,6.09,0,Light
2025-08-09,LOC011,28.43,99.0,1000.65,26.48,226.9,28.04,81.3,2.06,0,Light
2025-08-10,LOC011,30.38,99.0,999.96,36.21,256.3,30.43,80.8,65.0,1,Heavy
2025-08-11,LOC011,24.4,97.48,997.85,24.2,234.0,24.64,98.3,1.18,0,Light
2025-08-12,LOC011,31.94,94.39,1002.08,24.86,179.6,32.0,76.2,6.27,0,Light
2025-08-13,LOC011,29.62,97.34,991.79,23.75,183.6,29.55,69.9,0.5,0,Light
2025-08-14,LOC011,27.45,99.0,998.59,23.39,177.9,27.79,54.8,50.01,0,Moderate
2025-08-15,LOC011,28.28,99.0,997.34,25.02,203.0,27.39,85.1,6.7,0,Light
2025-08-16,LOC011,27.15,98.16,1003.19,33.08,214.6,26.37,80.3,57.74,0,Moderate
2025-08-17,LOC011,28.3,92.87,1001.95,25.9,192.5,26.68,88.4,0.58,0,Light
2025-08-18,LOC011,26.7,96.84,997.14,25.73,223.9,26.22,83.8,0.0,0,No Rain
2025-08-19,LOC011,30.4,95.8,995.87,32.6,207.8,28.09,62.4,1.31,0,Light
2025-08-20,LOC011,30.81,99.0,999.88,25.15,243.1,30.33,86.0,26.21,0,Moderate
2025-08-21,LOC011,26.59,93.07,1002.09,28.56,194.4,25.06,79.5,1.46,0,Light
2025-08-22,LOC011,29.99,94.3,999.21,42.18,260.6,29.0,83.3,8.31,0,Light
2025-08-23,LOC011,29.12,98.98,994.33,24.3,277.7,28.49,86.7,47.04,0,Moderate
2025-08-24,LOC011,27.19,94.77,998.26,24.39,250.7,25.62,82.6,65.0,1,Heavy
2025-08-25,LOC011,26.13,92.57,994.66,24.02,204.2,24.67,83.5,16.0,0,Moderate
2025-08-26,LOC011,30.34,97.36,994.73,38.6,171.9,29.89,78.5,51.95,0,Moderate
2025-08-27,LOC011,30.32,90.3,1002.2,29.37,261.2,28.44,70.2,16.0,0,Moderate
2025-08-28,LOC011,32.3,99.0,1002.88,23.4,250.5,31.62,95.0,5.29,0,Light
2025-08-29,LOC011,30.04,85.53,1003.87,23.25,291.0,27.47,58.2,2.43,0,Light
2025-08-30,LOC011,27.52,98.9,997.84,31.09,173.1,27.67,95.2,0.5,0,Light
2025-08-31,LOC011,28.1,95.56,1000.33,24.49,136.8,26.38,72.7,0.0,0,No Rain
2025-09-01,LOC011,30.24,70.8,1005.51,19.62,193.8,23.97,29.7,0.0,0,No Rain
2025-09-02,LOC011,31.61,74.32,1009.36,21.1,204.9,26.49,42.0,0.0,0,No Rain
2025-09-03,LOC011,31.73,78.08,1010.85,19.61,278.1,28.45,22.2,0.0,0,No Rain
2025-09-04,LOC011,32.26,67.35,1007.09,21.15,311.1,24.78,4.0,0.0,0,No Rain
2025-09-05,LOC011,36.33,74.78,1005.19,16.45,269.3,30.57,45.8,0.0,0,No Rain
2025-09-06,LOC011,31.36,76.66,1004.41,15.03,201.3,27.04,42.5,0.0,0,No Rain
2025-09-07,LOC011,29.6,72.44,1008.16,24.33,221.5,25.46,31.1,0.0,0,No Rain
2025-09-08,LOC011,31.45,67.12,1001.04,18.16,283.1,24.16,36.6,0.0,0,No Rain
2025-09-09,LOC011,32.61,78.5,996.56,16.12,294.5,28.12,18.9,1.19,0,Light
2025-09-10,LOC011,31.88,68.9,1004.37,21.27,181.3,24.94,43.2,0.0,0,No Rain
2025-09-11,LOC011,33.62,79.37,1007.72,15.61,210.0,29.37,46.4,0.0,0,No Rain
2025-09-12,LOC011,35.41,74.67,1005.27,18.56,239.1,29.81,35.2,0.0,0,No Rain
2025-09-13,LOC011,31.43,76.43,1007.44,15.83,237.9,26.83,39.7,0.0,0,No Rain
2025-09-14,LOC011,35.41,77.37,1007.9,16.37,199.5,30.45,45.0,0.0,0,No Rain
2025-09-15,LOC011,32.33,69.16,1008.3,17.63,318.3,26.01,34.1,0.0,0,No Rain
2025-09-16,LOC011,31.69,74.89,1003.73,19.49,208.6,26.5,42.2,0.0,0,No Rain
2025-09-17,LOC011,33.35,63.1,1004.2,15.75,290.7,26.19,37.7,0.0,0,No Rain
2025-09-18,LOC011,34.05,75.69,1005.62,14.96,222.7,28.31,14.2,0.0,0,No Rain
2025-09-19,LOC011,34.2,72.39,1002.87,15.06,253.5,30.66,41.4,0.0,0,No Rain
2025-09-20,LOC011,32.56,82.3,999.54,23.19,223.3,29.58,37.6,0.0,0,No Rain
2025-09-21,LOC011,33.99,71.49,1000.11,19.88,286.1,28.57,22.1,0.0,0,No Rain
2025-09-22,LOC011,36.24,73.79,1004.91,16.95,240.5,30.46,41.5,7.37,0,Light
2025-09-23,LOC011,34.42,75.21,1002.41,20.05,208.0,29.4,53.9,15.5,0,Light
2025-09-24,LOC011,34.04,79.98,1005.61,28.17,197.5,29.69,38.5,2.65,0,Light
2025-09-25,LOC011,33.78,84.0,1009.4,16.42,279.7,30.49,48.0,0.0,0,No Rain
2025-09-26,LOC011,33.83,85.77,1000.02,16.76,245.3,31.68,33.8,23.43,0,Moderate
2025-09-27,LOC011,38.19,77.29,1002.11,21.97,296.2,32.0,42.5,0.0,0,No Rain
2025-09-28,LOC011,33.47,77.38,1006.18,20.23,218.2,29.05,35.7,0.0,0,No Rain
2025-09-29,LOC011,33.3,72.74,1008.46,29.13,185.4,28.11,43.3,0.0,0,No Rain
2025-09-30,LOC011,36.87,79.77,1007.05,16.15,236.1,32.0,29.7,0.0,0,No Rain
2025-10-01,LOC011,32.88,70.42,1010.73,21.76,206.7,27.59,1.1,0.0,0,No Rain
2025-10-02,LOC011,32.44,58.9,1012.95,10.78,202.5,24.74,9.9,0.0,0,No Rain
2025-10-03,LOC011,35.28,67.11,1008.82,11.16,239.3,27.86,43.9,0.0,0,No Rain
2025-10-04,LOC011,37.59,66.14,1005.57,14.15,211.9,30.6,20.5,0.0,0,No Rain
2025-10-05,LOC011,37.73,59.51,1010.36,14.93,221.1,28.95,15.5,0.0,0,No Rain
2025-10-06,LOC011,37.26,66.05,1010.28,19.41,225.0,29.29,7.6,0.0,0,No Rain
2025-10-07,LOC011,37.47,74.73,1012.87,12.39,204.6,30.54,17.3,0.53,0,Light
2025-10-08,LOC011,36.58,66.88,1011.11,13.74,297.3,29.23,6.9,0.0,0,No Rain
2025-10-09,LOC011,33.06,57.86,1012.1,17.3,226.2,23.94,30.3,0.0,0,No Rain
2025-10-10,LOC011,35.48,63.74,1011.87,11.66,252.9,28.73,7.2,0.0,0,No Rain
2025-10-11,LOC011,37.04,61.33,1009.57,11.7,263.7,29.13,29.2,0.0,0,No Rain
2025-10-12,LOC011,34.25,57.58,1011.99,13.26,252.8,25.17,15.9,0.0,0,No Rain
2025-10-13,LOC011,34.33,70.29,1009.03,12.11,194.9,28.07,11.4,0.0,0,No Rain
2025-10-14,LOC011,35.7,63.19,1010.54,10.99,219.9,28.27,16.5,0.0,0,No Rain
2025-10-15,LOC011,38.13,64.04,1011.53,15.71,264.8,30.66,13.2,0.0,0,No Rain
2025-10-16,LOC011,34.19,59.44,1005.81,11.77,208.4,25.46,8.3,0.0,0,No Rain
2025-10-17,LOC011,32.15,69.93,1011.54,10.95,281.9,25.5,8.6,0.0,0,No Rain
2025-10-18,LOC011,38.04,66.11,1015.88,20.47,211.1,30.77,19.3,0.0,0,No Rain
2025-10-19,LOC011,40.86,73.73,1010.81,19.37,228.5,32.0,30.2,0.0,0,No Rain
2025-10-20,LOC011,39.35,71.24,1010.64,14.66,187.1,32.0,1.0,0.0,0,No Rain
2025-10-21,LOC011,34.54,59.76,1010.26,14.78,152.6,26.72,29.6,0.0,0,No Rain
2025-10-22,LOC011,39.34,63.53,1010.44,11.87,210.8,32.0,19.1,0.0,0,No Rain
2025-10-23,LOC011,39.73,72.09,1005.03,15.48,195.0,32.0,32.7,2.93,0,Light
2025-10-24,LOC011,37.95,64.87,1011.66,16.85,277.0,30.65,23.3,0.0,0,No Rain
2025-10-25,LOC011,37.35,76.75,1011.33,12.6,153.7,32.0,27.7,0.0,0,No Rain
2025-10-26,LOC011,37.32,61.7,1007.72,15.7,212.9,30.19,14.1,0.0,0,No Rain
2025-10-27,LOC011,36.59,53.7,1009.89,13.01,200.4,28.12,10.3,0.59,0,Light
2025-10-28,LOC011,37.6,74.89,1010.11,19.87,221.6,32.0,26.6,0.0,0,No Rain
2025-10-29,LOC011,39.43,64.2,1010.79,14.69,300.3,32.0,8.2,0.0,0,No Rain
2025-10-30,LOC011,38.39,64.36,1012.99,10.93,264.1,30.68,26.0,0.0,0,No Rain
2025-10-31,LOC011,38.43,60.91,1008.23,12.59,237.2,31.09,31.8,0.0,0,No Rain
2025-11-01,LOC011,33.2,68.96,1010.7,17.42,149.6,27.19,12.7,0.0,0,No Rain
2025-11-02,LOC011,37.23,58.33,1012.28,15.69,277.6,29.27,5.2,0.0,0,No Rain
2025-11-03,LOC011,37.23,69.55,1013.82,10.08,241.4,31.21,42.0,0.0,0,No Rain
2025-11-04,LOC011,35.81,67.01,1011.0,17.23,198.3,28.34,6.9,0.0,0,No Rain
2025-11-05,LOC011,36.69,74.75,1013.07,10.08,298.8,30.91,18.7,0.0,0,No Rain
2025-11-06,LOC011,36.14,65.94,1012.0,10.39,247.7,29.72,0.9,0.0,0,No Rain
2025-11-07,LOC011,33.97,72.11,1013.75,12.3,347.8,29.0,10.3,0.0,0,No Rain
2025-11-08,LOC011,37.62,62.0,1008.7,12.35,211.6,29.47,10.9,0.0,0,No Rain
2025-11-09,LOC011,39.88,54.54,1011.63,14.68,213.5,30.65,20.3,0.0,0,No Rain
2025-11-10,LOC011,35.88,63.98,1008.82,12.7,268.6,30.66,39.2,0.0,0,No Rain
2025-11-11,LOC011,35.78,61.39,1011.92,16.55,231.0,28.56,8.7,0.0,0,No Rain
2025-11-12,LOC011,36.73,72.59,1012.8,11.44,257.6,31.8,4.0,0.0,0,No Rain
2025-11-13,LOC011,35.89,58.46,1010.71,13.36,227.1,25.78,27.5,0.0,0,No Rain
2025-11-14,LOC011,36.02,58.17,1011.35,13.58,259.3,27.85,29.5,0.0,0,No Rain
2025-11-15,LOC011,37.96,65.39,1011.55,15.48,216.4,32.0,19.1,0.0,0,No Rain
2025-11-16,LOC011,38.71,73.2,1013.56,11.13,277.0,32.0,5.3,0.0,0,No Rain
2025-11-17,LOC011,36.49,72.65,1008.94,14.26,227.4,31.06,24.8,0.0,0,No Rain
2025-11-18,LOC011,36.64,74.13,1011.34,17.88,239.4,31.3,17.0,0.0,0,No Rain
2025-11-19,LOC011,36.16,62.85,1008.57,12.12,228.4,29.95,0.0,0.0,0,No Rain
2025-11-20,LOC011,37.17,66.96,1005.67,10.55,198.5,30.91,0.0,0.0,0,No Rain
2025-11-21,LOC011,37.1,61.35,1012.3,10.4,195.0,28.97,12.3,0.0,0,No Rain
2025-11-22,LOC011,34.69,68.01,1007.65,10.61,273.7,28.6,27.0,0.0,0,No Rain
2025-11-23,LOC011,35.96,69.45,1011.27,11.1,232.1,29.86,17.3,0.0,0,No Rain
2025-11-24,LOC011,37.1,59.92,1009.6,10.99,200.4,29.27,12.1,0.0,0,No Rain
2025-11-25,LOC011,40.42,73.8,1011.87,10.8,228.4,32.0,3.4,0.0,0,No Rain
2025-11-26,LOC011,35.67,63.83,1010.73,10.11,235.4,26.5,15.3,0.75,0,Light
2025-11-27,LOC011,37.21,69.57,1011.65,18.89,232.4,29.53,13.9,0.0,0,No Rain
2025-11-28,LOC011,38.55,62.99,1010.39,10.63,211.2,30.56,39.8,0.0,0,No Rain
2025-11-29,LOC011,37.06,64.31,1007.77,17.21,269.8,29.52,24.0,0.0,0,No Rain
2025-11-30,LOC011,38.26,63.22,1012.38,10.37,216.0,31.74,26.8,0.0,0,No Rain
2025-12-01,LOC011,36.85,67.84,1009.72,13.27,207.6,29.82,8.1,0.5,0,Light
2025-12-02,LOC011,35.98,59.27,1008.24,11.58,262.8,27.82,28.3,0.0,0,No Rain
2025-12-03,LOC011,35.46,77.87,1006.37,21.96,246.7,31.83,28.1,0.0,0,No Rain
2025-12-04,LOC011,38.51,69.41,1010.66,11.11,244.2,32.0,9.5,0.0,0,No Rain
2025-12-05,LOC011,36.04,68.15,1012.74,12.31,204.4,29.13,31.9,0.0,0,No Rain
2025-12-06,LOC011,35.5,69.15,1014.07,11.19,172.0,27.67,25.6,0.0,0,No Rain
2025-12-07,LOC011,35.5,58.76,1010.27,12.27,224.5,26.56,38.2,0.0,0,No Rain
2025-12-08,LOC011,32.61,61.95,1008.66,14.95,191.5,25.24,21.6,0.0,0,No Rain
2025-12-09,LOC011,37.13,66.94,1011.17,11.07,219.1,29.81,15.5,0.0,0,No Rain
2025-12-10,LOC011,36.72,62.57,1013.23,13.18,238.1,28.41,29.3,0.0,0,No Rain
2025-12-11,LOC011,35.19,63.22,1006.87,12.74,184.9,29.22,14.1,0.0,0,No Rain
2025-12-12,LOC011,38.02,66.94,1015.6,12.73,253.0,31.0,6.7,35.85,0,Moderate
2025-12-13,LOC011,38.63,63.86,1013.28,20.97,220.6,31.51,20.9,0.0,0,No Rain
2025-12-14,LOC011,35.75,63.39,1011.31,10.84,309.0,29.41,25.8,0.0,0,No Rain
2025-12-15,LOC011,34.49,58.64,1008.76,11.15,180.8,26.62,29.1,0.0,0,No Rain
2025-12-16,LOC011,36.13,59.37,1012.38,13.23,235.5,28.86,0.0,0.0,0,No Rain
2025-12-17,LOC011,36.29,68.93,1006.23,21.66,248.6,30.42,28.8,0.0,0,No Rain
2025-12-18,LOC011,34.36,66.01,1009.79,16.37,280.1,28.01,23.9,0.0,0,No Rain
2025-12-19,LOC011,36.14,62.03,1012.32,14.75,267.8,28.68,35.4,0.0,0,No Rain
2025-12-20,LOC011,35.75,63.86,1012.4,13.83,196.5,27.63,0.0,0.0,0,No Rain
2025-12-21,LOC011,36.27,62.09,1013.16,13.17,225.2,28.78,0.2,0.0,0,No Rain
2025-12-22,LOC011,38.7,59.55,1011.86,10.15,211.6,31.75,17.1,0.0,0,No Rain
2025-12-23,LOC011,31.97,53.32,1011.22,10.8,228.6,22.43,4.7,0.0,0,No Rain
2025-12-24,LOC011,37.14,60.4,1009.95,13.85,235.6,28.41,18.1,6.22,0,Light
2025-12-25,LOC011,35.51,62.97,1009.84,14.61,256.3,29.21,11.9,0.0,0,No Rain
2025-12-26,LOC011,38.89,74.14,1009.85,11.16,250.4,32.0,10.3,0.0,0,No Rain
2025-12-27,LOC011,36.49,73.71,1011.66,13.11,255.7,30.82,14.3,0.0,0,No Rain
2025-12-28,LOC011,37.6,57.86,1008.64,10.74,286.0,30.81,4.7,0.0,0,No Rain
2025-12-29,LOC011,37.29,65.15,1009.94,15.21,225.4,30.41,12.5,0.0,0,No Rain
2025-12-30,LOC011,39.36,60.4,1010.13,14.0,236.0,30.49,11.1,16.0,0,Moderate
2025-12-31,LOC011,37.53,59.91,1006.96,13.17,248.0,30.35,15.5,0.0,0,No Rain
2024-01-01,LOC012,37.68,60.46,945.84,11.21,59.3,29.01,3.4,0.0,0,No Rain
2024-01-02,LOC012,34.18,54.73,949.06,15.25,18.5,25.69,0.0,0.0,0,No Rain
2024-01-03,LOC012,36.64,44.38,951.44,23.36,60.3,25.37,17.9,0.0,0,No Rain
2024-01-04,LOC012,34.99,52.84,947.63,10.93,68.1,25.42,17.0,0.0,0,No Rain
2024-01-05,LOC012,41.17,57.7,944.85,14.3,329.9,32.0,33.5,11.8,0,Light
2024-01-06,LOC012,31.76,58.1,951.34,19.82,7.9,23.66,5.5,0.0,0,No Rain
2024-01-07,LOC012,32.84,59.84,945.7,10.41,35.5,25.06,10.4,0.0,0,No Rain
2024-01-08,LOC012,33.97,48.88,945.52,11.55,72.4,24.83,33.0,0.0,0,No Rain
2024-01-09,LOC012,33.67,50.88,945.36,11.7,339.9,23.63,21.1,0.0,0,No Rain
2024-01-10,LOC012,34.82,38.43,948.81,12.87,92.5,21.99,22.1,0.0,0,No Rain
2024-01-11,LOC012,37.2,52.03,947.34,10.23,120.2,28.69,9.6,0.0,0,No Rain
2024-01-12,LOC012,31.14,55.68,948.51,10.65,26.2,22.28,28.4,0.0,0,No Rain
2024-01-13,LOC012,35.98,48.42,948.24,11.87,82.7,26.11,11.7,0.0,0,No Rain
2024-01-14,LOC012,31.85,57.38,953.38,12.88,95.5,24.94,26.2,0.0,0,No Rain
2024-01-15,LOC012,35.82,62.78,945.86,11.27,357.9,28.85,28.3,0.0,0,No Rain
2024-01-16,LOC012,35.01,55.89,948.7,14.14,26.0,26.58,21.1,0.0,0,No Rain
2024-01-17,LOC012,36.02,54.14,946.48,11.52,32.6,28.24,31.2,0.0,0,No Rain
2024-01-18,LOC012,32.81,64.39,948.06,13.9,93.1,25.7,29.9,0.0,0,No Rain
2024-01-19,LOC012,32.61,53.08,946.75,12.62,9.3,24.06,12.7,0.0,0,No Rain
2024-01-20,LOC012,29.4,58.51,951.03,11.31,94.6,21.54,3.3,0.0,0,No Rain
2024-01-21,LOC012,32.51,40.04,946.33,12.93,41.4,20.62,30.0,0.0,0,No Rain
2024-01-22,LOC012,32.26,68.51,946.88,11.29,73.8,26.1,0.3,0.0,0,No Rain
2024-01-23,LOC012,34.38,49.32,948.81,18.04,79.5,23.88,6.9,0.0,0,No Rain
2024-01-24,LOC012,32.0,61.63,946.02,11.52,58.2,24.98,24.1,0.0,0,No Rain
2024-01-25,LOC012,35.41,57.99,943.89,10.69,10.3,28.07,12.3,16.53,0,Moderate
2024-01-26,LOC012,33.32,54.57,945.79,11.36,55.3,25.14,19.8,0.0,0,No Rain
2024-01-27,LOC012,33.43,67.84,948.15,16.88,122.4,27.37,20.8,15.43,0,Light
2024-01-28,LOC012,30.82,49.25,946.71,12.17,33.6,21.13,10.1,0.0,0,No Rain
2024-01-29,LOC012,31.08,44.65,943.32,10.46,52.3,20.38,0.0,0.0,0,No Rain
2024-01-30,LOC012,32.52,54.3,950.82,10.01,33.0,22.93,21.2,0.0,0,No Rain
2024-01-31,LOC012,34.25,65.39,943.0,11.0,6.4,28.59,17.3,0.0,0,No Rain
2024-02-01,LOC012,31.33,53.38,947.63,16.36,81.4,22.47,8.0,0.0,0,No Rain
2024-02-02,LOC012,34.68,68.42,951.7,15.31,31.4,28.45,17.8,0.0,0,No Rain
2024-02-03,LOC012,33.54,57.29,951.0,13.4,96.1,23.95,19.8,0.0,0,No Rain
2024-02-04,LOC012,33.92,53.31,949.72,22.86,166.0,26.46,21.5,0.0,0,No Rain
2024-02-05,LOC012,29.96,58.85,944.52,14.39,136.6,21.53,35.5,0.0,0,No Rain
2024-02-06,LOC012,30.38,50.33,951.21,14.62,109.9,20.52,30.1,0.0,0,No Rain
2024-02-07,LOC012,29.59,48.95,947.39,11.54,38.3,19.17,0.0,0.0,0,No Rain
2024-02-08,LOC012,31.82,54.23,944.32,11.29,100.1,24.78,29.6,0.0,0,No Rain
2024-02-09,LOC012,30.61,53.14,945.85,12.53,61.5,20.74,7.0,0.0,0,No Rain
2024-02-10,LOC012,35.86,63.63,947.91,19.6,82.1,28.21,33.3,0.0,0,No Rain
2024-02-11,LOC012,30.19,54.07,944.82,19.15,35.3,20.04,18.9,0.0,0,No Rain
2024-02-12,LOC012,26.64,48.64,946.42,10.15,67.9,14.65,28.3,0.0,0,No Rain
2024-02-13,LOC012,31.13,49.11,944.52,11.99,76.0,20.22,20.8,0.0,0,No Rain
2024-02-14,LOC012,28.04,53.87,944.01,39.59,41.7,19.0,9.3,18.76,0,Moderate
2024-02-15,LOC012,27.87,56.66,945.74,11.25,74.4,18.97,10.7,0.0,0,No Rain
2024-02-16,LOC012,29.2,55.19,946.58,10.75,40.3,20.79,8.1,0.0,0,No Rain
2024-02-17,LOC012,32.44,61.68,943.3,13.06,327.5,24.5,0.7,0.0,0,No Rain
2024-02-18,LOC012,32.39,66.37,950.98,11.53,64.1,25.61,15.3,0.0,0,No Rain
2024-02-19,LOC012,32.43,54.19,944.71,14.57,70.6,22.88,4.4,0.0,0,No Rain
2024-02-20,LOC012,31.07,59.15,946.61,15.62,106.8,23.62,11.2,0.0,0,No Rain
2024-02-21,LOC012,31.3,47.7,946.79,15.76,24.5,21.22,28.0,0.0,0,No Rain
2024-02-22,LOC012,29.89,48.9,945.68,14.69,70.9,19.04,17.4,0.0,0,No Rain
2024-02-23,LOC012,31.31,66.94,946.33,11.07,140.3,23.73,15.2,4.68,0,Light
2024-02-24,LOC012,33.51,54.97,948.24,14.35,132.3,23.8,25.1,0.0,0,No Rain
2024-02-25,LOC012,26.04,49.82,951.41,17.32,113.2,16.7,18.7,0.0,0,No Rain
2024-02-26,LOC012,32.39,46.32,949.33,19.44,78.1,21.18,12.7,0.0,0,No Rain
2024-02-27,LOC012,30.9,60.08,945.28,10.2,114.9,22.44,5.2,0.0,0,No Rain
2024-02-28,LOC012,30.36,62.52,949.6,16.99,59.4,22.32,25.5,0.0,0,No Rain
2024-02-29,LOC012,30.41,49.8,943.95,16.2,51.4,20.76,13.4,0.0,0,No Rain
2024-03-01,LOC012,30.49,47.72,944.05,10.73,78.0,20.42,7.1,0.0,0,No Rain
2024-03-02,LOC012,29.72,59.08,950.03,11.86,335.0,22.31,27.2,0.0,0,No Rain
2024-03-03,LOC012,29.7,50.5,946.97,12.95,59.1,20.33,32.2,0.0,0,No Rain
2024-03-04,LOC012,30.02,46.38,944.27,12.94,6.1,20.94,17.9,0.0,0,No Rain
2024-03-05,LOC012,29.11,46.78,945.55,21.85,73.9,19.07,0.0,1.45,0,Light
2024-03-06,LOC012,26.8,61.11,952.58,10.94,14.4,19.43,30.6,4.98,0,Light
2024-03-07,LOC012,28.46,57.85,944.35,11.22,60.2,21.56,23.5,0.0,0,No Rain
2024-03-08,LOC012,27.36,59.05,944.83,12.71,37.0,19.55,22.3,0.0,0,No Rain
2024-03-09,LOC012,32.07,59.81,952.49,13.96,122.9,24.37,17.1,0.0,0,No Rain
2024-03-10,LOC012,30.71,47.33,945.87,10.13,354.4,20.37,20.0,0.0,0,No Rain
2024-03-11,LOC012,29.45,47.93,946.86,10.89,26.5,19.49,7.1,0.0,0,No Rain
2024-03-12,LOC012,29.09,58.19,945.15,11.29,339.7,19.48,17.3,0.0,0,No Rain
2024-03-13,LOC012,28.09,48.38,946.6,13.23,330.9,18.59,9.4,0.0,0,No Rain
2024-03-14,LOC012,29.47,51.82,944.37,13.32,349.3,19.95,12.8,0.0,0,No Rain
2024-03-15,LOC012,31.23,52.27,947.45,21.66,62.4,21.1,13.8,16.0,0,Moderate
2024-03-16,LOC012,28.59,53.6,946.2,10.07,48.7,18.86,20.4,0.0,0,No Rain
2024-03-17,LOC012,30.07,50.04,943.5,11.96,68.8,21.38,16.3,0.0,0,No Rain
2024-03-18,LOC012,32.24,50.42,948.09,22.18,2.4,22.48,23.0,0.0,0,No Rain
2024-03-19,LOC012,30.79,56.77,948.82,11.25,106.2,21.99,22.3,0.0,0,No Rain
2024-03-20,LOC012,28.46,48.03,949.19,12.42,38.6,18.93,20.6,0.0,0,No Rain
2024-03-21,LOC012,30.84,57.81,947.66,24.77,33.8,23.48,24.6,0.0,0,No Rain
2024-03-22,LOC012,25.34,57.64,948.08,10.29,62.2,16.4,12.0,0.0,0,No Rain
2024-03-23,LOC012,28.89,58.83,946.66,14.88,24.2,21.75,6.3,0.0,0,No Rain
2024-03-24,LOC012,23.54,58.76,942.84,10.24,41.2,15.45,3.7,0.0,0,No Rain
2024-03-25,LOC012,27.87,58.18,949.2,11.44,69.5,19.89,16.1,2.86,0,Light
2024-03-26,LOC012,28.11,47.7,942.14,10.22,36.5,17.97,39.6,0.0,0,No Rain
2024-03-27,LOC012,27.12,47.53,949.03,11.07,35.9,17.07,18.6,0.0,0,No Rain
2024-03-28,LOC012,25.34,51.47,950.31,13.34,358.4,16.83,11.1,48.44,0,Moderate
2024-03-29,LOC012,27.12,51.69,950.83,38.68,65.5,16.53,14.0,0.0,0,No Rain
2024-03-30,LOC012,28.27,52.72,947.86,12.8,27.1,19.83,12.1,0.0,0,No Rain
2024-03-31,LOC012,24.47,51.82,945.21,11.13,95.0,13.9,33.9,2.89,0,Light
2024-04-01,LOC012,27.38,48.59,947.84,12.36,358.6,17.58,0.0,0.0,0,No Rain
2024-04-02,LOC012,24.64,58.83,949.14,10.67,337.5,16.58,9.7,0.0,0,No Rain
2024-04-03,LOC012,26.67,54.27,948.78,11.64,124.4,17.84,2.6,0.0,0,No Rain
2024-04-04,LOC012,27.16,59.64,948.93,13.14,33.4,18.46,13.2,0.0,0,No Rain
2024-04-05,LOC012,24.68,55.81,949.75,11.27,42.1,14.81,10.2,0.0,0,No Rain
2024-04-06,LOC012,27.0,47.93,948.47,21.06,46.9,16.17,8.1,0.0,0,No Rain
2024-04-07,LOC012,26.38,67.52,948.13,11.44,88.1,20.08,0.0,0.0,0,No Rain
2024-04-08,LOC012,25.18,50.82,944.66,11.29,110.2,14.24,25.3,0.0,0,No Rain
2024-04-09,LOC012,27.07,50.28,947.12,12.23,63.1,19.34,23.2,0.0,0,No Rain
2024-04-10,LOC012,29.25,62.89,947.37,22.4,56.2,23.14,12.6,0.0,0,No Rain
2024-04-11,LOC012,29.29,46.38,950.39,11.0,78.2,18.16,22.6,0.0,0,No Rain
2024-04-12,LOC012,29.48,52.77,946.26,14.2,125.4,20.35,22.0,0.0,0,No Rain
2024-04-13,LOC012,23.33,59.45,946.24,10.11,13.8,14.79,12.6,0.0,0,No Rain
2024-04-14,LOC012,26.88,41.74,946.7,14.13,1.2,15.2,11.2,0.0,0,No Rain
2024-04-15,LOC012,25.9,53.65,948.97,25.94,69.2,16.36,24.2,0.0,0,No Rain
2024-04-16,LOC012,27.48,68.92,947.25,15.02,16.5,23.27,12.7,0.0,0,No Rain
2024-04-17,LOC012,25.93,56.73,949.59,18.75,99.1,16.18,24.4,0.0,0,No Rain
2024-04-18,LOC012,25.66,52.95,945.82,11.16,355.5,16.43,10.0,0.0,0,No Rain
2024-04-19,LOC012,26.66,51.65,942.17,10.9,22.8,16.73,7.3,0.0,0,No Rain
2024-04-20,LOC012,25.62,56.51,943.78,12.85,21.5,15.98,28.6,0.0,0,No Rain
2024-04-21,LOC012,23.57,58.38,946.62,12.1,65.4,14.53,5.2,0.0,0,No Rain
2024-04-22,LOC012,26.72,48.77,946.28,12.23,17.4,16.84,15.0,0.0,0,No Rain
2024-04-23,LOC012,25.24,57.87,944.93,17.36,157.8,17.08,4.3,0.0,0,No Rain
2024-04-24,LOC012,24.61,61.23,949.98,16.11,49.6,17.95,21.9,0.0,0,No Rain
2024-04-25,LOC012,26.48,54.98,946.42,10.4,41.8,16.95,12.2,0.0,0,No Rain
2024-04-26,LOC012,24.64,63.94,949.51,18.19,19.2,17.85,20.8,0.0,0,No Rain
2024-04-27,LOC012,25.93,63.74,944.66,22.06,12.6,19.47,0.0,0.0,0,No Rain
2024-04-28,LOC012,28.8,54.2,950.82,25.98,11.2,19.37,23.3,0.0,0,No Rain
2024-04-29,LOC012,28.37,58.14,946.62,13.03,75.9,21.32,23.0,0.0,0,No Rain
2024-04-30,LOC012,27.16,59.9,948.02,13.37,56.5,19.39,9.0,0.0,0,No Rain
2024-05-01,LOC012,28.51,50.96,945.57,13.03,95.2,17.64,19.4,0.0,0,No Rain
2024-05-02,LOC012,23.66,48.24,947.85,12.13,91.2,14.43,34.4,0.0,0,No Rain
2024-05-03,LOC012,27.67,58.04,944.08,12.02,335.2,20.37,20.7,0.0,0,No Rain
2024-05-04,LOC012,27.9,47.98,944.96,11.84,18.5,17.31,26.8,0.0,0,No Rain
2024-05-05,LOC012,23.48,54.24,947.86,12.3,56.2,14.41,16.9,0.0,0,No Rain
2024-05-06,LOC012,28.25,63.23,948.93,12.14,42.1,20.64,32.3,0.0,0,No Rain
2024-05-07,LOC012,27.51,51.95,949.08,30.65,51.4,17.77,20.8,0.0,0,No Rain
2024-05-08,LOC012,25.24,64.12,947.92,13.26,111.1,17.93,16.6,0.0,0,No Rain
2024-05-09,LOC012,22.71,52.61,947.52,17.48,49.8,11.65,20.3,0.0,0,No Rain
2024-05-10,LOC012,25.38,62.06,944.53,15.84,50.6,17.42,6.1,0.0,0,No Rain
2024-05-11,LOC012,24.27,55.74,946.54,12.95,36.1,15.59,16.4,0.0,0,No Rain
2024-05-12,LOC012,27.33,47.7,945.51,18.86,44.1,16.29,13.5,0.0,0,No Rain
2024-05-13,LOC012,24.25,53.98,946.99,11.27,26.3,14.03,7.0,0.0,0,No Rain
2024-05-14,LOC012,24.61,55.94,949.06,12.47,357.0,15.24,9.0,0.0,0,No Rain
2024-05-15,LOC012,24.16,70.93,951.48,14.5,130.2,17.78,34.7,0.0,0,No Rain
2024-05-16,LOC012,26.3,54.94,944.33,12.16,7.9,17.39,23.6,0.0,0,No Rain
2024-05-17,LOC012,23.98,48.52,946.11,14.75,24.7,14.58,31.7,0.0,0,No Rain
2024-05-18,LOC012,24.55,62.54,947.42,11.61,328.6,17.16,24.5,0.0,0,No Rain
2024-05-19,LOC012,23.58,56.02,945.31,17.46,36.1,14.92,0.0,0.0,0,No Rain
2024-05-20,LOC012,24.48,61.08,945.43,12.95,10.6,15.81,9.6,0.0,0,No Rain
2024-05-21,LOC012,25.65,54.2,947.4,11.28,99.7,16.44,30.2,64.0,0,Moderate
2024-05-22,LOC012,28.59,41.38,948.71,23.37,39.5,18.84,25.1,39.97,0,Moderate
2024-05-23,LOC012,24.18,61.03,946.83,18.49,80.4,17.17,9.0,0.0,0,No Rain
2024-05-24,LOC012,25.39,44.34,947.67,24.31,51.4,15.14,29.0,0.0,0,No Rain
2024-05-25,LOC012,26.97,56.94,946.33,17.47,114.4,17.9,15.5,0.0,0,No Rain
2024-05-26,LOC012,26.87,68.07,947.63,11.6,44.0,19.78,11.6,0.0,0,No Rain
2024-05-27,LOC012,24.49,57.44,945.01,12.46,13.4,15.95,23.1,0.0,0,No Rain
2024-05-28,LOC012,25.99,54.48,944.58,14.22,150.9,16.93,23.9,0.0,0,No Rain
2024-05-29,LOC012,25.26,54.9,939.54,11.07,25.3,15.38,22.0,0.0,0,No Rain
2024-05-30,LOC012,24.05,58.71,945.8,14.39,53.0,15.57,15.5,0.0,0,No Rain
2024-05-31,LOC012,24.97,49.56,945.37,15.13,31.4,16.63,20.9,0.0,0,No Rain
2024-06-01,LOC012,25.24,59.72,939.84,19.52,89.4,18.79,52.9,0.0,0,No Rain
2024-06-02,LOC012,23.1,61.56,944.82,16.64,62.9,16.44,32.2,0.0,0,No Rain
2024-06-03,LOC012,25.03,69.22,944.23,17.04,33.6,17.72,38.1,0.0,0,No Rain
2024-06-04,LOC012,24.65,73.07,941.83,19.21,28.0,20.05,53.7,0.0,0,No Rain
2024-06-05,LOC012,25.85,75.92,941.84,15.4,60.6,20.23,25.9,0.0,0,No Rain
2024-06-06,LOC012,23.5,74.19,937.94,24.41,115.4,17.11,49.9,0.0,0,No Rain
2024-06-07,LOC012,23.14,67.25,938.16,15.67,101.4,17.24,42.0,0.0,0,No Rain
2024-06-08,LOC012,24.38,75.32,943.46,20.26,56.3,20.37,48.3,0.0,0,No Rain
2024-06-09,LOC012,24.42,68.08,944.88,15.64,65.6,18.44,27.1,2.45,0,Light
2024-06-10,LOC012,24.91,77.79,942.98,17.06,49.6,21.78,38.7,0.5,0,Light
2024-06-11,LOC012,25.88,66.84,937.8,15.92,88.0,17.61,34.3,0.0,0,No Rain
2024-06-12,LOC012,26.2,74.71,941.97,15.84,25.5,21.86,35.5,16.0,0,Moderate
2024-06-13,LOC012,23.48,72.5,943.94,15.45,41.1,16.46,51.1,6.97,0,Light
2024-06-14,LOC012,24.07,78.66,941.17,20.18,32.3,19.69,36.8,0.0,0,No Rain
2024-06-15,LOC012,22.58,65.14,937.86,16.21,42.0,15.64,21.7,83.02,1,Heavy
2024-06-16,LOC012,20.94,72.35,940.21,20.83,172.1,14.36,28.7,22.81,0,Moderate
2024-06-17,LOC012,27.99,74.58,943.2,21.34,324.5,22.37,52.2,0.0,0,No Rain
2024-06-18,LOC012,22.73,74.88,944.25,21.02,27.4,17.63,48.4,0.0,0,No Rain
2024-06-19,LOC012,23.59,63.57,943.67,16.76,108.0,17.37,43.7,28.8,0,Moderate
2024-06-20,LOC012,25.88,59.06,945.96,34.29,79.9,17.26,40.2,0.0,0,No Rain
2024-06-21,LOC012,27.28,66.12,936.36,18.09,13.4,20.73,49.1,0.56,0,Light
2024-06-22,LOC012,23.41,68.24,945.03,17.91,107.9,16.27,27.7,1.68,0,Light
2024-06-23,LOC012,26.27,50.42,938.9,18.75,48.5,15.0,41.1,0.0,0,No Rain
2024-06-24,LOC012,24.02,78.03,946.8,15.74,66.1,20.58,44.6,0.5,0,Light
2024-06-25,LOC012,24.41,67.86,946.55,17.28,52.1,18.19,41.2,0.0,0,No Rain
2024-06-26,LOC012,24.96,64.02,945.24,15.04,45.5,18.09,38.9,0.0,0,No Rain
2024-06-27,LOC012,23.48,62.4,941.51,21.54,25.9,16.7,43.3,0.0,0,No Rain
2024-06-28,LOC012,25.1,63.36,942.35,16.0,26.9,18.91,38.8,12.47,0,Light
2024-06-29,LOC012,25.91,71.24,945.35,16.29,29.0,17.91,54.2,0.0,0,No Rain
2024-06-30,LOC012,25.54,57.32,940.59,16.29,73.6,16.55,54.5,0.0,0,No Rain
2024-07-01,LOC012,25.31,82.89,936.68,26.09,59.5,21.88,75.3,0.0,0,No Rain
2024-07-02,LOC012,24.3,81.9,934.1,31.89,40.1,21.38,74.9,64.0,0,Moderate
2024-07-03,LOC012,24.41,76.7,934.03,28.41,57.6,18.19,82.8,0.0,0,No Rain
2024-07-04,LOC012,18.87,87.68,935.29,25.31,104.2,15.61,73.9,240.0,1,Very/Extremely Heavy
2024-07-05,LOC012,24.39,86.09,929.32,30.9,15.9,21.69,80.4,2.41,0,Light
2024-07-06,LOC012,21.66,85.81,936.01,23.92,105.2,18.7,77.2,3.36,0,Light
2024-07-07,LOC012,21.82,83.39,933.29,28.1,83.4,18.57,85.4,0.0,0,No Rain
2024-07-08,LOC012,21.12,88.79,935.74,25.16,83.8,19.04,53.3,16.0,0,Moderate
2024-07-09,LOC012,21.96,82.86,938.99,25.72,83.2,17.94,74.5,64.0,0,Moderate
2024-07-10,LOC012,26.54,94.74,934.45,25.59,14.6,25.9,77.4,1.46,0,Light
2024-07-11,LOC012,26.14,83.21,937.31,26.59,21.7,23.07,74.5,0.0,0,No Rain
2024-07-12,LOC012,23.89,93.77,928.11,27.64,150.2,24.82,81.5,20.06,0,Moderate
2024-07-13,LOC012,22.97,87.29,933.77,24.52,96.6,21.05,82.0,43.17,0,Moderate
2024-07-14,LOC012,22.01,84.85,935.43,30.97,47.7,17.94,98.1,0.0,0,No Rain
2024-07-15,LOC012,22.45,71.02,939.78,24.46,36.8,18.21,72.5,2.05,0,Light
2024-07-16,LOC012,23.26,83.65,932.04,32.73,77.6,19.56,100.0,80.19,1,Heavy
2024-07-17,LOC012,24.38,81.72,934.77,23.98,48.4,20.6,93.9,1.92,0,Light
2024-07-18,LOC012,24.98,83.17,935.32,23.7,87.7,22.06,91.9,0.0,0,No Rain
2024-07-19,LOC012,25.08,96.8,932.6,23.83,133.0,25.23,54.8,4.84,0,Light
2024-07-20,LOC012,27.14,90.59,934.75,25.05,65.2,26.75,80.0,1.75,0,Light
2024-07-21,LOC012,24.2,87.02,936.78,28.85,88.3,21.81,75.8,16.0,0,Moderate
2024-07-22,LOC012,27.36,80.14,938.35,24.77,45.0,24.33,86.2,0.0,0,No Rain
2024-07-23,LOC012,23.59,82.95,936.35,25.17,345.4,20.18,87.0,4.77,0,Light
2024-07-24,LOC012,25.34,85.64,937.83,30.28,77.6,22.27,80.6,0.0,0,No Rain
2024-07-25,LOC012,25.29,84.2,937.56,23.6,45.8,21.82,81.0,4.07,0,Light
2024-07-26,LOC012,24.34,83.37,936.05,24.72,92.5,20.14,67.2,0.0,0,No Rain
2024-07-27,LOC012,25.06,82.64,936.52,23.33,54.2,21.67,61.2,0.0,0,No Rain
2024-07-28,LOC012,27.29,83.17,932.01,23.38,355.5,24.83,70.6,0.77,0,Light
2024-07-29,LOC012,25.94,89.42,930.18,26.9,63.6,23.78,89.8,8.47,0,Light
2024-07-30,LOC012,24.47,83.4,934.57,34.07,96.6,21.4,57.1,19.72,0,Moderate
2024-07-31,LOC012,27.87,83.56,938.5,34.71,32.2,24.23,84.4,16.0,0,Moderate
2024-08-01,LOC012,27.34,91.62,938.33,29.2,46.8,25.85,78.3,64.0,0,Moderate
2024-08-02,LOC012,28.23,95.66,939.24,25.72,93.3,26.76,89.1,130.85,1,Very/Extremely Heavy
2024-08-03,LOC012,23.45,82.45,937.31,24.48,78.8,19.48,79.9,8.87,0,Light
2024-08-04,LOC012,23.72,84.25,941.64,26.37,30.7,21.74,89.0,4.55,0,Light
2024-08-05,LOC012,27.08,83.32,936.42,25.24,26.0,22.03,60.4,0.5,0,Light
2024-08-06,LOC012,26.62,77.37,938.79,25.9,43.3,19.79,93.0,46.09,0,Moderate
2024-08-07,LOC012,24.01,85.47,935.96,28.07,86.3,21.03,71.3,16.62,0,Moderate
2024-08-08,LOC012,24.36,92.98,932.63,23.54,348.5,21.27,100.0,33.99,0,Moderate
2024-08-09,LOC012,27.6,79.96,935.36,23.42,45.0,22.62,84.7,0.0,0,No Rain
2024-08-10,LOC012,24.16,91.72,934.14,25.17,33.4,23.59,76.7,16.0,0,Moderate
2024-08-11,LOC012,27.24,83.61,935.02,30.94,46.8,25.42,86.2,16.0,0,Moderate
2024-08-12,LOC012,27.36,79.71,937.46,25.88,57.3,23.01,90.0,0.0,0,No Rain
2024-08-13,LOC012,22.88,76.29,934.24,29.47,55.0,18.12,75.3,122.5,1,Very/Extremely Heavy
2024-08-14,LOC012,28.02,85.64,934.33,35.39,30.3,26.2,80.8,26.22,0,Moderate
2024-08-15,LOC012,31.0,83.27,936.72,24.75,107.3,26.89,69.9,16.0,0,Moderate
2024-08-16,LOC012,24.44,90.1,937.36,24.73,91.8,23.89,85.6,2.24,0,Light
2024-08-17,LOC012,27.71,95.67,933.68,24.45,56.2,27.51,80.5,117.22,1,Very/Extremely Heavy
2024-08-18,LOC012,25.42,83.33,936.58,25.31,104.9,22.56,76.7,0.0,0,No Rain
2024-08-19,LOC012,30.37,90.97,933.52,26.96,36.8,28.78,90.7,16.0,0,Moderate
2024-08-20,LOC012,30.69,88.66,936.0,27.25,65.4,29.39,93.6,7.17,0,Light
2024-08-21,LOC012,25.39,84.14,938.19,27.81,69.1,21.77,88.9,0.0,0,No Rain
2024-08-22,LOC012,29.71,98.94,937.13,32.12,3.3,28.87,71.8,0.0,0,No Rain
2024-08-23,LOC012,27.86,83.09,934.05,26.63,83.5,24.23,75.9,21.44,0,Moderate
2024-08-24,LOC012,26.55,79.39,938.1,30.56,94.2,23.06,68.3,62.28,0,Moderate
2024-08-25,LOC012,28.93,82.68,930.82,28.01,62.3,25.83,99.5,0.0,0,No Rain
2024-08-26,LOC012,27.01,83.97,940.4,23.76,42.9,24.71,70.7,0.0,0,No Rain
2024-08-27,LOC012,26.75,86.58,934.86,25.19,87.1,24.72,71.7,0.67,0,Light
2024-08-28,LOC012,28.32,76.7,939.88,23.77,58.2,22.84,75.2,1.53,0,Light
2024-08-29,LOC012,32.14,87.07,933.32,27.19,76.5,29.05,88.9,47.99,0,Moderate
2024-08-30,LOC012,26.58,82.78,932.05,26.77,27.1,24.43,63.6,2.37,0,Light
2024-08-31,LOC012,27.92,90.86,937.86,23.47,30.9,25.69,77.8,0.5,0,Light
2024-09-01,LOC012,30.13,66.62,944.56,21.0,97.3,23.56,49.6,0.0,0,No Rain
2024-09-02,LOC012,33.15,59.5,942.83,19.26,36.2,24.91,45.1,0.0,0,No Rain
2024-09-03,LOC012,33.02,63.12,942.37,15.97,66.8,26.84,36.6,0.0,0,No Rain
2024-09-04,LOC012,30.19,58.75,947.51,21.49,22.2,21.54,25.0,0.0,0,No Rain
2024-09-05,LOC012,30.22,66.44,942.33,15.02,321.1,23.25,41.3,0.0,0,No Rain
2024-09-06,LOC012,32.97,74.84,946.77,15.3,73.7,29.34,56.7,0.0,0,No Rain
2024-09-07,LOC012,31.12,67.23,943.5,24.0,28.3,25.69,25.0,9.2,0,Light
2024-09-08,LOC012,31.27,58.46,937.99,25.22,74.6,23.8,31.6,0.0,0,No Rain
2024-09-09,LOC012,29.69,62.91,939.2,21.81,350.6,21.1,27.0,0.0,0,No Rain
2024-09-10,LOC012,28.17,63.16,942.18,15.94,65.7,21.8,31.3,0.0,0,No Rain
2024-09-11,LOC012,30.24,60.07,943.34,17.22,7.7,21.6,51.2,0.0,0,No Rain
2024-09-12,LOC012,29.8,66.78,942.65,15.77,117.0,23.33,49.4,0.0,0,No Rain
2024-09-13,LOC012,31.24,69.96,940.84,20.69,38.5,24.9,52.4,0.0,0,No Rain
2024-09-14,LOC012,34.74,61.87,936.67,17.91,109.0,26.82,40.7,1.48,0,Light
2024-09-15,LOC012,31.03,66.97,947.12,22.87,14.4,25.92,22.4,20.42,0,Moderate
2024-09-16,LOC012,30.36,66.06,941.3,16.53,83.3,23.7,39.8,0.5,0,Light
2024-09-17,LOC012,32.92,61.04,935.13,15.77,115.6,24.46,47.4,0.0,0,No Rain
2024-09-18,LOC012,35.55,87.92,938.29,25.44,75.9,32.0,33.6,0.0,0,No Rain
2024-09-19,LOC012,32.73,64.88,943.56,15.99,57.1,25.24,59.3,16.0,0,Moderate
2024-09-20,LOC012,30.92,63.66,941.95,15.51,62.3,22.85,42.7,0.0,0,No Rain
2024-09-21,LOC012,29.73,64.65,944.4,15.81,60.7,22.16,56.0,0.0,0,No Rain
2024-09-22,LOC012,31.29,65.0,937.68,17.03,54.7,24.59,52.5,0.5,0,Light
2024-09-23,LOC012,30.39,61.09,939.24,14.95,7.7,22.96,32.7,22.32,0,Moderate
2024-09-24,LOC012,32.49,71.81,942.92,15.49,16.1,26.07,37.9,33.43,0,Moderate
2024-09-25,LOC012,31.75,63.82,943.98,15.66,17.9,24.92,38.9,0.0,0,No Rain
2024-09-26,LOC012,31.57,61.35,935.68,16.1,51.3,23.77,43.6,0.63,0,Light
2024-09-27,LOC012,33.86,61.23,941.64,15.05,63.4,25.72,26.9,0.0,0,No Rain
2024-09-28,LOC012,33.57,62.55,945.51,20.99,78.0,26.49,48.2,0.0,0,No Rain
2024-09-29,LOC012,31.17,69.62,943.38,22.99,87.7,23.91,45.1,0.0,0,No Rain
2024-09-30,LOC012,32.63,66.89,945.66,16.85,55.3,26.4,35.9,0.0,0,No Rain
2024-10-01,LOC012,32.49,60.36,947.19,12.59,49.2,24.82,30.9,0.0,0,No Rain
2024-10-02,LOC012,37.29,60.22,943.45,11.01,16.7,28.83,25.8,0.0,0,No Rain
2024-10-03,LOC012,32.75,50.03,948.22,18.89,68.8,22.21,5.3,0.0,0,No Rain
2024-10-04,LOC012,34.32,63.37,946.83,10.77,13.2,27.27,20.5,0.0,0,No Rain
2024-10-05,LOC012,32.81,50.9,944.0,16.47,44.5,22.81,36.1,0.0,0,No Rain
2024-10-06,LOC012,30.26,68.3,948.5,12.53,85.5,24.85,25.7,0.0,0,No Rain
2024-10-07,LOC012,34.42,56.28,945.11,14.54,80.6,24.79,26.7,0.0,0,No Rain
2024-10-08,LOC012,31.91,50.17,947.31,20.17,5.4,20.3,20.0,0.0,0,No Rain
2024-10-09,LOC012,30.92,53.0,945.64,15.39,81.1,22.07,6.8,0.0,0,No Rain
2024-10-10,LOC012,33.82,44.22,947.23,10.79,50.5,20.9,15.4,0.0,0,No Rain
2024-10-11,LOC012,32.21,46.86,950.39,12.59,345.4,21.53,23.9,0.0,0,No Rain
2024-10-12,LOC012,34.54,65.83,945.77,15.64,126.4,26.61,0.0,0.0,0,No Rain
2024-10-13,LOC012,37.24,55.27,943.84,19.74,104.4,28.63,3.3,0.0,0,No Rain
2024-10-14,LOC012,34.64,60.93,946.59,13.1,96.8,26.06,31.3,0.0,0,No Rain
2024-10-15,LOC012,37.1,60.64,946.4,19.95,101.6,28.2,18.1,0.0,0,No Rain
2024-10-16,LOC012,33.27,53.15,941.94,18.87,347.3,24.38,29.2,0.0,0,No Rain
2024-10-17,LOC012,34.43,45.41,944.59,13.21,29.5,24.61,25.1,0.0,0,No Rain
2024-10-18,LOC012,32.41,56.82,946.25,11.03,60.1,23.9,16.4,1.46,0,Light
2024-10-19,LOC012,34.99,54.73,944.53,11.2,49.5,26.2,11.0,9.47,0,Light
2024-10-20,LOC012,35.67,53.17,946.91,16.81,66.1,26.46,33.2,16.0,0,Moderate
2024-10-21,LOC012,32.38,48.99,944.75,10.88,70.2,22.41,19.6,0.0,0,No Rain
2024-10-22,LOC012,33.46,48.67,943.94,14.05,90.6,23.24,30.7,0.0,0,No Rain
2024-10-23,LOC012,36.21,62.58,945.65,12.37,31.0,29.6,9.8,0.0,0,No Rain
2024-10-24,LOC012,40.09,63.05,946.62,10.7,57.2,32.0,27.5,0.0,0,No Rain
2024-10-25,LOC012,36.06,50.23,946.34,15.03,150.3,26.25,36.0,0.0,0,No Rain
2024-10-26,LOC012,34.66,52.88,943.11,11.72,91.9,25.46,21.3,0.0,0,No Rain
2024-10-27,LOC012,35.07,51.33,947.01,22.1,103.0,27.0,16.2,0.0,0,No Rain
2024-10-28,LOC012,35.28,56.92,948.69,14.45,36.8,26.3,20.2,0.0,0,No Rain
2024-10-29,LOC012,38.99,60.91,943.89,20.96,47.7,31.35,33.4,0.0,0,No Rain
2024-10-30,LOC012,34.87,60.54,950.13,12.87,33.2,28.03,18.0,0.0,0,No Rain
2024-10-31,LOC012,33.35,59.22,944.37,11.97,51.6,25.3,15.2,0.0,0,No Rain
2024-11-01,LOC012,36.41,54.78,949.42,10.76,335.3,28.02,26.4,0.0,0,No Rain
2024-11-02,LOC012,37.24,51.57,947.5,11.74,76.9,28.49,0.0,0.0,0,No Rain
2024-11-03,LOC012,31.56,60.16,946.01,11.07,334.6,23.98,0.0,0.0,0,No Rain
2024-11-04,LOC012,35.18,46.52,946.64,10.87,79.3,24.01,23.2,0.0,0,No Rain
2024-11-05,LOC012,33.52,40.09,944.81,12.84,55.6,19.82,0.0,0.0,0,No Rain
2024-11-06,LOC012,36.41,51.65,948.06,10.44,37.3,26.29,24.4,0.0,0,No Rain
2024-11-07,LOC012,36.54,58.69,945.32,13.01,56.5,29.0,13.9,2.81,0,Light
2024-11-08,LOC012,36.66,46.75,953.53,13.95,50.2,27.36,0.0,0.0,0,No Rain
2024-11-09,LOC012,33.78,49.04,944.95,17.72,48.8,24.11,20.4,0.0,0,No Rain
2024-11-10,LOC012,37.61,57.08,951.73,18.68,99.3,27.53,30.4,0.0,0,No Rain
2024-11-11,LOC012,37.42,51.73,941.3,13.24,134.2,27.88,11.6,51.06,0,Moderate
2024-11-12,LOC012,33.79,67.37,946.43,13.26,335.3,26.72,23.9,0.0,0,No Rain
2024-11-13,LOC012,35.6,57.73,945.74,12.04,50.0,28.42,14.4,0.0,0,No Rain
2024-11-14,LOC012,35.28,61.35,947.84,14.7,36.3,27.98,15.7,0.0,0,No Rain
2024-11-15,LOC012,35.18,54.5,945.93,10.99,56.1,26.71,12.9,0.0,0,No Rain
2024-11-16,LOC012,33.46,53.47,947.16,10.27,135.0,23.5,1.9,0.0,0,No Rain
2024-11-17,LOC012,37.55,48.46,947.15,10.54,126.2,26.86,15.6,0.0,0,No Rain
2024-11-18,LOC012,36.13,59.02,944.71,11.25,38.4,29.42,19.6,0.0,0,No Rain
2024-11-19,LOC012,35.56,56.0,952.12,25.03,33.9,26.48,13.0,0.0,0,No Rain
2024-11-20,LOC012,36.58,47.28,949.16,10.71,68.4,26.8,12.1,0.0,0,No Rain
2024-11-21,LOC012,36.54,50.82,944.8,13.22,4.7,26.91,0.0,2.98,0,Light
2024-11-22,LOC012,36.09,61.55,942.21,14.55,72.3,29.18,0.0,0.0,0,No Rain
2024-11-23,LOC012,34.0,51.12,952.72,19.72,333.1,24.13,3.5,0.0,0,No Rain
2024-11-24,LOC012,35.38,59.54,946.78,14.57,88.2,27.63,17.6,0.0,0,No Rain
2024-11-25,LOC012,36.8,48.18,951.33,11.34,119.6,26.3,26.1,3.38,0,Light
2024-11-26,LOC012,32.91,62.25,948.95,13.18,30.9,25.84,19.9,0.0,0,No Rain
2024-11-27,LOC012,33.94,62.56,953.29,18.5,82.8,26.91,17.8,0.0,0,No Rain
2024-11-28,LOC012,34.67,54.57,944.43,12.06,11.4,26.07,18.6,0.0,0,No Rain
2024-11-29,LOC012,33.63,60.29,950.06,20.66,159.8,24.2,45.6,0.0,0,No Rain
2024-11-30,LOC012,37.92,54.85,944.83,10.53,72.1,31.03,7.9,0.0,0,No Rain
2024-12-01,LOC012,33.77,50.31,948.34,18.82,27.9,23.14,16.1,0.0,0,No Rain
2024-12-02,LOC012,33.32,51.16,945.99,17.77,45.5,24.25,19.4,0.0,0,No Rain
2024-12-03,LOC012,38.1,50.24,948.14,15.76,40.6,28.42,25.9,0.0,0,No Rain
2024-12-04,LOC012,35.15,46.85,948.14,14.24,81.2,25.57,28.7,0.5,0,Light
2024-12-05,LOC012,31.6,61.53,946.42,12.64,68.8,23.6,23.0,64.0,0,Moderate
2024-12-06,LOC012,35.5,61.55,943.24,12.65,30.1,29.03,18.4,0.0,0,No Rain
2024-12-07,LOC012,38.91,56.1,947.12,10.25,132.7,29.62,29.5,0.0,0,No Rain
2024-12-08,LOC012,33.28,60.1,950.43,26.03,30.1,26.33,0.0,0.0,0,No Rain
2024-12-09,LOC012,36.31,48.49,942.02,19.44,47.4,25.36,8.3,0.0,0,No Rain
2024-12-10,LOC012,32.93,57.89,948.77,10.49,1.4,24.66,23.4,0.0,0,No Rain
2024-12-11,LOC012,34.94,51.21,945.8,12.06,102.3,26.27,23.8,0.0,0,No Rain
2024-12-12,LOC012,34.03,50.49,946.12,10.54,93.3,23.84,13.5,0.0,0,No Rain
2024-12-13,LOC012,33.24,47.08,945.85,13.29,37.4,23.66,18.7,0.0,0,No Rain
2024-12-14,LOC012,31.05,47.11,949.38,13.43,82.4,20.75,24.1,0.0,0,No Rain
2024-12-15,LOC012,37.12,59.36,948.43,16.2,89.2,28.6,0.0,0.0,0,No Rain
2024-12-16,LOC012,34.71,64.34,946.73,14.29,82.8,27.27,23.8,0.0,0,No Rain
2024-12-17,LOC012,33.98,55.2,946.91,13.78,85.1,23.36,20.7,0.0,0,No Rain
2024-12-18,LOC012,31.64,55.77,953.11,13.68,98.9,22.24,19.3,0.0,0,No Rain
2024-12-19,LOC012,35.69,57.01,946.31,13.44,73.2,27.84,16.2,0.0,0,No Rain
2024-12-20,LOC012,33.15,58.31,950.16,21.15,77.1,26.12,11.7,0.0,0,No Rain
2024-12-21,LOC012,35.76,52.52,948.4,14.81,93.1,24.4,3.6,0.0,0,No Rain
2024-12-22,LOC012,35.93,54.02,949.99,14.27,25.5,25.9,23.1,0.0,0,No Rain
2024-12-23,LOC012,35.87,56.89,950.55,10.1,54.1,27.04,16.2,0.0,0,No Rain
2024-12-24,LOC012,32.42,64.19,950.19,12.22,60.6,24.28,16.2,0.0,0,No Rain
2024-12-25,LOC012,36.63,52.37,947.23,11.21,11.7,26.16,3.6,0.0,0,No Rain
2024-12-26,LOC012,32.34,54.97,950.5,11.12,87.3,23.21,0.0,0.0,0,No Rain
2024-12-27,LOC012,37.12,56.28,947.99,15.79,149.8,29.0,14.6,0.0,0,No Rain
2024-12-28,LOC012,33.1,50.96,946.15,16.97,83.0,25.33,10.3,0.0,0,No Rain
2024-12-29,LOC012,34.12,58.74,943.42,13.74,118.8,27.03,18.8,0.0,0,No Rain
2024-12-30,LOC012,29.85,46.79,946.02,17.73,31.2,18.77,0.0,0.0,0,No Rain
2024-12-31,LOC012,34.39,48.58,944.58,15.24,29.0,24.45,5.7,0.0,0,No Rain
2025-01-01,LOC012,35.79,57.18,949.36,14.76,85.0,27.37,14.3,1.94,0,Light
2025-01-02,LOC012,31.98,55.83,942.76,14.12,58.4,22.55,14.1,0.0,0,No Rain
2025-01-03,LOC012,35.61,58.78,946.54,13.87,139.9,28.33,33.2,0.0,0,No Rain
2025-01-04,LOC012,35.13,53.66,952.22,10.52,39.9,25.89,21.9,0.0,0,No Rain
2025-01-05,LOC012,34.11,57.79,951.2,14.67,343.9,27.11,2.6,0.0,0,No Rain
2025-01-06,LOC012,37.45,59.51,944.88,34.83,57.4,30.29,31.2,0.0,0,No Rain
2025-01-07,LOC012,29.61,58.83,945.79,12.91,101.4,22.74,15.6,0.0,0,No Rain
2025-01-08,LOC012,30.34,44.27,950.39,13.31,21.6,19.2,8.4,0.0,0,No Rain
2025-01-09,LOC012,34.33,55.66,945.84,11.24,52.2,23.88,33.6,0.0,0,No Rain
2025-01-10,LOC012,34.71,47.41,949.96,15.23,84.6,24.53,20.1,0.0,0,No Rain
2025-01-11,LOC012,35.66,61.67,947.39,11.97,41.8,27.93,0.0,0.0,0,No Rain
2025-01-12,LOC012,34.49,55.48,945.92,10.63,23.4,24.87,19.8,0.0,0,No Rain
2025-01-13,LOC012,33.21,59.66,948.81,11.45,29.8,25.15,14.3,1.28,0,Light
2025-01-14,LOC012,35.24,51.69,947.42,11.68,60.7,26.72,31.5,0.0,0,No Rain
2025-01-15,LOC012,33.08,52.64,948.48,52.55,106.1,23.89,17.8,0.0,0,No Rain
2025-01-16,LOC012,31.28,57.37,945.7,10.73,97.1,23.31,9.1,0.0,0,No Rain
2025-01-17,LOC012,37.98,61.85,947.26,13.62,105.2,30.32,18.8,0.0,0,No Rain
2025-01-18,LOC012,36.62,58.25,945.23,19.25,85.9,28.75,15.2,0.0,0,No Rain
2025-01-19,LOC012,29.4,45.34,947.95,11.02,41.9,18.77,10.4,0.0,0,No Rain
2025-01-20,LOC012,31.72,57.0,948.19,11.73,114.4,23.67,9.1,0.0,0,No Rain
2025-01-21,LOC012,31.56,56.87,951.22,10.04,132.9,23.64,6.0,0.0,0,No Rain
2025-01-22,LOC012,33.1,61.42,949.19,17.1,49.6,25.93,21.9,0.0,0,No Rain
2025-01-23,LOC012,33.78,61.3,951.32,16.95,155.0,25.41,1.5,0.0,0,No Rain
2025-01-24,LOC012,32.62,57.09,949.79,17.5,122.1,23.69,21.5,0.69,0,Light
2025-01-25,LOC012,32.39,55.24,946.2,17.03,53.7,22.53,2.7,0.0,0,No Rain
2025-01-26,LOC012,30.62,56.79,944.21,17.13,77.9,21.3,36.5,0.0,0,No Rain
2025-01-27,LOC012,33.3,46.03,951.75,27.48,52.5,22.09,28.9,0.0,0,No Rain
2025-01-28,LOC012,33.61,66.25,949.52,16.25,94.2,27.0,22.7,0.0,0,No Rain
2025-01-29,LOC012,29.82,62.02,943.42,14.74,92.4,22.09,2.4,0.0,0,No Rain
2025-01-30,LOC012,30.78,55.74,947.11,14.74,118.3,22.33,16.6,0.0,0,No Rain
2025-01-31,LOC012,32.01,42.06,949.19,11.21,1.9,20.24,0.0,0.0,0,No Rain
2025-02-01,LOC012,33.6,57.29,950.37,14.63,111.6,23.8,19.7,0.0,0,No Rain
2025-02-02,LOC012,30.56,55.44,949.55,12.68,60.2,21.7,14.2,0.0,0,No Rain
2025-02-03,LOC012,29.2,67.02,948.74,15.19,61.8,22.44,10.2,0.0,0,No Rain
2025-02-04,LOC012,31.99,48.22,947.7,19.21,28.8,22.15,17.4,0.0,0,No Rain
2025-02-05,LOC012,32.55,56.71,947.36,14.6,84.2,24.82,35.1,0.0,0,No Rain
2025-02-06,LOC012,33.61,54.57,949.63,10.26,106.5,25.05,8.5,0.0,0,No Rain
2025-02-07,LOC012,29.89,55.9,946.48,16.56,92.6,19.46,12.6,0.0,0,No Rain
2025-02-08,LOC012,32.08,55.14,950.49,13.94,102.7,24.31,13.9,0.0,0,No Rain
2025-02-09,LOC012,32.58,48.05,951.9,18.46,95.3,21.68,26.3,0.0,0,No Rain
2025-02-10,LOC012,31.19,59.56,947.78,11.02,101.3,22.53,1.4,0.5,0,Light
2025-02-11,LOC012,31.99,57.53,945.57,12.98,29.1,23.62,19.3,0.0,0,No Rain
2025-02-12,LOC012,32.8,46.23,944.76,10.06,91.1,20.54,17.2,0.0,0,No Rain
2025-02-13,LOC012,32.48,58.52,945.0,11.13,171.9,24.09,31.7,0.0,0,No Rain
2025-02-14,LOC012,26.96,48.82,946.09,11.47,3.1,16.3,6.3,0.0,0,No Rain
2025-02-15,LOC012,33.52,64.17,946.68,11.74,40.9,25.56,21.6,0.0,0,No Rain
2025-02-16,LOC012,30.87,49.55,949.85,10.74,94.6,20.11,16.8,0.0,0,No Rain
2025-02-17,LOC012,30.71,51.66,946.94,10.54,151.5,21.9,31.6,0.0,0,No Rain
2025-02-18,LOC012,29.07,50.79,947.96,11.41,60.4,18.23,12.2,0.0,0,No Rain
2025-02-19,LOC012,30.17,60.52,947.74,13.31,112.3,21.42,15.7,0.0,0,No Rain
2025-02-20,LOC012,30.54,49.97,941.02,21.05,110.0,19.99,18.3,0.0,0,No Rain
2025-02-21,LOC012,29.69,57.29,944.65,11.95,48.4,22.61,3.1,0.0,0,No Rain
2025-02-22,LOC012,30.41,52.33,947.29,10.6,55.1,21.13,27.4,0.0,0,No Rain
2025-02-23,LOC012,34.11,52.23,949.54,10.86,24.3,24.72,0.0,0.0,0,No Rain
2025-02-24,LOC012,32.86,53.99,947.98,18.01,339.0,23.76,0.6,0.0,0,No Rain
2025-02-25,LOC012,30.62,51.49,945.88,12.8,33.9,19.91,19.2,0.0,0,No Rain
2025-02-26,LOC012,28.51,54.56,948.09,10.62,65.8,18.14,10.6,0.0,0,No Rain
2025-02-27,LOC012,27.46,55.38,946.03,10.04,21.6,18.74,25.8,0.5,0,Light
2025-02-28,LOC012,28.11,53.55,947.08,13.8,79.7,17.48,6.7,0.0,0,No Rain
2025-03-01,LOC012,32.5,64.09,949.87,10.29,107.7,25.39,1.2,0.0,0,No Rain
2025-03-02,LOC012,32.53,57.63,942.98,13.82,48.3,23.62,22.5,0.0,0,No Rain
2025-03-03,LOC012,27.56,53.8,949.44,14.26,79.1,18.41,4.5,0.0,0,No Rain
2025-03-04,LOC012,30.85,46.8,953.26,10.66,98.9,20.33,29.0,0.0,0,No Rain
2025-03-05,LOC012,29.06,66.43,947.31,10.76,56.0,22.46,10.5,0.0,0,No Rain
2025-03-06,LOC012,28.18,51.64,945.99,10.03,173.4,17.92,12.7,0.0,0,No Rain
2025-03-07,LOC012,23.96,45.16,944.68,14.01,301.3,13.28,13.3,0.0,0,No Rain
2025-03-08,LOC012,30.16,52.37,948.97,16.63,112.1,20.48,14.1,0.0,0,No Rain
2025-03-09,LOC012,30.3,63.09,947.94,10.19,43.1,24.09,14.6,0.5,0,Light
2025-03-10,LOC012,28.88,61.34,948.54,10.08,95.3,21.1,16.7,0.0,0,No Rain
2025-03-11,LOC012,29.23,60.43,948.06,14.08,75.1,21.33,17.8,0.0,0,No Rain
2025-03-12,LOC012,27.57,46.02,948.59,20.53,54.2,17.59,12.5,0.0,0,No Rain
2025-03-13,LOC012,32.31,55.59,947.31,10.66,98.8,24.12,0.0,0.0,0,No Rain
2025-03-14,LOC012,28.48,52.18,944.84,11.99,82.5,20.25,12.8,0.0,0,No Rain
2025-03-15,LOC012,26.89,44.68,946.88,10.88,45.9,17.04,0.0,0.0,0,No Rain
2025-03-16,LOC012,30.85,53.35,948.24,12.1,66.8,21.91,10.0,0.0,0,No Rain
2025-03-17,LOC012,25.85,50.49,952.22,12.48,101.3,15.43,3.7,0.0,0,No Rain
2025-03-18,LOC012,29.54,53.49,949.09,13.83,91.1,20.17,11.4,0.0,0,No Rain
2025-03-19,LOC012,30.12,53.77,945.12,20.19,89.6,20.83,18.7,0.0,0,No Rain
2025-03-20,LOC012,29.96,52.53,946.93,10.74,21.1,22.0,0.0,0.0,0,No Rain
2025-03-21,LOC012,30.19,60.27,949.65,21.32,86.8,22.8,10.4,0.0,0,No Rain
2025-03-22,LOC012,30.01,60.95,944.98,12.3,35.6,23.67,9.5,0.0,0,No Rain
2025-03-23,LOC012,26.65,59.9,948.19,11.15,76.0,17.25,0.0,0.0,0,No Rain
2025-03-24,LOC012,28.49,61.8,947.76,10.31,77.5,21.63,1.5,0.0,0,No Rain
2025-03-25,LOC012,27.96,49.32,951.27,26.4,86.8,18.02,13.3,0.0,0,No Rain
2025-03-26,LOC012,26.46,49.71,943.91,11.55,119.6,15.72,0.0,0.0,0,No Rain
2025-03-27,LOC012,25.28,67.42,944.93,10.32,356.9,18.89,22.1,0.0,0,No Rain
2025-03-28,LOC012,26.84,45.92,945.66,22.44,121.7,16.1,15.2,0.0,0,No Rain
2025-03-29,LOC012,30.52,53.41,945.22,11.13,15.8,21.24,13.1,0.0,0,No Rain
2025-03-30,LOC012,28.28,59.84,949.11,17.74,25.8,21.57,0.0,0.0,0,No Rain
2025-03-31,LOC012,31.38,52.48,945.98,10.94,63.5,22.01,22.5,0.0,0,No Rain
2025-04-01,LOC012,24.94,54.3,943.57,12.9,41.4,15.29,0.0,0.0,0,No Rain
2025-04-02,LOC012,28.9,55.19,949.93,16.15,32.4,19.99,17.4,0.0,0,No Rain
2025-04-03,LOC012,23.56,61.9,948.9,17.37,357.4,15.57,37.5,2.27,0,Light
2025-04-04,LOC012,26.44,57.82,947.33,10.97,80.7,17.54,10.6,7.72,0,Light
2025-04-05,LOC012,25.48,56.38,943.08,11.13,62.5,16.74,12.1,0.0,0,No Rain
2025-04-06,LOC012,23.92,58.58,947.99,12.6,118.8,15.57,10.2,0.0,0,No Rain
2025-04-07,LOC012,28.71,54.75,948.33,12.0,39.5,19.2,19.3,0.0,0,No Rain
2025-04-08,LOC012,24.13,60.8,947.52,10.35,36.2,15.85,26.7,0.0,0,No Rain
2025-04-09,LOC012,28.64,67.51,949.52,14.77,69.8,22.73,21.9,13.25,0,Light
2025-04-10,LOC012,25.89,58.23,950.85,15.0,103.0,17.69,26.9,0.0,0,No Rain
2025-04-11,LOC012,26.23,61.75,950.33,24.16,58.9,19.01,12.4,0.0,0,No Rain
2025-04-12,LOC012,24.97,55.64,947.29,13.06,23.9,14.31,0.0,0.0,0,No Rain
2025-04-13,LOC012,27.04,55.6,946.38,19.34,33.4,18.29,20.1,9.92,0,Light
2025-04-14,LOC012,25.86,58.72,948.96,14.1,72.5,18.77,1.5,0.0,0,No Rain
2025-04-15,LOC012,27.35,58.92,946.73,12.81,52.2,19.6,11.6,0.0,0,No Rain
2025-04-16,LOC012,28.52,54.22,947.84,14.68,73.0,18.95,7.6,0.0,0,No Rain
2025-04-17,LOC012,27.55,48.72,947.45,14.05,24.3,17.28,32.2,0.0,0,No Rain
2025-04-18,LOC012,28.22,47.15,949.35,14.4,27.4,17.55,6.1,0.0,0,No Rain
2025-04-19,LOC012,24.27,54.66,943.3,29.56,81.6,13.95,21.2,0.0,0,No Rain
2025-04-20,LOC012,26.87,46.86,945.26,17.15,353.3,16.61,24.6,0.0,0,No Rain
2025-04-21,LOC012,26.25,53.28,946.66,24.63,67.8,16.6,12.2,0.0,0,No Rain
2025-04-22,LOC012,25.36,52.06,951.52,13.09,115.4,15.9,14.5,0.0,0,No Rain
2025-04-23,LOC012,23.19,43.99,942.51,10.33,27.1,12.47,24.0,0.0,0,No Rain
2025-04-24,LOC012,26.91,53.56,947.55,16.01,108.9,17.49,6.7,0.0,0,No Rain
2025-04-25,LOC012,30.64,56.74,941.94,14.83,26.1,21.24,8.0,0.0,0,No Rain
2025-04-26,LOC012,23.86,56.77,952.92,11.0,40.3,16.35,15.3,0.0,0,No Rain
2025-04-27,LOC012,24.23,44.03,953.05,12.63,18.6,12.59,0.0,0.0,0,No Rain
2025-04-28,LOC012,23.12,53.63,945.38,16.94,75.3,12.79,8.0,0.0,0,No Rain
2025-04-29,LOC012,26.18,54.19,944.05,10.22,59.1,17.23,29.1,2.5,0,Light
2025-04-30,LOC012,22.77,54.9,948.86,17.03,39.9,15.82,0.0,0.0,0,No Rain
2025-05-01,LOC012,26.38,49.42,948.0,29.36,105.9,16.23,15.6,0.0,0,No Rain
2025-05-02,LOC012,27.61,55.54,948.02,13.33,108.0,17.89,25.7,0.0,0,No Rain
2025-05-03,LOC012,25.44,58.92,948.52,33.2,3.4,17.05,27.1,0.0,0,No Rain
2025-05-04,LOC012,23.65,55.9,947.26,26.11,54.2,14.44,4.4,0.0,0,No Rain
2025-05-05,LOC012,25.2,63.56,947.93,12.92,77.3,17.76,25.2,0.0,0,No Rain
2025-05-06,LOC012,25.03,68.17,949.82,17.91,92.5,18.08,8.6,0.0,0,No Rain
2025-05-07,LOC012,26.24,63.59,947.25,11.79,71.7,18.02,4.3,4.37,0,Light
2025-05-08,LOC012,25.26,54.34,948.47,11.85,58.6,15.55,10.8,0.0,0,No Rain
2025-05-09,LOC012,22.36,58.95,941.82,12.94,51.0,14.57,16.9,30.77,0,Moderate
2025-05-10,LOC012,25.06,40.67,947.47,15.38,89.9,13.73,37.1,0.0,0,No Rain
2025-05-11,LOC012,25.95,50.56,948.16,14.84,70.6,15.47,16.0,0.0,0,No Rain
2025-05-12,LOC012,27.46,48.22,948.14,15.08,341.8,17.18,18.1,0.0,0,No Rain
2025-05-13,LOC012,24.39,49.04,944.42,12.48,55.9,13.36,9.0,0.0,0,No Rain
2025-05-14,LOC012,27.65,60.01,941.61,11.73,55.7,19.09,5.0,0.0,0,No Rain
2025-05-15,LOC012,27.3,62.22,946.13,18.32,120.4,19.82,32.5,0.0,0,No Rain
2025-05-16,LOC012,26.77,52.25,945.72,10.98,60.6,17.23,24.0,0.0,0,No Rain
2025-05-17,LOC012,23.92,73.14,946.24,12.99,96.9,18.81,18.9,0.0,0,No Rain
2025-05-18,LOC012,26.65,51.22,948.74,15.26,17.3,15.11,16.8,28.99,0,Moderate
2025-05-19,LOC012,29.05,67.7,947.07,11.27,352.3,22.48,9.5,0.0,0,No Rain
2025-05-20,LOC012,21.94,43.8,946.46,11.38,346.4,9.42,12.1,0.0,0,No Rain
2025-05-21,LOC012,24.06,48.58,948.22,11.53,73.3,13.6,29.7,0.0,0,No Rain
2025-05-22,LOC012,24.73,71.89,950.16,13.22,33.4,18.38,27.8,0.0,0,No Rain
2025-05-23,LOC012,27.17,54.34,948.59,12.41,82.5,18.4,9.8,0.0,0,No Rain
2025-05-24,LOC012,26.21,55.19,946.05,12.01,68.5,16.14,24.4,0.0,0,No Rain
2025-05-25,LOC012,28.81,58.79,949.71,10.75,45.9,21.36,16.4,14.37,0,Light
2025-05-26,LOC012,28.23,52.71,950.08,14.87,58.8,19.43,4.4,0.0,0,No Rain
2025-05-27,LOC012,25.88,60.04,949.9,14.25,41.1,17.52,15.0,0.0,0,No Rain
2025-05-28,LOC012,24.07,56.18,947.97,10.94,55.1,15.53,8.5,0.0,0,No Rain
2025-05-29,LOC012,26.98,55.11,943.63,11.3,107.5,18.06,22.0,0.0,0,No Rain
2025-05-30,LOC012,24.26,47.92,943.37,11.8,125.1,14.17,5.8,0.0,0,No Rain
2025-05-31,LOC012,24.65,55.97,950.28,12.53,56.7,15.96,0.0,16.29,0,Moderate
2025-06-01,LOC012,21.67,62.44,945.46,16.55,105.9,13.77,36.1,0.0,0,No Rain
2025-06-02,LOC012,20.98,72.42,941.57,19.98,47.7,15.31,27.9,0.0,0,No Rain
2025-06-03,LOC012,25.88,62.86,944.07,19.24,0.7,18.24,63.1,0.0,0,No Rain
2025-06-04,LOC012,25.23,69.21,940.68,19.11,343.2,18.8,39.3,0.0,0,No Rain
2025-06-05,LOC012,21.49,72.39,941.34,16.9,26.9,15.18,47.2,0.0,0,No Rain
2025-06-06,LOC012,24.43,68.23,940.0,23.53,83.9,18.0,49.2,35.4,0,Moderate
2025-06-07,LOC012,26.58,59.5,936.7,16.81,28.3,19.13,23.1,0.0,0,No Rain
2025-06-08,LOC012,27.0,70.99,946.67,16.43,62.7,20.6,24.7,0.0,0,No Rain
2025-06-09,LOC012,26.37,56.72,941.5,14.92,55.4,17.36,52.8,0.0,0,No Rain
2025-06-10,LOC012,27.2,58.31,942.99,17.19,5.1,19.1,36.8,34.37,0,Moderate
2025-06-11,LOC012,24.29,67.15,945.31,16.03,20.6,18.61,36.7,1.5,0,Light
2025-06-12,LOC012,25.26,64.31,942.49,16.84,58.2,19.02,34.5,0.0,0,No Rain
2025-06-13,LOC012,26.12,66.94,949.02,24.83,11.2,18.91,47.2,14.9,0,Light
2025-06-14,LOC012,24.22,70.64,946.4,18.74,359.5,18.94,40.6,1.29,0,Light
2025-06-15,LOC012,28.43,76.81,946.23,25.46,38.6,23.64,25.7,0.0,0,No Rain
2025-06-16,LOC012,22.17,72.08,945.88,19.78,99.9,16.74,32.2,0.0,0,No Rain
2025-06-17,LOC012,25.91,72.9,938.8,15.68,43.7,19.7,53.2,0.0,0,No Rain
2025-06-18,LOC012,27.31,69.14,945.02,17.5,70.7,21.3,39.2,0.0,0,No Rain
2025-06-19,LOC012,27.48,68.68,946.78,23.58,75.3,21.21,18.0,48.06,0,Moderate
2025-06-20,LOC012,27.54,68.63,942.99,25.88,33.2,21.44,36.3,1.07,0,Light
2025-06-21,LOC012,25.65,76.69,940.59,15.84,49.0,21.46,30.5,0.0,0,No Rain
2025-06-22,LOC012,23.91,63.22,941.53,19.19,74.0,17.08,34.4,6.12,0,Light
2025-06-23,LOC012,25.77,71.15,943.86,15.29,130.9,20.17,37.0,0.0,0,No Rain
2025-06-24,LOC012,26.17,63.31,942.83,25.45,10.2,18.33,53.4,45.15,0,Moderate
2025-06-25,LOC012,24.79,61.95,943.08,16.15,18.0,16.88,32.6,5.63,0,Light
2025-06-26,LOC012,28.22,78.91,942.79,23.13,93.5,24.45,30.7,15.5,0,Light
2025-06-27,LOC012,27.64,67.21,942.14,16.71,347.5,22.81,37.2,34.83,0,Moderate
2025-06-28,LOC012,24.31,72.59,939.68,15.57,345.8,17.46,41.7,0.0,0,No Rain
2025-06-29,LOC012,20.86,68.45,942.7,14.9,127.3,14.99,49.7,26.2,0,Moderate
2025-06-30,LOC012,27.82,74.44,945.11,21.93,72.1,21.96,33.1,0.0,0,No Rain
2025-07-01,LOC012,21.24,78.16,939.46,38.87,43.1,16.41,62.4,1.99,0,Light
2025-07-02,LOC012,22.76,87.94,927.52,28.05,64.2,20.32,73.3,5.88,0,Light
2025-07-03,LOC012,24.68,78.07,940.8,24.71,23.2,20.22,79.8,16.0,0,Moderate
2025-07-04,LOC012,21.75,79.25,931.56,25.88,99.4,17.98,87.8,0.0,0,No Rain
2025-07-05,LOC012,24.68,90.66,938.64,23.38,338.0,23.24,90.4,64.0,0,Moderate
2025-07-06,LOC012,22.72,83.49,939.18,24.38,9.4,20.69,74.2,0.0,0,No Rain
2025-07-07,LOC012,24.25,95.95,937.17,30.97,52.9,24.28,81.4,11.27,0,Light
2025-07-08,LOC012,22.32,94.9,939.84,25.24,12.5,20.25,80.3,64.0,0,Moderate
2025-07-09,LOC012,23.71,93.63,934.65,30.58,120.2,22.15,82.2,0.0,0,No Rain
2025-07-10,LOC012,24.4,92.35,936.91,24.82,112.7,23.15,69.7,16.0,0,Moderate
2025-07-11,LOC012,26.14,80.5,939.23,24.77,30.1,22.1,94.1,2.62,0,Light
2025-07-12,LOC012,24.98,85.82,936.98,23.43,17.5,23.08,100.0,0.5,0,Light
2025-07-13,LOC012,24.97,84.03,935.54,28.88,110.0,20.47,83.9,3.39,0,Light
2025-07-14,LOC012,27.66,96.01,928.16,29.84,145.8,26.02,85.7,16.0,0,Moderate
2025-07-15,LOC012,28.01,89.89,938.52,25.72,10.4,26.37,78.1,4.51,0,Light
2025-07-16,LOC012,23.61,91.93,928.76,28.63,37.2,22.28,79.9,2.03,0,Light
2025-07-17,LOC012,23.24,86.51,937.06,27.93,348.6,20.1,66.3,3.01,0,Light
2025-07-18,LOC012,24.52,77.47,936.63,39.44,90.1,19.42,71.5,8.36,0,Light
2025-07-19,LOC012,24.97,85.46,930.73,29.86,12.3,20.34,86.5,0.71,0,Light
2025-07-20,LOC012,24.48,84.56,936.87,24.04,16.8,21.66,100.0,21.83,0,Moderate
2025-07-21,LOC012,26.76,86.05,934.16,33.22,86.0,23.27,83.7,0.87,0,Light
2025-07-22,LOC012,24.72,75.49,937.36,32.6,115.5,20.01,83.9,33.42,0,Moderate
2025-07-23,LOC012,26.27,84.51,932.92,24.26,78.1,22.08,73.6,0.0,0,No Rain
2025-07-24,LOC012,26.36,80.02,938.94,24.91,79.7,22.29,100.0,45.32,0,Moderate
2025-07-25,LOC012,24.35,79.56,939.82,23.59,42.8,20.06,83.4,16.0,0,Moderate
2025-07-26,LOC012,23.98,76.5,939.22,25.02,211.6,19.14,83.8,27.7,0,Moderate
2025-07-27,LOC012,23.99,84.24,934.33,26.82,62.2,19.12,83.6,0.0,0,No Rain
2025-07-28,LOC012,28.44,95.83,936.15,31.27,28.3,28.21,91.9,0.0,0,No Rain
2025-07-29,LOC012,25.83,74.1,936.01,24.1,9.4,21.54,70.9,0.0,0,No Rain
2025-07-30,LOC012,23.58,75.3,936.86,28.79,137.2,18.38,77.4,0.0,0,No Rain
2025-07-31,LOC012,27.19,88.2,936.86,27.06,64.9,25.41,78.7,16.0,0,Moderate
2025-08-01,LOC012,24.89,81.55,940.18,45.48,19.9,22.66,94.3,25.66,0,Moderate
2025-08-02,LOC012,26.87,82.91,935.85,30.86,108.8,24.1,95.6,7.28,0,Light
2025-08-03,LOC012,27.37,82.18,937.23,24.12,2.7,23.84,76.0,33.27,0,Moderate
2025-08-04,LOC012,25.3,76.3,939.76,24.48,71.6,20.78,89.3,33.79,0,Moderate
2025-08-05,LOC012,22.43,87.61,934.6,26.11,41.8,18.86,90.2,2.31,0,Light
2025-08-06,LOC012,24.43,87.41,934.19,35.88,350.4,21.86,79.4,1.17,0,Light
2025-08-07,LOC012,28.62,85.91,939.91,36.37,40.3,26.14,79.9,39.47,0,Moderate
2025-08-08,LOC012,26.86,90.9,925.36,26.75,107.5,25.84,88.7,3.43,0,Light
2025-08-09,LOC012,27.87,82.86,938.8,24.76,44.3,25.66,79.5,0.0,0,No Rain
2025-08-10,LOC012,25.46,95.75,940.73,27.0,159.6,25.99,83.1,65.0,1,Heavy
2025-08-11,LOC012,27.64,93.5,927.62,28.05,12.8,24.96,67.7,120.92,1,Very/Extremely Heavy
2025-08-12,LOC012,24.29,78.03,937.59,33.39,67.0,20.78,84.1,39.73,0,Moderate
2025-08-13,LOC012,29.09,82.16,934.95,23.31,123.7,24.66,75.1,16.0,0,Moderate
2025-08-14,LOC012,29.16,78.25,937.61,23.61,30.1,24.54,91.6,0.0,0,No Rain
2025-08-15,LOC012,24.8,88.5,935.04,24.21,79.5,22.51,81.0,4.76,0,Light
2025-08-16,LOC012,28.12,82.58,941.11,25.6,88.5,24.96,82.5,64.0,0,Moderate
2025-08-17,LOC012,25.36,83.9,923.79,26.36,53.1,21.18,86.0,6.65,0,Light
2025-08-18,LOC012,24.68,79.81,934.2,28.03,67.6,19.67,79.2,31.67,0,Moderate
2025-08-19,LOC012,28.68,85.9,929.93,27.65,81.0,25.55,88.3,1.55,0,Light
2025-08-20,LOC012,27.1,87.68,936.04,25.94,23.8,24.15,88.5,131.28,1,Very/Extremely Heavy
2025-08-21,LOC012,27.49,82.08,937.01,25.77,94.2,22.21,68.8,1.22,0,Light
2025-08-22,LOC012,28.68,88.55,930.68,27.94,102.0,26.53,80.7,128.16,1,Very/Extremely Heavy
2025-08-23,LOC012,28.97,83.62,938.43,24.21,3.4,25.29,94.0,0.67,0,Light
2025-08-24,LOC012,25.74,85.08,931.8,30.59,4.3,22.69,66.1,18.73,0,Moderate
2025-08-25,LOC012,29.48,94.11,939.33,25.65,73.3,28.83,100.0,65.0,1,Heavy
2025-08-26,LOC012,26.12,84.17,938.08,32.53,89.5,23.75,60.7,2.42,0,Light
2025-08-27,LOC012,31.3,90.21,938.08,27.74,20.4,28.23,74.9,0.59,0,Light
2025-08-28,LOC012,30.06,88.59,934.18,24.25,68.5,27.57,70.8,4.02,0,Light
2025-08-29,LOC012,29.2,75.81,935.24,24.46,28.4,25.24,84.5,0.0,0,No Rain
2025-08-30,LOC012,26.2,80.05,938.1,30.21,54.2,21.89,71.9,16.0,0,Moderate
2025-08-31,LOC012,29.74,84.74,937.63,23.47,88.6,27.91,79.8,1.28,0,Light
2025-09-01,LOC012,32.35,70.6,940.21,21.23,50.7,25.43,47.1,0.0,0,No Rain
2025-09-02,LOC012,31.62,64.87,940.2,20.39,94.4,24.81,43.3,0.0,0,No Rain
2025-09-03,LOC012,34.0,58.27,943.9,19.82,109.5,26.42,42.8,0.0,0,No Rain
2025-09-04,LOC012,33.68,68.09,944.8,20.15,56.4,27.32,40.1,49.13,0,Moderate
2025-09-05,LOC012,31.71,66.3,943.14,16.07,89.1,25.2,48.7,0.0,0,No Rain
2025-09-06,LOC012,29.89,64.03,943.85,15.07,41.4,22.13,54.1,123.39,1,Very/Extremely Heavy
2025-09-07,LOC012,30.72,59.94,940.89,20.62,63.4,22.6,31.1,0.0,0,No Rain
2025-09-08,LOC012,30.84,71.08,947.64,16.52,73.4,24.3,42.0,0.0,0,No Rain
2025-09-09,LOC012,30.14,61.76,941.28,33.22,103.5,21.89,34.7,0.0,0,No Rain
2025-09-10,LOC012,33.94,73.06,947.84,15.5,77.1,27.67,28.4,0.0,0,No Rain
2025-09-11,LOC012,32.69,75.91,944.83,17.81,60.7,26.61,47.5,8.56,0,Light
2025-09-12,LOC012,30.15,71.35,944.46,27.6,106.3,24.93,58.1,0.0,0,No Rain
2025-09-13,LOC012,32.52,66.59,938.86,16.88,76.9,25.66,35.4,0.0,0,No Rain
2025-09-14,LOC012,32.51,67.87,943.84,22.35,95.7,25.52,25.7,68.93,1,Heavy
2025-09-15,LOC012,33.4,78.52,944.21,18.29,102.4,29.37,37.6,0.0,0,No Rain
2025-09-16,LOC012,29.36,63.98,945.81,18.55,96.5,23.59,24.5,0.0,0,No Rain
2025-09-17,LOC012,31.7,66.8,942.05,27.07,34.1,25.47,24.7,0.0,0,No Rain
2025-09-18,LOC012,32.34,77.18,945.56,15.12,101.0,28.0,22.8,0.0,0,No Rain
2025-09-19,LOC012,32.3,61.18,943.51,15.33,44.3,23.59,44.6,35.46,0,Moderate
2025-09-20,LOC012,29.67,70.33,935.04,16.28,25.1,23.31,39.2,0.0,0,No Rain
2025-09-21,LOC012,33.25,70.26,941.84,15.63,20.8,27.1,50.5,0.0,0,No Rain
2025-09-22,LOC012,30.67,63.71,938.95,15.4,115.4,23.05,37.7,0.0,0,No Rain
2025-09-23,LOC012,32.54,56.72,941.93,22.03,118.1,23.77,58.8,19.22,0,Moderate
2025-09-24,LOC012,32.31,58.96,943.91,15.94,13.3,24.21,32.2,10.13,0,Light
2025-09-25,LOC012,33.45,59.02,944.24,20.06,354.1,26.0,55.1,0.0,0,No Rain
2025-09-26,LOC012,30.3,66.9,941.36,21.62,39.5,24.13,49.1,1.18,0,Light
2025-09-27,LOC012,29.36,65.14,941.21,21.59,61.7,21.96,34.0,0.0,0,No Rain
2025-09-28,LOC012,29.51,68.75,940.48,15.81,13.8,21.84,40.4,0.0,0,No Rain
2025-09-29,LOC012,32.57,73.14,942.34,17.45,79.3,27.16,49.8,0.0,0,No Rain
2025-09-30,LOC012,32.2,62.04,943.75,15.99,359.5,24.84,22.9,0.0,0,No Rain
2025-10-01,LOC012,31.43,55.68,945.26,17.09,111.1,21.98,20.4,10.14,0,Light
2025-10-02,LOC012,33.28,54.58,946.5,11.72,342.9,24.57,4.3,0.0,0,No Rain
2025-10-03,LOC012,35.33,58.03,950.72,14.61,24.6,25.82,5.3,0.0,0,No Rain
2025-10-04,LOC012,32.78,55.09,942.23,14.41,140.9,23.9,20.8,0.0,0,No Rain
2025-10-05,LOC012,34.12,56.71,947.99,13.7,321.5,24.57,30.7,0.0,0,No Rain
2025-10-06,LOC012,33.29,64.6,950.0,12.97,70.3,25.3,13.0,6.62,0,Light
2025-10-07,LOC012,33.94,53.57,944.3,11.44,11.5,26.5,14.5,0.0,0,No Rain
2025-10-08,LOC012,35.18,54.36,948.83,15.24,46.5,26.15,17.3,11.93,0,Light
2025-10-09,LOC012,35.58,41.18,947.1,12.07,93.3,21.99,21.3,0.0,0,No Rain
2025-10-10,LOC012,34.85,55.1,945.98,11.57,119.3,26.47,11.5,0.0,0,No Rain
2025-10-11,LOC012,32.3,63.52,949.48,11.38,16.1,24.5,12.7,0.0,0,No Rain
2025-10-12,LOC012,34.53,70.87,944.52,13.06,29.1,28.81,33.3,0.0,0,No Rain
2025-10-13,LOC012,32.81,59.06,942.7,13.71,45.8,24.69,7.0,0.0,0,No Rain
2025-10-14,LOC012,35.61,52.6,942.86,14.43,27.0,25.75,9.6,3.23,0,Light
2025-10-15,LOC012,38.62,56.14,944.24,11.23,14.5,30.2,8.2,0.0,0,No Rain
2025-10-16,LOC012,31.79,52.08,944.52,16.1,340.1,22.26,21.3,0.0,0,No Rain
2025-10-17,LOC012,37.46,53.88,941.88,14.78,20.5,29.49,17.6,0.73,0,Light
2025-10-18,LOC012,35.37,53.57,952.0,10.96,8.1,27.24,12.7,0.0,0,No Rain
2025-10-19,LOC012,31.82,52.21,948.62,10.9,15.7,21.94,17.9,0.0,0,No Rain
2025-10-20,LOC012,32.26,48.97,941.24,13.37,27.8,22.2,20.0,0.0,0,No Rain
2025-10-21,LOC012,34.31,63.37,946.6,12.5,107.9,26.27,7.3,0.0,0,No Rain
2025-10-22,LOC012,32.13,61.67,945.56,12.04,97.4,23.9,29.7,0.0,0,No Rain
2025-10-23,LOC012,34.33,60.65,949.41,12.64,93.7,28.48,17.3,0.0,0,No Rain
2025-10-24,LOC012,30.55,62.48,947.84,12.33,48.3,23.05,14.6,0.0,0,No Rain
2025-10-25,LOC012,36.06,59.26,944.46,12.47,9.3,28.01,10.9,0.0,0,No Rain
2025-10-26,LOC012,36.75,50.59,945.91,12.44,86.4,26.01,31.5,0.0,0,No Rain
2025-10-27,LOC012,35.41,55.89,947.99,12.5,88.1,27.16,12.9,0.0,0,No Rain
2025-10-28,LOC012,32.46,52.41,946.37,15.64,81.4,23.98,10.6,0.5,0,Light
2025-10-29,LOC012,35.76,55.57,943.08,24.17,59.7,26.61,0.0,0.0,0,No Rain
2025-10-30,LOC012,35.36,67.69,950.77,30.0,28.9,28.96,29.1,0.0,0,No Rain
2025-10-31,LOC012,33.8,59.71,947.25,10.74,59.1,25.94,19.4,0.0,0,No Rain
2025-11-01,LOC012,33.52,58.07,947.35,10.17,29.1,25.65,25.6,0.0,0,No Rain
2025-11-02,LOC012,34.86,52.58,947.73,15.26,39.4,25.73,26.9,0.0,0,No Rain
2025-11-03,LOC012,38.15,52.85,943.84,18.57,78.3,29.74,8.1,0.0,0,No Rain
2025-11-04,LOC012,34.04,47.92,950.63,18.85,15.5,24.8,18.9,0.0,0,No Rain
2025-11-05,LOC012,35.1,68.11,946.89,14.26,86.3,27.84,15.0,0.0,0,No Rain
2025-11-06,LOC012,33.55,64.84,946.91,14.93,90.6,26.71,0.0,46.09,0,Moderate
2025-11-07,LOC012,35.75,52.31,949.75,10.57,36.4,25.9,17.3,0.0,0,No Rain
2025-11-08,LOC012,33.45,52.6,945.73,20.9,71.4,23.44,27.6,0.0,0,No Rain
2025-11-09,LOC012,36.86,64.55,946.95,12.71,139.6,29.88,15.6,0.0,0,No Rain
2025-11-10,LOC012,35.32,45.75,945.44,10.64,1.0,24.91,12.3,0.0,0,No Rain
2025-11-11,LOC012,33.21,59.9,947.29,12.35,33.4,24.48,25.8,0.0,0,No Rain
2025-11-12,LOC012,33.99,48.56,948.62,10.32,38.0,23.99,30.5,0.0,0,No Rain
2025-11-13,LOC012,37.84,62.45,948.14,10.22,143.5,31.29,15.8,0.0,0,No Rain
2025-11-14,LOC012,37.63,62.66,946.52,12.69,47.6,29.11,13.1,0.0,0,No Rain
2025-11-15,LOC012,33.79,60.63,944.99,11.85,21.7,25.32,0.0,0.0,0,No Rain
2025-11-16,LOC012,32.46,62.08,944.86,14.0,60.6,24.53,16.6,0.0,0,No Rain
2025-11-17,LOC012,31.56,56.08,946.48,18.29,5.9,22.85,4.0,0.0,0,No Rain
2025-11-18,LOC012,37.8,49.77,952.57,17.37,37.8,28.82,34.8,0.0,0,No Rain
2025-11-19,LOC012,33.72,65.12,947.66,18.74,87.2,26.35,30.7,0.0,0,No Rain
2025-11-20,LOC012,36.91,55.72,944.51,14.43,61.0,28.61,16.0,0.0,0,No Rain
2025-11-21,LOC012,34.24,60.45,942.85,12.1,42.5,25.71,30.6,0.0,0,No Rain
2025-11-22,LOC012,35.99,50.6,948.43,18.45,66.1,26.12,14.3,0.0,0,No Rain
2025-11-23,LOC012,37.39,59.98,947.02,23.06,62.9,29.95,2.4,0.0,0,No Rain
2025-11-24,LOC012,35.41,54.73,948.45,11.12,4.3,27.68,12.0,0.0,0,No Rain
2025-11-25,LOC012,35.68,61.57,946.71,18.12,95.9,28.52,2.4,0.0,0,No Rain
2025-11-26,LOC012,35.57,54.31,944.88,16.23,64.8,25.65,2.2,0.0,0,No Rain
2025-11-27,LOC012,35.51,48.97,952.68,10.4,87.6,26.68,0.0,0.0,0,No Rain
2025-11-28,LOC012,36.35,47.67,945.17,10.45,106.1,26.08,20.7,0.0,0,No Rain
2025-11-29,LOC012,36.3,49.55,947.32,13.08,104.4,26.05,19.4,0.0,0,No Rain
2025-11-30,LOC012,34.72,49.24,948.65,11.38,16.2,25.16,9.1,0.0,0,No Rain
2025-12-01,LOC012,37.8,52.32,945.79,23.07,99.1,28.82,6.3,0.0,0,No Rain
2025-12-02,LOC012,33.52,52.82,943.41,14.34,80.9,23.0,9.7,0.0,0,No Rain
2025-12-03,LOC012,35.8,51.04,944.74,19.26,108.4,27.83,37.3,0.0,0,No Rain
2025-12-04,LOC012,34.25,59.56,943.71,16.68,94.4,24.66,24.3,0.0,0,No Rain
2025-12-05,LOC012,34.87,55.14,947.95,19.03,2.2,25.41,6.8,3.54,0,Light
2025-12-06,LOC012,36.78,53.43,947.82,28.17,87.6,29.23,19.0,0.0,0,No Rain
2025-12-07,LOC012,34.95,57.94,949.3,10.47,47.8,26.74,22.9,0.0,0,No Rain
2025-12-08,LOC012,28.07,66.52,945.22,11.59,45.6,20.77,17.0,0.0,0,No Rain
2025-12-09,LOC012,36.74,57.77,946.68,13.28,94.3,28.77,17.5,0.0,0,No Rain
2025-12-10,LOC012,40.23,38.16,949.76,15.01,355.0,27.97,24.6,0.0,0,No Rain
2025-12-11,LOC012,33.42,64.47,947.95,10.11,86.8,27.12,23.9,0.0,0,No Rain
2025-12-12,LOC012,34.92,60.06,946.84,13.67,17.0,27.21,16.3,0.0,0,No Rain
2025-12-13,LOC012,40.02,61.9,948.49,16.44,34.6,31.62,35.3,0.0,0,No Rain
2025-12-14,LOC012,36.51,47.93,946.71,13.02,7.9,27.54,1.4,64.0,0,Moderate
2025-12-15,LOC012,36.31,40.78,944.11,13.55,153.6,24.31,17.5,0.0,0,No Rain
2025-12-16,LOC012,35.56,44.49,943.68,10.13,78.2,24.46,18.0,0.0,0,No Rain
2025-12-17,LOC012,38.19,52.85,945.76,13.91,27.8,28.54,6.1,0.0,0,No Rain
2025-12-18,LOC012,33.2,53.16,945.76,13.0,28.0,23.46,10.2,0.0,0,No Rain
2025-12-19,LOC012,37.0,44.26,947.0,21.16,84.2,25.4,21.5,0.0,0,No Rain
2025-12-20,LOC012,35.83,49.15,948.67,15.13,55.8,25.89,17.3,0.0,0,No Rain
2025-12-21,LOC012,34.84,51.59,952.16,12.85,111.2,24.97,15.7,0.0,0,No Rain
2025-12-22,LOC012,34.72,50.81,949.14,15.11,23.9,24.21,25.4,0.0,0,No Rain
2025-12-23,LOC012,32.79,48.59,942.28,12.74,86.3,22.9,24.0,0.0,0,No Rain
2025-12-24,LOC012,33.41,53.7,946.07,11.97,70.0,23.56,0.6,0.0,0,No Rain
2025-12-25,LOC012,35.04,46.78,944.61,18.49,58.3,23.62,11.3,0.0,0,No Rain
2025-12-26,LOC012,35.11,56.32,946.46,14.17,9.1,26.61,18.8,0.0,0,No Rain
2025-12-27,LOC012,33.84,65.02,944.54,12.17,90.9,26.16,7.2,0.0,0,No Rain
2025-12-28,LOC012,35.48,48.57,950.88,12.96,67.9,24.75,19.5,0.0,0,No Rain
2025-12-29,LOC012,33.12,51.22,945.66,20.29,102.8,23.36,1.2,0.0,0,No Rain
2025-12-30,LOC012,34.66,48.76,943.86,12.01,19.4,25.32,0.0,0.0,0,No Rain
2025-12-31,LOC012,33.79,54.46,947.68,10.99,62.0,24.96,12.6,0.0,0,No Rain
